:0200000460009A
:100000004643464200000156000000000103030081
:1000100000000000000000000000000000000000E0
:1000200000000000000000000000000000000000D0
:1000300000000000000000000000000000000000C0
:1000400000000000010408000000000000000000A3
:100050000000800000000000000000000000000020
:100060000000000000000000000000000000000090
:100070000000000000000000000000000000000080
:10008000EB04180A063204260000000000000000FD
:10009000050404240000000000000000000000002F
:1000A0000000000000000000000000000000000050
:1000B0000604000000000000000000000000000036
:1000C0000000000000000000000000000000000030
:1000D00020041808000000000000000000000000DC
:1000E0000000000000000000000000000000000010
:1000F0000000000000000000000000000000000000
:10010000D8041808000000000000000000000000F3
:100110000204180804200000000000000000000095
:1001200000000000000000000000000000000000CF
:10013000600400000000000000000000000000005B
:1001400000000000000000000000000000000000AF
:10015000000000000000000000000000000000009F
:10016000000000000000000000000000000000008F
:10017000000000000000000000000000000000007F
:10018000000000000000000000000000000000006F
:10019000000000000000000000000000000000005F
:1001A000000000000000000000000000000000004F
:1001B000000000000000000000000000000000003F
:1001C000000100000010000001000000000000001D
:1001D000000001000000000000000000000000001E
:1001E000000000000000000000000000000000000F
:1001F00000000000000000000000000000000000FF
:10020000FFFFFFFFFFFFFFFFFFFFFFFFFFFFFFFFFE
:10021000FFFFFFFFFFFFFFFFFFFFFFFFFFFFFFFFEE
:10022000FFFFFFFFFFFFFFFFFFFFFFFFFFFFFFFFDE
:10023000FFFFFFFFFFFFFFFFFFFFFFFFFFFFFFFFCE
:10024000FFFFFFFFFFFFFFFFFFFFFFFFFFFFFFFFBE
:10025000FFFFFFFFFFFFFFFFFFFFFFFFFFFFFFFFAE
:10026000FFFFFFFFFFFFFFFFFFFFFFFFFFFFFFFF9E
:10027000FFFFFFFFFFFFFFFFFFFFFFFFFFFFFFFF8E
:10028000FFFFFFFFFFFFFFFFFFFFFFFFFFFFFFFF7E
:10029000FFFFFFFFFFFFFFFFFFFFFFFFFFFFFFFF6E
:1002A000FFFFFFFFFFFFFFFFFFFFFFFFFFFFFFFF5E
:1002B000FFFFFFFFFFFFFFFFFFFFFFFFFFFFFFFF4E
:1002C000FFFFFFFFFFFFFFFFFFFFFFFFFFFFFFFF3E
:1002D000FFFFFFFFFFFFFFFFFFFFFFFFFFFFFFFF2E
:1002E000FFFFFFFFFFFFFFFFFFFFFFFFFFFFFFFF1E
:1002F000FFFFFFFFFFFFFFFFFFFFFFFFFFFFFFFF0E
:10030000FFFFFFFFFFFFFFFFFFFFFFFFFFFFFFFFFD
:10031000FFFFFFFFFFFFFFFFFFFFFFFFFFFFFFFFED
:10032000FFFFFFFFFFFFFFFFFFFFFFFFFFFFFFFFDD
:10033000FFFFFFFFFFFFFFFFFFFFFFFFFFFFFFFFCD
:10034000FFFFFFFFFFFFFFFFFFFFFFFFFFFFFFFFBD
:10035000FFFFFFFFFFFFFFFFFFFFFFFFFFFFFFFFAD
:10036000FFFFFFFFFFFFFFFFFFFFFFFFFFFFFFFF9D
:10037000FFFFFFFFFFFFFFFFFFFFFFFFFFFFFFFF8D
:10038000FFFFFFFFFFFFFFFFFFFFFFFFFFFFFFFF7D
:10039000FFFFFFFFFFFFFFFFFFFFFFFFFFFFFFFF6D
:1003A000FFFFFFFFFFFFFFFFFFFFFFFFFFFFFFFF5D
:1003B000FFFFFFFFFFFFFFFFFFFFFFFFFFFFFFFF4D
:1003C000FFFFFFFFFFFFFFFFFFFFFFFFFFFFFFFF3D
:1003D000FFFFFFFFFFFFFFFFFFFFFFFFFFFFFFFF2D
:1003E000FFFFFFFFFFFFFFFFFFFFFFFFFFFFFFFF1D
:1003F000FFFFFFFFFFFFFFFFFFFFFFFFFFFFFFFF0D
:10040000FFFFFFFFFFFFFFFFFFFFFFFFFFFFFFFFFC
:10041000FFFFFFFFFFFFFFFFFFFFFFFFFFFFFFFFEC
:10042000FFFFFFFFFFFFFFFFFFFFFFFFFFFFFFFFDC
:10043000FFFFFFFFFFFFFFFFFFFFFFFFFFFFFFFFCC
:10044000FFFFFFFFFFFFFFFFFFFFFFFFFFFFFFFFBC
:10045000FFFFFFFFFFFFFFFFFFFFFFFFFFFFFFFFAC
:10046000FFFFFFFFFFFFFFFFFFFFFFFFFFFFFFFF9C
:10047000FFFFFFFFFFFFFFFFFFFFFFFFFFFFFFFF8C
:10048000FFFFFFFFFFFFFFFFFFFFFFFFFFFFFFFF7C
:10049000FFFFFFFFFFFFFFFFFFFFFFFFFFFFFFFF6C
:1004A000FFFFFFFFFFFFFFFFFFFFFFFFFFFFFFFF5C
:1004B000FFFFFFFFFFFFFFFFFFFFFFFFFFFFFFFF4C
:1004C000FFFFFFFFFFFFFFFFFFFFFFFFFFFFFFFF3C
:1004D000FFFFFFFFFFFFFFFFFFFFFFFFFFFFFFFF2C
:1004E000FFFFFFFFFFFFFFFFFFFFFFFFFFFFFFFF1C
:1004F000FFFFFFFFFFFFFFFFFFFFFFFFFFFFFFFF0C
:10050000FFFFFFFFFFFFFFFFFFFFFFFFFFFFFFFFFB
:10051000FFFFFFFFFFFFFFFFFFFFFFFFFFFFFFFFEB
:10052000FFFFFFFFFFFFFFFFFFFFFFFFFFFFFFFFDB
:10053000FFFFFFFFFFFFFFFFFFFFFFFFFFFFFFFFCB
:10054000FFFFFFFFFFFFFFFFFFFFFFFFFFFFFFFFBB
:10055000FFFFFFFFFFFFFFFFFFFFFFFFFFFFFFFFAB
:10056000FFFFFFFFFFFFFFFFFFFFFFFFFFFFFFFF9B
:10057000FFFFFFFFFFFFFFFFFFFFFFFFFFFFFFFF8B
:10058000FFFFFFFFFFFFFFFFFFFFFFFFFFFFFFFF7B
:10059000FFFFFFFFFFFFFFFFFFFFFFFFFFFFFFFF6B
:1005A000FFFFFFFFFFFFFFFFFFFFFFFFFFFFFFFF5B
:1005B000FFFFFFFFFFFFFFFFFFFFFFFFFFFFFFFF4B
:1005C000FFFFFFFFFFFFFFFFFFFFFFFFFFFFFFFF3B
:1005D000FFFFFFFFFFFFFFFFFFFFFFFFFFFFFFFF2B
:1005E000FFFFFFFFFFFFFFFFFFFFFFFFFFFFFFFF1B
:1005F000FFFFFFFFFFFFFFFFFFFFFFFFFFFFFFFF0B
:10060000FFFFFFFFFFFFFFFFFFFFFFFFFFFFFFFFFA
:10061000FFFFFFFFFFFFFFFFFFFFFFFFFFFFFFFFEA
:10062000FFFFFFFFFFFFFFFFFFFFFFFFFFFFFFFFDA
:10063000FFFFFFFFFFFFFFFFFFFFFFFFFFFFFFFFCA
:10064000FFFFFFFFFFFFFFFFFFFFFFFFFFFFFFFFBA
:10065000FFFFFFFFFFFFFFFFFFFFFFFFFFFFFFFFAA
:10066000FFFFFFFFFFFFFFFFFFFFFFFFFFFFFFFF9A
:10067000FFFFFFFFFFFFFFFFFFFFFFFFFFFFFFFF8A
:10068000FFFFFFFFFFFFFFFFFFFFFFFFFFFFFFFF7A
:10069000FFFFFFFFFFFFFFFFFFFFFFFFFFFFFFFF6A
:1006A000FFFFFFFFFFFFFFFFFFFFFFFFFFFFFFFF5A
:1006B000FFFFFFFFFFFFFFFFFFFFFFFFFFFFFFFF4A
:1006C000FFFFFFFFFFFFFFFFFFFFFFFFFFFFFFFF3A
:1006D000FFFFFFFFFFFFFFFFFFFFFFFFFFFFFFFF2A
:1006E000FFFFFFFFFFFFFFFFFFFFFFFFFFFFFFFF1A
:1006F000FFFFFFFFFFFFFFFFFFFFFFFFFFFFFFFF0A
:10070000FFFFFFFFFFFFFFFFFFFFFFFFFFFFFFFFF9
:10071000FFFFFFFFFFFFFFFFFFFFFFFFFFFFFFFFE9
:10072000FFFFFFFFFFFFFFFFFFFFFFFFFFFFFFFFD9
:10073000FFFFFFFFFFFFFFFFFFFFFFFFFFFFFFFFC9
:10074000FFFFFFFFFFFFFFFFFFFFFFFFFFFFFFFFB9
:10075000FFFFFFFFFFFFFFFFFFFFFFFFFFFFFFFFA9
:10076000FFFFFFFFFFFFFFFFFFFFFFFFFFFFFFFF99
:10077000FFFFFFFFFFFFFFFFFFFFFFFFFFFFFFFF89
:10078000FFFFFFFFFFFFFFFFFFFFFFFFFFFFFFFF79
:10079000FFFFFFFFFFFFFFFFFFFFFFFFFFFFFFFF69
:1007A000FFFFFFFFFFFFFFFFFFFFFFFFFFFFFFFF59
:1007B000FFFFFFFFFFFFFFFFFFFFFFFFFFFFFFFF49
:1007C000FFFFFFFFFFFFFFFFFFFFFFFFFFFFFFFF39
:1007D000FFFFFFFFFFFFFFFFFFFFFFFFFFFFFFFF29
:1007E000FFFFFFFFFFFFFFFFFFFFFFFFFFFFFFFF19
:1007F000FFFFFFFFFFFFFFFFFFFFFFFFFFFFFFFF09
:10080000FFFFFFFFFFFFFFFFFFFFFFFFFFFFFFFFF8
:10081000FFFFFFFFFFFFFFFFFFFFFFFFFFFFFFFFE8
:10082000FFFFFFFFFFFFFFFFFFFFFFFFFFFFFFFFD8
:10083000FFFFFFFFFFFFFFFFFFFFFFFFFFFFFFFFC8
:10084000FFFFFFFFFFFFFFFFFFFFFFFFFFFFFFFFB8
:10085000FFFFFFFFFFFFFFFFFFFFFFFFFFFFFFFFA8
:10086000FFFFFFFFFFFFFFFFFFFFFFFFFFFFFFFF98
:10087000FFFFFFFFFFFFFFFFFFFFFFFFFFFFFFFF88
:10088000FFFFFFFFFFFFFFFFFFFFFFFFFFFFFFFF78
:10089000FFFFFFFFFFFFFFFFFFFFFFFFFFFFFFFF68
:1008A000FFFFFFFFFFFFFFFFFFFFFFFFFFFFFFFF58
:1008B000FFFFFFFFFFFFFFFFFFFFFFFFFFFFFFFF48
:1008C000FFFFFFFFFFFFFFFFFFFFFFFFFFFFFFFF38
:1008D000FFFFFFFFFFFFFFFFFFFFFFFFFFFFFFFF28
:1008E000FFFFFFFFFFFFFFFFFFFFFFFFFFFFFFFF18
:1008F000FFFFFFFFFFFFFFFFFFFFFFFFFFFFFFFF08
:10090000FFFFFFFFFFFFFFFFFFFFFFFFFFFFFFFFF7
:10091000FFFFFFFFFFFFFFFFFFFFFFFFFFFFFFFFE7
:10092000FFFFFFFFFFFFFFFFFFFFFFFFFFFFFFFFD7
:10093000FFFFFFFFFFFFFFFFFFFFFFFFFFFFFFFFC7
:10094000FFFFFFFFFFFFFFFFFFFFFFFFFFFFFFFFB7
:10095000FFFFFFFFFFFFFFFFFFFFFFFFFFFFFFFFA7
:10096000FFFFFFFFFFFFFFFFFFFFFFFFFFFFFFFF97
:10097000FFFFFFFFFFFFFFFFFFFFFFFFFFFFFFFF87
:10098000FFFFFFFFFFFFFFFFFFFFFFFFFFFFFFFF77
:10099000FFFFFFFFFFFFFFFFFFFFFFFFFFFFFFFF67
:1009A000FFFFFFFFFFFFFFFFFFFFFFFFFFFFFFFF57
:1009B000FFFFFFFFFFFFFFFFFFFFFFFFFFFFFFFF47
:1009C000FFFFFFFFFFFFFFFFFFFFFFFFFFFFFFFF37
:1009D000FFFFFFFFFFFFFFFFFFFFFFFFFFFFFFFF27
:1009E000FFFFFFFFFFFFFFFFFFFFFFFFFFFFFFFF17
:1009F000FFFFFFFFFFFFFFFFFFFFFFFFFFFFFFFF07
:100A0000FFFFFFFFFFFFFFFFFFFFFFFFFFFFFFFFF6
:100A1000FFFFFFFFFFFFFFFFFFFFFFFFFFFFFFFFE6
:100A2000FFFFFFFFFFFFFFFFFFFFFFFFFFFFFFFFD6
:100A3000FFFFFFFFFFFFFFFFFFFFFFFFFFFFFFFFC6
:100A4000FFFFFFFFFFFFFFFFFFFFFFFFFFFFFFFFB6
:100A5000FFFFFFFFFFFFFFFFFFFFFFFFFFFFFFFFA6
:100A6000FFFFFFFFFFFFFFFFFFFFFFFFFFFFFFFF96
:100A7000FFFFFFFFFFFFFFFFFFFFFFFFFFFFFFFF86
:100A8000FFFFFFFFFFFFFFFFFFFFFFFFFFFFFFFF76
:100A9000FFFFFFFFFFFFFFFFFFFFFFFFFFFFFFFF66
:100AA000FFFFFFFFFFFFFFFFFFFFFFFFFFFFFFFF56
:100AB000FFFFFFFFFFFFFFFFFFFFFFFFFFFFFFFF46
:100AC000FFFFFFFFFFFFFFFFFFFFFFFFFFFFFFFF36
:100AD000FFFFFFFFFFFFFFFFFFFFFFFFFFFFFFFF26
:100AE000FFFFFFFFFFFFFFFFFFFFFFFFFFFFFFFF16
:100AF000FFFFFFFFFFFFFFFFFFFFFFFFFFFFFFFF06
:100B0000FFFFFFFFFFFFFFFFFFFFFFFFFFFFFFFFF5
:100B1000FFFFFFFFFFFFFFFFFFFFFFFFFFFFFFFFE5
:100B2000FFFFFFFFFFFFFFFFFFFFFFFFFFFFFFFFD5
:100B3000FFFFFFFFFFFFFFFFFFFFFFFFFFFFFFFFC5
:100B4000FFFFFFFFFFFFFFFFFFFFFFFFFFFFFFFFB5
:100B5000FFFFFFFFFFFFFFFFFFFFFFFFFFFFFFFFA5
:100B6000FFFFFFFFFFFFFFFFFFFFFFFFFFFFFFFF95
:100B7000FFFFFFFFFFFFFFFFFFFFFFFFFFFFFFFF85
:100B8000FFFFFFFFFFFFFFFFFFFFFFFFFFFFFFFF75
:100B9000FFFFFFFFFFFFFFFFFFFFFFFFFFFFFFFF65
:100BA000FFFFFFFFFFFFFFFFFFFFFFFFFFFFFFFF55
:100BB000FFFFFFFFFFFFFFFFFFFFFFFFFFFFFFFF45
:100BC000FFFFFFFFFFFFFFFFFFFFFFFFFFFFFFFF35
:100BD000FFFFFFFFFFFFFFFFFFFFFFFFFFFFFFFF25
:100BE000FFFFFFFFFFFFFFFFFFFFFFFFFFFFFFFF15
:100BF000FFFFFFFFFFFFFFFFFFFFFFFFFFFFFFFF05
:100C0000FFFFFFFFFFFFFFFFFFFFFFFFFFFFFFFFF4
:100C1000FFFFFFFFFFFFFFFFFFFFFFFFFFFFFFFFE4
:100C2000FFFFFFFFFFFFFFFFFFFFFFFFFFFFFFFFD4
:100C3000FFFFFFFFFFFFFFFFFFFFFFFFFFFFFFFFC4
:100C4000FFFFFFFFFFFFFFFFFFFFFFFFFFFFFFFFB4
:100C5000FFFFFFFFFFFFFFFFFFFFFFFFFFFFFFFFA4
:100C6000FFFFFFFFFFFFFFFFFFFFFFFFFFFFFFFF94
:100C7000FFFFFFFFFFFFFFFFFFFFFFFFFFFFFFFF84
:100C8000FFFFFFFFFFFFFFFFFFFFFFFFFFFFFFFF74
:100C9000FFFFFFFFFFFFFFFFFFFFFFFFFFFFFFFF64
:100CA000FFFFFFFFFFFFFFFFFFFFFFFFFFFFFFFF54
:100CB000FFFFFFFFFFFFFFFFFFFFFFFFFFFFFFFF44
:100CC000FFFFFFFFFFFFFFFFFFFFFFFFFFFFFFFF34
:100CD000FFFFFFFFFFFFFFFFFFFFFFFFFFFFFFFF24
:100CE000FFFFFFFFFFFFFFFFFFFFFFFFFFFFFFFF14
:100CF000FFFFFFFFFFFFFFFFFFFFFFFFFFFFFFFF04
:100D0000FFFFFFFFFFFFFFFFFFFFFFFFFFFFFFFFF3
:100D1000FFFFFFFFFFFFFFFFFFFFFFFFFFFFFFFFE3
:100D2000FFFFFFFFFFFFFFFFFFFFFFFFFFFFFFFFD3
:100D3000FFFFFFFFFFFFFFFFFFFFFFFFFFFFFFFFC3
:100D4000FFFFFFFFFFFFFFFFFFFFFFFFFFFFFFFFB3
:100D5000FFFFFFFFFFFFFFFFFFFFFFFFFFFFFFFFA3
:100D6000FFFFFFFFFFFFFFFFFFFFFFFFFFFFFFFF93
:100D7000FFFFFFFFFFFFFFFFFFFFFFFFFFFFFFFF83
:100D8000FFFFFFFFFFFFFFFFFFFFFFFFFFFFFFFF73
:100D9000FFFFFFFFFFFFFFFFFFFFFFFFFFFFFFFF63
:100DA000FFFFFFFFFFFFFFFFFFFFFFFFFFFFFFFF53
:100DB000FFFFFFFFFFFFFFFFFFFFFFFFFFFFFFFF43
:100DC000FFFFFFFFFFFFFFFFFFFFFFFFFFFFFFFF33
:100DD000FFFFFFFFFFFFFFFFFFFFFFFFFFFFFFFF23
:100DE000FFFFFFFFFFFFFFFFFFFFFFFFFFFFFFFF13
:100DF000FFFFFFFFFFFFFFFFFFFFFFFFFFFFFFFF03
:100E0000FFFFFFFFFFFFFFFFFFFFFFFFFFFFFFFFF2
:100E1000FFFFFFFFFFFFFFFFFFFFFFFFFFFFFFFFE2
:100E2000FFFFFFFFFFFFFFFFFFFFFFFFFFFFFFFFD2
:100E3000FFFFFFFFFFFFFFFFFFFFFFFFFFFFFFFFC2
:100E4000FFFFFFFFFFFFFFFFFFFFFFFFFFFFFFFFB2
:100E5000FFFFFFFFFFFFFFFFFFFFFFFFFFFFFFFFA2
:100E6000FFFFFFFFFFFFFFFFFFFFFFFFFFFFFFFF92
:100E7000FFFFFFFFFFFFFFFFFFFFFFFFFFFFFFFF82
:100E8000FFFFFFFFFFFFFFFFFFFFFFFFFFFFFFFF72
:100E9000FFFFFFFFFFFFFFFFFFFFFFFFFFFFFFFF62
:100EA000FFFFFFFFFFFFFFFFFFFFFFFFFFFFFFFF52
:100EB000FFFFFFFFFFFFFFFFFFFFFFFFFFFFFFFF42
:100EC000FFFFFFFFFFFFFFFFFFFFFFFFFFFFFFFF32
:100ED000FFFFFFFFFFFFFFFFFFFFFFFFFFFFFFFF22
:100EE000FFFFFFFFFFFFFFFFFFFFFFFFFFFFFFFF12
:100EF000FFFFFFFFFFFFFFFFFFFFFFFFFFFFFFFF02
:100F0000FFFFFFFFFFFFFFFFFFFFFFFFFFFFFFFFF1
:100F1000FFFFFFFFFFFFFFFFFFFFFFFFFFFFFFFFE1
:100F2000FFFFFFFFFFFFFFFFFFFFFFFFFFFFFFFFD1
:100F3000FFFFFFFFFFFFFFFFFFFFFFFFFFFFFFFFC1
:100F4000FFFFFFFFFFFFFFFFFFFFFFFFFFFFFFFFB1
:100F5000FFFFFFFFFFFFFFFFFFFFFFFFFFFFFFFFA1
:100F6000FFFFFFFFFFFFFFFFFFFFFFFFFFFFFFFF91
:100F7000FFFFFFFFFFFFFFFFFFFFFFFFFFFFFFFF81
:100F8000FFFFFFFFFFFFFFFFFFFFFFFFFFFFFFFF71
:100F9000FFFFFFFFFFFFFFFFFFFFFFFFFFFFFFFF61
:100FA000FFFFFFFFFFFFFFFFFFFFFFFFFFFFFFFF51
:100FB000FFFFFFFFFFFFFFFFFFFFFFFFFFFFFFFF41
:100FC000FFFFFFFFFFFFFFFFFFFFFFFFFFFFFFFF31
:100FD000FFFFFFFFFFFFFFFFFFFFFFFFFFFFFFFF21
:100FE000FFFFFFFFFFFFFFFFFFFFFFFFFFFFFFFF11
:100FF000FFFFFFFFFFFFFFFFFFFFFFFFFFFFFFFF01
:10100000D10020434D1600600000000000000000E9
:1010100020100060001000600084036000000000E9
:10102000000000600090030000000000FFFFFFFFD1
:10103000FFFFFFFFFFFFFFFFFFFFFFFFFFFFFFFFC0
:10104000FFFFFFFFFFFFFFFFFFFFFFFFFFFFFFFFB0
:10105000FFFFFFFFFFFFFFFFFFFFFFFFFFFFFFFFA0
:10106000FFFFFFFFFFFFFFFFFFFFFFFFFFFFFFFF90
:10107000FFFFFFFFFFFFFFFFFFFFFFFFFFFFFFFF80
:10108000FFFFFFFFFFFFFFFFFFFFFFFFFFFFFFFF70
:10109000FFFFFFFFFFFFFFFFFFFFFFFFFFFFFFFF60
:1010A000FFFFFFFFFFFFFFFFFFFFFFFFFFFFFFFF50
:1010B000FFFFFFFFFFFFFFFFFFFFFFFFFFFFFFFF40
:1010C000FFFFFFFFFFFFFFFFFFFFFFFFFFFFFFFF30
:1010D000FFFFFFFFFFFFFFFFFFFFFFFFFFFFFFFF20
:1010E000FFFFFFFFFFFFFFFFFFFFFFFFFFFFFFFF10
:1010F000FFFFFFFFFFFFFFFFFFFFFFFFFFFFFFFF00
:10110000FFFFFFFFFFFFFFFFFFFFFFFFFFFFFFFFEF
:10111000FFFFFFFFFFFFFFFFFFFFFFFFFFFFFFFFDF
:10112000FFFFFFFFFFFFFFFFFFFFFFFFFFFFFFFFCF
:10113000FFFFFFFFFFFFFFFFFFFFFFFFFFFFFFFFBF
:10114000FFFFFFFFFFFFFFFFFFFFFFFFFFFFFFFFAF
:10115000FFFFFFFFFFFFFFFFFFFFFFFFFFFFFFFF9F
:10116000FFFFFFFFFFFFFFFFFFFFFFFFFFFFFFFF8F
:10117000FFFFFFFFFFFFFFFFFFFFFFFFFFFFFFFF7F
:10118000FFFFFFFFFFFFFFFFFFFFFFFFFFFFFFFF6F
:10119000FFFFFFFFFFFFFFFFFFFFFFFFFFFFFFFF5F
:1011A000FFFFFFFFFFFFFFFFFFFFFFFFFFFFFFFF4F
:1011B000FFFFFFFFFFFFFFFFFFFFFFFFFFFFFFFF3F
:1011C000FFFFFFFFFFFFFFFFFFFFFFFFFFFFFFFF2F
:1011D000FFFFFFFFFFFFFFFFFFFFFFFFFFFFFFFF1F
:1011E000FFFFFFFFFFFFFFFFFFFFFFFFFFFFFFFF0F
:1011F000FFFFFFFFFFFFFFFFFFFFFFFFFFFFFFFFFF
:10120000FFFFFFFFFFFFFFFFFFFFFFFFFFFFFFFFEE
:10121000FFFFFFFFFFFFFFFFFFFFFFFFFFFFFFFFDE
:10122000FFFFFFFFFFFFFFFFFFFFFFFFFFFFFFFFCE
:10123000FFFFFFFFFFFFFFFFFFFFFFFFFFFFFFFFBE
:10124000FFFFFFFFFFFFFFFFFFFFFFFFFFFFFFFFAE
:10125000FFFFFFFFFFFFFFFFFFFFFFFFFFFFFFFF9E
:10126000FFFFFFFFFFFFFFFFFFFFFFFFFFFFFFFF8E
:10127000FFFFFFFFFFFFFFFFFFFFFFFFFFFFFFFF7E
:10128000FFFFFFFFFFFFFFFFFFFFFFFFFFFFFFFF6E
:10129000FFFFFFFFFFFFFFFFFFFFFFFFFFFFFFFF5E
:1012A000FFFFFFFFFFFFFFFFFFFFFFFFFFFFFFFF4E
:1012B000FFFFFFFFFFFFFFFFFFFFFFFFFFFFFFFF3E
:1012C000FFFFFFFFFFFFFFFFFFFFFFFFFFFFFFFF2E
:1012D000FFFFFFFFFFFFFFFFFFFFFFFFFFFFFFFF1E
:1012E000FFFFFFFFFFFFFFFFFFFFFFFFFFFFFFFF0E
:1012F000FFFFFFFFFFFFFFFFFFFFFFFFFFFFFFFFFE
:10130000FFFFFFFFFFFFFFFFFFFFFFFFFFFFFFFFED
:10131000FFFFFFFFFFFFFFFFFFFFFFFFFFFFFFFFDD
:10132000FFFFFFFFFFFFFFFFFFFFFFFFFFFFFFFFCD
:10133000FFFFFFFFFFFFFFFFFFFFFFFFFFFFFFFFBD
:10134000FFFFFFFFFFFFFFFFFFFFFFFFFFFFFFFFAD
:10135000FFFFFFFFFFFFFFFFFFFFFFFFFFFFFFFF9D
:10136000FFFFFFFFFFFFFFFFFFFFFFFFFFFFFFFF8D
:10137000FFFFFFFFFFFFFFFFFFFFFFFFFFFFFFFF7D
:10138000FFFFFFFFFFFFFFFFFFFFFFFFFFFFFFFF6D
:10139000FFFFFFFFFFFFFFFFFFFFFFFFFFFFFFFF5D
:1013A000FFFFFFFFFFFFFFFFFFFFFFFFFFFFFFFF4D
:1013B000FFFFFFFFFFFFFFFFFFFFFFFFFFFFFFFF3D
:1013C000FFFFFFFFFFFFFFFFFFFFFFFFFFFFFFFF2D
:1013D000FFFFFFFFFFFFFFFFFFFFFFFFFFFFFFFF1D
:1013E000FFFFFFFFFFFFFFFFFFFFFFFFFFFFFFFF0D
:1013F000FFFFFFFFFFFFFFFFFFFFFFFFFFFFFFFFFD
:10140000814205D051F8043B40F8043B8242F9D8B0
:10141000704700BF044A05494FF0000342F8043BFF
:101420009142FBD8704700BFC082002020B7002047
:101430002DE98848BFF34F8F00BF00BF00BF00BF3A
:1014400000F094FD684B0822C3F8542100BF00BF90
:1014500000BF00BF00BF00BF00BF00BF00BF00BF94
:1014600000BF00BF00BF00BF00BF00BF5F4A6049B0
:101470006048FFF7C5FF604A60496148FFF7C0FF59
:10148000604CFFF7C7FF4FF470004FF0E0210023DE
:101490005D4AC1F8880D44F823200133B02BFAD1FE
:1014A0005A4B80215A4A03F8011B9342FBD14FF05B
:1014B000E0254D4E4FF08039DFF884B1DFF884A18C
:1014C0004FF0FF31C5F8084D0027C6F80491C6F863
:1014D00000B1C6F8F490C6F8F0A0D5F8243DDFF8C6
:1014E000688143F4E0234B4AC5F8243DD8F81C300A
:1014F00023F07F0343F04003C8F81C30D8F82430B1
:1015000023F07F0343F04003C8F824309166D1668E
:101510001167516700F032FD3F4B4049A363404BD8
:10152000E36363236B610323AF612B613D4BC5F81C
:10153000203DD5F8FC3D43F08073C5F8FC3D3A4BA7
:101540001A6842F001021A605B680B6000F060FFED
:10155000C6F804913548C6F800B1C6F8F490C6F84C
:10156000F0A001F0F5F8D8F86C10314B314A41F495
:101570004051C8F86C101F60C3F80871C3F81871A7
:10158000C3F82871C3F83871936BDB0708D442F6AF
:101590001563294951651365936B43F00103936308
:1015A000244A264C936843F00113936000F06EFDCB
:1015B00000F0B2FC01F0D0F800F058FF00F0D8FCC9
:1015C0002368132BFCD900F0E9FF2368B3F5967F5D
:1015D000FBD300F0D1FC00F0CDFC01F0A1F801F04C
:1015E000D7F830BFFDE700BF00800D40F4D3020004
:1015F000E829006000000000C0820020E0FD0260D9
:101600000000002000800020ED73010000E400E0F5
:10161000A0E400E000C00A40A187010024B6002039
:101620007D88010000002020001000E08074D21AA4
:101630000040084000400D400000C05628B6002081
:101640001B1018200C0D111300C00F40054B4FF458
:101650002A01054A05485A641864054A9963954663
:10166000FFF7E6FE00C00A40FFAFAAAA070020006D
:101670000000052043690A4A03EB011010B4037A05
:10168000084C02EB0313D3E901321460C2681A60FC
:1016900003690BB142691A605DF8044B704700BFE3
:1016A000BC40002061F801004369027E03EB021296
:1016B00092F808C08C451CD01A7AFF2A19D09142A2
:1016C00010B5044616D01A7EFF2A06D00121D3E9B0
:1016D000002312681A4201D1217610BD064B052263
:1016E000204603EB0C135B681A60FFF7C3FF2176FB
:1016F000F3E770470021EAE7BC40002043690A4A4B
:1017000003EB011010B490F82830084C02EB0313DF
:10171000D3E901321460C26A1A60036B0BB1426BE9
:101720001A605DF8044B7047BC40002061F801006E
:101730004369427E03EB021292F828C08C451ED00A
:1017400093F82820FF2A1AD0914210B5044617D0EA
:1017500093F83820FF2A06D00121D3E9002312682C
:101760001A4201D1617610BD064B0522204603EBDB
:101770000C135B681A60FFF7C1FF6176F3E77047EF
:101780000021EAE7BC400020164942698B6B23F434
:101790007C0343F4802370B58B630446124DD2E979
:1017A00000130A681A4303690A60022200211A61C1
:1017B0000E4A19619A6401225A629D624FF43035D3
:1017C000DD624FF001159E6C1E6519629D651A6100
:1017D000017EFFF74FFF617E2046BDE87040FFF7B6
:1017E0008DBF00BF00C00F40B80B05053B3728195F
:1017F000F8B11149114A38B5114B0025044605636B
:10180000C0E904219A8840F2DC51186843F60623A7
:10181000A186A387C4F8360020466287094900F0F4
:101820006FFF2046084900F083FF084B2846636499
:1018300038BD6FF00F007047091901006D010100FC
:1018400068B500200CB50020ECB400201919010087
:101850002DE9F04182B006460F46154600F0ECF93E
:10186000044638B315B1284600F0DAF9002E59D0F5
:10187000314C257815BB06223146304800F074FF04
:10188000002840D1304600F02FFF00B32B4E3046E9
:1018900000F07AFF0546D0B1DFF8B48098F8004038
:1018A000F4B1274B06223068B188C3F83600598757
:1018B00083F83C20204602B0BDE8F08100F01CFF18
:1018C00000233046237000F00FFF0028DED100F027
:1018D00033FF00240E230360204602B0BDE8F081F0
:1018E0003946184800F010FF174B184A2146144893
:1018F00000F046FFD8B112482C4600F00DFF01233E
:1019000088F80030D6E7124C2378002BBAD028464E
:1019100000F002FF0A4800F03FFF0A4800F02CFFE9
:101920002570AFE768466E4600F03AFFA0E705482D
:1019300000F022FFBEE700BFA27D002068B50020B6
:10194000187D002074B30020C1170100F11700605A
:10195000F0B6002038B50C4D00240C4B2A781C60E2
:101960009C801AB9BDE8384000F04ABA204600F021
:10197000D3FE074800F010FF064800F0FDFE2C7073
:10198000BDE8384000F03CBAF0B6002068B5002051
:10199000187D002074B3002010B5044600F004FF49
:1019A000D4F8543123B104F5A671032208469847B0
:1019B000D4F8443123B104F59E71032208469847B8
:1019C000D4F8343123B104F59671032208469847C0
:1019D000204610BD70B5114D044600F0ADFE0668FE
:1019E0002B782BB900F0A8FE034620461E6070BD80
:1019F000206800F0DDFE00232B7023602371002897
:101A0000F0D000F09DFE054600F096FE056000F067
:101A100093FE034620461E6070BD00BFD0B6002076
:101A2000F8B56E4C237813F0FD0F00D0F8BD6C496B
:101A30004FF480356B4A4CF20F00CB6E43F4406399
:101A4000CB664FF480536849C2F8E450C2F8E8000E
:101A5000C2F8E410C2F8E830D2F8E030002BFBDA2C
:101A600062494FF48030624B4FF23805C2F8E8000B
:101A700038204A684FF4804622F4005242F40202B1
:101A80004A6043F238020521C3F87C23C3F884235B
:101A9000C3F88053574DC3F89823C3F86803C3F8BD
:101AA00064034FF62900C3F87811C3F874114FF49A
:101AB00000416A6842F440426A600022C5F888101A
:101AC000C5F88460C3F8A8034BF2E900C3F8A40387
:101AD0000220C3F8B821C3F8B421474A1063312269
:101AE0003220C3F894231622C3F8A42103F56023FF
:101AF00012225A64C5F8841000F00AFE3F49404A99
:101B0000C5F888603F4B48681268A3FB0232920C0C
:101B100002EB820202EB82024B681B1A9A42FBD84C
:101B2000344B4FF480420220C3F8842000F0F0FDD3
:101B3000354B4FF40001354A59601A645A68100257
:101B4000FCD51A6C4FF4000192B25960B2F5005FF7
:101B500011D12F482C4A5960186453681902FCD5DA
:101B6000136C4AF240104FF4000123F00F03516050
:101B70009BB283421BD01F4D4FF480371B484FF060
:101B8000010C6B68174923F44043154A214E6B60E2
:101B9000436823F400334360C1F8E470C1F8E060A7
:101BA000D36E23F44063D36684F800C0F8BD1A48AE
:101BB000154B516010645A681202FCD54FF40001B5
:101BC0001648114A59605960186453681B02FCD5C5
:101BD0004FF40001032351602370F8BDEFB60020DD
:101BE00000C00F4000800D400120200000C00A40CE
:101BF00000801F400040004200841F40001000E0B1
:101C0000C46C002083DE1B4300802D4000000A606E
:101C100000000E60011001008002625081005E50E1
:101C20000123037043708370C37003714371837128
:101C3000C37103724372704770B5624C2378042BF2
:101C400000F0BE80FFF7ECFE2278032A01D00020CE
:101C500070BD5D4B4BF2E9015C48C3F87C135C4DF1
:101C6000C3F88013C3F88413C3F89813C3F8881318
:101C7000C3F88C13C3F890130021C3F88C21C3F868
:101C80009021C3F8A821C3F89421C3F8A021C3F878
:101C90009821C3F89C210123A022C362436383637C
:101CA000C3630364284600F023FDA02200214948B5
:101CB00000F01EFD484A05F1A00C2B464FF40040F1
:101CC00080215A60203323F81E0C02F5C06223F8ED
:101CD000161C6345F5D1B5F882304FF480603D4E57
:101CE0004FF4B04143F400533C4A06F1A00CA5F870
:101CF000823033465A60203323F81E0C02F5C0624E
:101D000023F8161C6345F5D1B6F882204FF0007019
:101D1000334B42F400523349A6F8822000229A60E5
:101D2000C3F884104FF48271C3F8C4101921C3F8AA
:101D3000C011C721C3F8C4114FF48071C3F8441116
:101D40004FF4C061C3F89021C3F88051C3F8846197
:101D5000C3F888112449C3F80021C3F8F020C3F860
:101D6000EC10C3F8942121495A66C3F81821C3F82E
:101D70001C21C3F82021C3F824211D4A9860C2F811
:101D800008124FF0E0224FF480211A48C2F80C11DB
:101D90004FF00101184A5860BFF35B8FD2E84F0F34
:101DA000C2E8451F002DF9D14FF08072134804217D
:101DB000BFF35B8F586201201A615A61217070BDB8
:101DC000012070BDEFB6002000801F4000841F403E
:101DD000C082002080830020008B2020006D202006
:101DE00000802D4024D1F24514000100B1430100D0
:101DF000008000200080FF7F80B50020120100706D
:101E0000704700BF2448254BD0F88020244942F475
:101E1000405210B4C0F88020224C234A1C60234852
:101E20005A60234A1862234C5A622348234A9C6210
:101E300046F62014D86240F6A3101A634FF4C86225
:101E4000596399634FF4C841DC603F249860D961BD
:101E50009A611A681A4822F080021A491A601A68B0
:101E600022F00C021A601A6822F0030242F0020209
:101E70001A605C6118610020D3F8A0205DF8044B63
:101E800022F00202C3F8A0201A6822F480321A60FD
:101E9000DA6F1B6C0860704700C00F4000C00C4038
:101EA0002F002E00401001002200010068050C01E7
:101EB0009501B200DC007A007D0058004B00400024
:101EC000C409800C40B50020074A136843F48033EE
:101ED000136013689B04FCD5044AD2F8803023F4C5
:101EE0004053C2F88030704700C00C4000C00F4023
:101EF00000B583B0019000F017FC019803B05DF8C5
:101F000004FB00BF00B583B0019000F01DFC0198F8
:101F100003B05DF804FB00BF104BA020104AD96E3F
:101F200041F4403110B4D96640F23764D96E41F4BF
:101F30004071D96654649064936C1B06FCD4094AC2
:101F400040F23761A02351649364936C13F08003D3
:101F5000FBD1054A13705DF8044B704700C00F4079
:101F600000400C4000800C40DFB60020704700BFEE
:101F7000704700BF704700BF00BF704710B44FF0FC
:101F8000E023002110243148C3F8941DC3F89C4D70
:101F90001124C3F8A00D2E48C3F89C4D1224C3F899
:101FA000A00D2C48C3F89C4D2B4AC3F8A00D2B4C18
:101FB00042F015022A48C3F89C4DC3F8A00D294CE5
:101FC0002948C3F89C4DC3F8A00D284CC3F89C2D9C
:101FD0002748284AC3F8A04DC3F89C0DC3F8A02D8C
:101FE00002F5A022244C0C322448C3F89C4DC3F8BF
:101FF000A02D234AC3F89C0D224CC3F8A02D02F15A
:102000004062C3F89C4D2048C3F8A02D0C32C3F8A1
:102010009C0DC3F8A02D00BF00BF00BF00BF00BFD4
:102020000122C3F8942DBFF34F8FBFF36F8FC3F816
:10203000501FBFF34F8FBFF36F8FD3F8142D5DF890
:10204000044B42F44032C3F8142D70473F00001097
:10205000250008070900100020B700201300200009
:1020600021000207140000202500081309000010B9
:102070001600202027000B131700004018000060F6
:102080002F000B07190000701A000080F0B5B84B44
:102090001822B84E0120B84F83B0C3F85C62B7492C
:1020A000C3F86072B64DC3F86462A6F53046B54C0D
:1020B000C3F86862C3F86C52C3F87052C3F8745224
:1020C000C3F8785248F20C75DA661A675A679A674D
:1020D000DA67C3F88020C3F88420C3F88820C1F8E9
:1020E0002C03A94AC1F83003C1F83403C1F83803FE
:1020F000C1F83C03C1F85003A169A44B0A40A448AD
:10210000A4491343A44AA361D4F8843043F00C03D8
:10211000C4F884304FF0FF34036843F002030360D7
:1021200003682B404FF400551A439C4B02604460F7
:102130008A689B4C13409B4A43F000538360C368FA
:1021400023F07803C360036A134023430362036AE6
:102150001340954A2343954C43628262C262002237
:10216000D1F8B83023F03F0343F00103C0F8B83092
:10217000D1F8BC308E4923F03F0343F00103C0F88F
:10218000BC3040F20563026105660467C0F8803028
:10219000456644670224C0F88430036823F00203D4
:1021A00003608161834B8449C46143F8042B8B42F3
:1021B000FBD1774A136843F001031360136813F0EF
:1021C0000103FBD17A48022140F2F564906140F2AC
:1021D0009940D16140F26641C2F8004242F20144A6
:1021E000C2F810127549C2F82002C2F8301240F24B
:1021F00035417348C2F83442C2F84012714CC2F8FB
:10220000500242F201207049C2F854120121C2F872
:102210006042C2F864025E48C2F8A030C2F8A4303E
:10222000C2F8B0104369DA07FCD5012300244FF44B
:10223000803257494361C0F8A040C0F8A420C0F8DC
:10224000B0304B69DB07FCD5012300244FF400308C
:102250004F4A4B61C1F8A040C1F8A400C1F8B030AA
:102260005369DF07FCD501230024584848495361CE
:10227000C2F8A040C2F8A400C2F8B0304B69DE0733
:10228000FCD5D1F8003145F60D5221209BB24861B2
:10229000934265D100244FF4802201233C48C1F8C9
:1022A000A040C1F8A420C1F8B0304369DD07FCD5D7
:1022B00001234FF400040021354A4361C0F8A040D7
:1022C000C0F8A410C0F8B0305369DC07FCD5012376
:1022D0004FF400044FF480302D495361C2F8A04000
:1022E000C2F8A400C2F8B0304B69D807FCD501236E
:1022F0004FF400044FF40030254A4B61C1F8A04070
:10230000C1F8A400C1F8B0305369D907FCD5012346
:102310004FF400042D481E495361C2F8A040C2F892
:10232000A400C2F8B0304B69DA07FCD5D1F800310F
:1023300045F60D5221209BB24861934250D00825AA
:102340004FF4000422490020224B234A00901570CC
:102350005A1A01232148224400F002FA03B0F0BDCA
:102360001E4B0022C3E90022C3E9022203B0F0BDE4
:1023700000801F40F9B00100F910010000841F40E7
:10238000F970010000C00F40FFFCFF1F000300A018
:1023900000402A4000802A401200FFFFFF37F7006C
:1023A0004000008000FFF07CFF000F83630002000C
:1023B000F05AF05A00422A4000432A409F04183045
:1023C000EB06180A3806180A063201260400030034
:1023D0000000007000000070E4B60020D0B20020C1
:1023E0004FF400044FF4802201230848C1F8A040B4
:1023F000C1F8A420C1F8B0304369DB07FCD5012344
:1024000010254FF0807443619CE700BF00402A40D4
:10241000F0B4154A40274FF480314FF480564FF402
:1024200000554FF4404443F24200136913F0020F89
:102430000ED113F4005F0FD013F4805F0ED0002B89
:10244000F3DA13F4803F0BD15B060BD5F0BC704779
:10245000946151619061E8E75561E6E75661E4E710
:102460009161E2E75761E0E700800D403F4A0320B9
:102470003F49F3EE095AD2F880304FF0000C9FED3F
:102480003D6A23F001039FED3C5A30B4C2F880301E
:10249000C2F89000D1F8E010384DCBB2384C394832
:1024A0002B6007EE903A0B0DC1F30B21F8EEE77AA3
:1024B00006EE903A07EE101A334BB8EEC77A216059
:1024C000F8EEE66A314937EEC66A37EEC55A76EE5F
:1024D000C76A77EEE57A26EE266AC3ED006A25EE36
:1024E000265AD2F8803067EEA64AC0ED007AC6EED2
:1024F000275A274885EE276AC4EEA76A75EE875AE1
:10250000FCEEE55A36EE076A15EE904ABCEEC66A56
:1025100043EA045376EE877AC2F8803016EE103A1A
:10252000D2F89041FCEEE77A01EA0341214317EE2D
:10253000903AC2F89011C3F30B03D2F890110B43F9
:102540001449C2F89031D2F8803043F00203C2F847
:102550008030114B80F840C0C1F840314FF0E0238B
:10256000012230BCC3F80821704700BF00810D4034
:1025700000441F400000AA420000B44248B50020B9
:1025800044B500204CB500207CB500200000FF0FB2
:1025900000E400E000800020D5750100314B40F6DA
:1025A000617210B5C3F8202140F2044400F0E0F855
:1025B0002D4A2E49D2F880302D4843F00303C2F84B
:1025C00080302C4BC1F8604102681A4203D1D1F827
:1025D000A8319A071BD0254A4FF00041244B59637C
:1025E000D2F8403143F00203C2F84031D2F8403112
:1025F0009B07FBD44FF400304FF0E0211C4B4FF011
:102600000042C1F88C0219209A6300F081F8184A40
:102610004FF08040154C002190630A20164B11604A
:102620004FF42072C4F8A801184600F061F84FF486
:10263000800203464FF4810040F243111860C4F851
:1026400058311A640D4B0E4AC4F84811C3F80422DD
:102650004FF0E0224FF400310123C2F80C11C4F80E
:10266000403110BD00800D4000C00F4000002E40E2
:1026700000900D40001C1E00000000200080002083
:10268000BD77010008B50E4B1B6E9B0700D4FBBE47
:1026900072B60C4B00200C4AC3F8400103F16043B2
:1026A0000A49A3F55F2311649D46BFF34F8F4FF492
:1026B00000130748074ADB6902609B68984700BF20
:1026C00000441F4000002E4000C00A4003002000CC
:1026D00000802020000012EBF8B500BFF8BC08BC59
:1026E0009E467047000000005FF800F02D44010096
:1026F0005FF800F0194C02005FF800F0956F0000E1
:102700005FF800F035F300005FF800F04D72000054
:102710005FF800F0296901005FF800F0F171000036
:102720005FF800F00D5402005FF800F0ED4001008A
:102730005FF800F051E100005FF800F00154020082
:102740005FF800F0F1CC00005FF800F001410100FB
:102750005FF800F0396601005FF800F0F9720100DF
:102760005FF800F0F99B01005FF800F0C14A020039
:102770005FF800F02D7F01005FF800F0C5720000E7
:102780005FF800F0597500005FF800F0ED430100BC
:102790005FF800F0859001005FF800F02D760000F2
:1027A0005FF800F0E94301005FF800F00921010043
:1027B0005FF800F095CD0000E50000003D2D000021
:1027C000C91C010079220100992F01001D3301006D
:1027D000C93F0100A941010005430100215F01003B
:1027E000A963010089950100A59E01008DA3010048
:1027F00080C00F400000000319000000100000001E
:10280000E8841F4001000000FF000000FF000000FE
:102810000000000000000000180000001000000090
:10282000E4841F4001000000FF000000FF000000E2
:1028300000000000000000001F000000B564000060
:1028400070C00F40000C00001100000011000000DB
:10285000E0841F40020000002C0000001200000075
:10286000E0841F4001000000100000001100000083
:10287000DC841F40020000002D0000001200000058
:10288000DC841F40010000001E000000A96400005D
:1028900070C00F40C00000001200000013000000D4
:1028A000D0841F4001000000FF000000FF00000076
:1028B00000000000000000001300000013000000F2
:1028C000CC841F4001000000FF000000FF0000005A
:1028D00000000000000000001C0000009D640000DB
:1028E000160355005300420020005300650072009B
:1028F000690061006C000000180354006500650069
:102900006E00730079006400750069006E006F004E
:102910000403090409026200030100C032080B002D
:102920000202020100090400000102020100052464
:1029300000100105240101010424020605240600FB
:10294000010705820310001009040100020A0000BB
:10295000000705030240000007058402400000094B
:1029600004020002FF6AFF00070581024000010720
:10297000050102400001000009026200030100C0DD
:1029800032080B00020202010009040000010202E9
:1029900001000524001001052401010104240206A0
:1029A0000524060001070582031000050904010043
:1029B000020A000000070503020002000705840266
:1029C0000002000904020002FF6AC7000705810235
:1029D0000002010705010200020100000A060002D0
:0829E000EF02014001000000BC
:1029E80000000000000000000000000000000000DF
:1029F80000000000000000000000000000000000CF
:102A080020F47F6020F00F0000F580520368043046
:102A1800013303D19042F9D100207047012070475B
:102A28002DE9F34106460D4690460024444514D24C
:102A3800A719C7F30B0333B93846FFF7E1FF10B105
:102A4800384616F059FE04226359384604340DEB13
:102A58000201019316F0DAFDE8E705F12045B5F526
:102A6800000F08D20C4D04E0A119C1F30B0343B1C8
:102A78000434AC42F8D34FF0E023084AC3F80C2DD5
:102A880008E00846FFF7BCFF0028F1D0084616F01A
:102A980033FEEDE7FEE700BF00C07F000400FA0543
:102AA8000548064B1B1AD90F01EBA301491002D0A8
:102AB800034B03B118477047C0820020C082002032
:102AC8000000000008B5054B1BB105490548AFF3E8
:102AD8000080BDE80840FFF7E3BF00BF000000002A
:102AE800F0B3002000900360704700BF704700BF3C
:102AF80003685B68184700BFF8B504460F462E49BF
:102B080016461D4619F046FA3946204619F05CFB70
:102B18002A49204619F058FB2949204619F054FB48
:102B28003146204619F050FB2649204619F04CFB47
:102B38002549204619F048FB45B32449204619F099
:102B480043FB0699204619F03FFB2149204619F01E
:102B58003BFB2049204619F037FB012D11D01B49BA
:102B6800204619F031FB0799204619F02DFB18492A
:102B7800204619F029FB1849204619F025FB204664
:102B8800F8BD1649204619F01FFBE8E7134920460F
:102B980019F01AFB20460D4919F016FB0699204634
:102BA80019F012FB0A49204619F00EFB0949204684
:102BB80019F00AFBD3E700BFC81300200014002057
:102BC800401400209815002064140020845500202B
:102BD8008414002090140020A414002078140020ED
:102BE800F8B504460F46174916461D4619F0D2F99E
:102BF8003946204619F0E8FA1349204619F0E4FA54
:102C08001249204619F0E0FA1149204619F0DCFA79
:102C18003146204619F0D8FA0E49204619F0D4FA60
:102C28002DB90D49204619F0CFFA2046F8BD0B49B9
:102C3800204619F0C9FA0849204619F0C5FA204675
:102C4800F8BD00BFC81300202C110020A0110020DF
:102C5800F011002020120020381200202C12002031
:102C680070B5044686B015460E469D4919F092F98E
:102C78009C49204619F0A8FA5DB19B49204619F0F5
:102C8800A3FA2946204619F09FFA9849204619F0D8
:102C98009BFA974903A819F07DF9314603A819F062
:102CA800B1FA944919F0B6FA0146204619F088FAA3
:102CB80003A819F0A9F9904903A819F06BF98F49ED
:102CC800684619F067F98E49684619F07DFA8D490A
:102CD800684619F079FA8C49684619F075FA8B49F3
:102CE800684619F071FA8A49684619F06DFA8949F7
:102CF800684619F069FA8849684619F065FA8749FB
:102D0800684619F061FA8649684619F05DFA8549FE
:102D1800684619F059FA8449684619F055FA834902
:102D2800684619F051FA8249684619F04DFA814906
:102D3800684619F049FA8049684619F045FA7F490A
:102D4800684619F041FA7E49684619F03DFA7D490E
:102D5800684619F039FA7C49684619F035FA7B4912
:102D6800684619F031FA7A49684619F02DFA794916
:102D7800684619F029FA7849684619F025FA77491A
:102D8800684619F021FA7649684619F01DFA75491E
:102D9800684619F019FA7449684619F015FA734922
:102DA800684619F011FA7249684619F00DFA714926
:102DB800684619F009FA7049684619F005FA6F492A
:102DC800684619F001FA6E49684619F0FDF96D492F
:102DD800684619F0F9F96C49684619F0F5F96B4934
:102DE800684619F0F1F96A49684619F0EDF9694938
:102DF800684619F0E9F96849684619F0E5F967493C
:102E0800684619F0E1F96649684619F0DDF965493F
:102E1800684619F0D9F96449684619F0D5F9634943
:102E2800684619F0D1F96249684619F0CDF9614947
:102E3800684619F0C9F96049684619F0C5F95F494B
:102E4800684619F0C1F95249684619F0BDF95C495C
:102E5800684619F0B9F95B49684619F0B5F95A4955
:102E6800684619F0B1F95949684619F0ADF9584959
:102E7800684619F0A9F95749684619F0A5F944496F
:102E8800684619F0A1F95449684619F09DF9534963
:102E9800684619F099F95249684619F095F9514967
:102EA800684619F091F95049684619F08DF94F496B
:102EB800684619F089F9694603A819F0A3F94C493D
:102EC80019F0A8F90146204619F07AF9684619F070
:102ED8009BF803A819F098F8204606B070BD00BF0B
:102EE80020150020541500209C150020981500205E
:102EF800C4150020CC150020D8150020380C00205F
:102F0800E01500204C160020A8160020F41600201A
:102F18001C17002080170020D81700202018002038
:102F2800781800200C1900201C19002034190020E2
:102F380054190020B0190020C8190020DC190020FD
:102F4800341A0020481A00205C1A0020741A002045
:102F58009C1A0020B01A0020C41A0020E01A002091
:102F6800FC1A0020141B00202C1B0020441B0020EE
:102F78005C1B0020781B0020141C00202C1C002047
:102F88004C1C00206C1C0020881C0020981C002071
:102F9800F4210020AC1C0020D01C0020EC1C0020D8
:102FA800441D0020981D0020B81D0020E81D0020A9
:102FB800581E0020701E0020C41E0020141F002070
:102FC800741F00209C1F0020D41F0020F41F002025
:102FD8003820002074200020CC200020342100203C
:102FE80088210020D0210020F82100203422002050
:102FF8006822002070B5044684B031B301AD1E4983
:10300800284618F0C7FF1D4A29462046FFF728FE24
:10301800284618F0F9FF1A49204619F0D5F8194939
:10302800204619F0D1F81849204619F0CDF817496B
:10303800284618F0AFFF2946204619F0C1F828465F
:1030480018F0E2FF204604B070BD01AD0E460A49F3
:10305800284618F09FFF324629462046FFF700FE13
:10306800284618F0D1FF0649204619F0ADF808495E
:10307800204619F0A9F8D6E760120020681200204F
:103088007412002090120020341300206C130020CA
:10309800F0120020F0B504460F4687B018491D46C7
:1030A800164618F077FF3946204619F08DF815496D
:1030B800204619F089F81449204619F085F8314658
:1030C800204619F081F8114903A818F063FF0A2275
:1030D8002946684619F004F8694603A819F092F8D9
:1030E8000B4919F097F80146204619F069F8684627
:1030F80018F08AFF03A818F087FF204607B0F0BD34
:10310800C81300200014002088220020C8220020B4
:10311800D42200202DE9F041304B88B00546D3F881
:103128000A2003ACD3F80200D3F80610D3F80E3007
:103138000FC4002403A968468DF81C4018F02AFF24
:103148002146284618F026FF02992846083118F02B
:1031580063FF029B33B3DFF894802146204F214E52
:10316800684619F09DF8A0F122031C2B10D8DFE85F
:1031780003F02F0F0F0F2A0F0F0F0F0F0F0F0F0F47
:103188000F0F0F0F0F0F0F0F0F0F0F0F250F20002F
:103198000146284619F026F80134029BA4B29C4245
:1031A8002146DDD3684618F02FFF284608B0BDE851
:1031B800F0813946284619F007F8EDE731462846E8
:1031C80019F002F8E8E70849284618F0FDFFE3E798
:1031D8004146284618F0F8FFDEE700BF9086002039
:1031E800B8130020B0130020A8130020C01300203B
:1031F800F0B58FB00E46054649490BA8144618F09D
:10320800C9FE31460BA818F0FDFF014602A818F0C8
:10321800DFFE0BA818F0F8FE41490BA818F0BAFE1B
:10322800214608A818F0B6FE08A90BA818F0EAFF6E
:103238003C4918F0EFFF014605A818F0C9FE08A898
:1032480018F0E2FE0BA818F0DFFE05A902A819F095
:103258006FF800285EDB079B2621C21802A801929E
:1032680019F054F8031E019A02A90BA8B8BF049BD1
:1032780019F09CF80021284618F08CFE0D99284674
:1032880018F0CAFE0D9BF3B1002427460AE0252B4F
:1032980002D10D9B9E4222D318F0A4FF01340D9B4E
:1032A8009C4210D221460BA818F0FAFF0346A61C30
:1032B80028462B2B1946EAD12021013418F092FF19
:1032C8000D9B9C42EED30BA818F09EFE05A818F0A3
:1032D8009BFE02A818F098FE28460FB0F0BD611CAE
:1032E8000BA8ADF8207034468DF8227018F0D8FF7E
:1032F80031468DF820000BA818F0D2FF10228DF867
:103308002100002108A823F0D9F9C1B2284618F0F5
:1033180069FFC3E70449284618F03CFED6E700BF1A
:103328008022002084220020380C002070B598B03C
:103338000446624915A8624D18F02CFE002215A912
:103348002046FFF78DFC15A818F05EFE5D49204663
:1033580018F03AFF5C49204618F036FF5B4906A88A
:1033680018F018FE5A4B01A8196811F01FFC9DF8B7
:10337800081012A818F09CFE12A915A818F028FE2B
:10338800294615A818F046FF06469DF809100FA80B
:1033980018F08EFE0FA9304618F034FF294618F0B1
:1033A80039FF06469DF80A100CA818F081FE0CA9F2
:1033B800304618F027FF294618F02CFF05469DF8DF
:1033C8000B1009A818F074FE09A92846414D18F0F9
:1033D80019FF014603A818F0FBFD09A818F014FE10
:1033E8000CA818F011FE0FA818F00EFE15A818F07A
:1033F8000BFE12A818F008FE03A906A818F002FF91
:10340800294618F007FF0146204618F0D9FE03A800
:1034180018F0FAFD06A818F0F7FD2F4915A818F0BE
:10342800B9FD0A2240F2344112A818F059FE12A937
:1034380015A818F0E7FE294618F0ECFE01462046CC
:1034480018F0BEFE12A818F0DFFD15A818F0DCFD74
:10345800224915A818F09EFD12A8FFF75BFE12A9D5
:1034680015A818F0CFFE294618F0D4FE01462046CC
:1034780018F0A6FE12A818F0C7FD15A818F0C4FD8C
:103488001749204618F0A0FE1649204618F09CFE61
:103498001549204618F098FE1449204618F094FE65
:1034A800134915A818F076FD15A9204618F088FECE
:1034B80015A818F0A9FD204618B070BD780F002097
:1034C800EC0D0020880F0020580A0020A80F0020CB
:1034D800D0A20020DC220020E80F00202C100020C1
:1034E800701000207C100020BC100020F01000207C
:1034F8006C130020074B70B51C680546013C1C6026
:103508000CB1284670BD044E30682CF0DDFA284610
:10351800346070BD389F00203C9F0020074B70B579
:103528001C680546013C1C600CB1284670BD044E61
:1035380030682CF0C5FA2846346070BD80A200209F
:1035480084A20020074B70B51C680546013C1C602E
:103558000CB1284670BD044E30682CF0ADFA2846F0
:10356800346070BD9CA00020A0A000207A4A92ED93
:10357800027AB5EEC07AF1EE10FA40F3C1807749CD
:1035880030B40B68764C2468002B00F0B080E31A46
:10359800312B40F2DC8007EE903A9FED726A724B55
:1035A800F8EE677A714D0C600121C6EE276AD3EDFB
:1035B800007A6F4B93ED006AC3ED007A77EEC67A16
:1035C8006C4B197067EEA67AC5ED007A002813795E
:1035D800694AB8BF4042053392ED006A80B298420A
:1035E80000F38380654BF7EE005AD3ED006AF0EEE6
:1035F800E66AF4EE656AF1EE10FA76D8F0EEC66A7D
:10360800B0EE005AF4EE456AF1EE10FA6DD8F0EE1D
:10361800E77AF0EE086AF4EE667AF1EE10FA64D80A
:10362800574A1368E31AC82B5FD9524B19780029F7
:103638005BD0544966EE477AFFEE006A9FED527AF6
:103648000878002114608842197046FEA55A67EE72
:10365800A57A67EE877AF4EEC57AF1EE10FA50DCB7
:10366800B8EE007AF4EE477AF1EE10FA48BFF0EEC1
:10367800477A464AB7EE007AD2ED006A77EEA67A24
:10368800F0EEE76AF4EEC76AF1EE10FA54DBF5EEF5
:10369800C07AF1EE10FA52DDBBFE677ABDEEC77A4A
:1036A80017EE103A1BB207EE103AB8EEC77A77EE6B
:1036B800C77AC2ED007A6BB1354942F210753548C8
:1036C800B1F918201344AB42A8BF2B468342B8BFB8
:1036D80003460B83304B1A78B2B9304A2C4830492C
:1036E800008B1460012208801A7030BC70471E4D90
:1036F8001F4B0C60296819601C4BD3ED007A65E7F5
:103708007047F0EE457AB4E7244A26491368E31A6D
:103718008B42EAD91E4B2249B3F91800B1F900309F
:10372800C31A002BB8BF5B42092BDEDD1E4B088095
:10373800012114601970D8E7C2ED007ACAE7BAFE11
:10374800677ABDEEC77A17EE103A1BB2ABE7074BA4
:10375800D3ED007A3AE700BF3470002058A3002068
:1037680028B6002000007A4418B6002060A3002084
:1037780068A30020D4B600201CB6002020B6002084
:103788005CA30020207000200AD7A33C64A300207B
:10379800C86C0020F0D8FFFFD3B6002054A3002047
:1037A800A0B60020E0930400C7B600202DE9F04140
:1037B800124C94F86550C5F16405002D01DCBDE894
:1037C800F08194F86310002794F8626021440C4853
:1037D80014F80680A75524F0B1FC042D04F80680DF
:1037E800EDDD94F85E5094F85F10665D214405485D
:1037F800675524F0A3FC6655BDE8F08108B40020A5
:1038080074B600200CB60020F8B5244B244E1A6874
:10381800244DD20703D40121326819602A60224F4F
:103828003B68DB0715D5214C33682A689B1AB3F52A
:103838007A7F27D81E4B1A78DAB11E4D15F0B8FDDD
:1038480022682B88801A83420AD315F0B1FD2060C4
:10385800F8BD15F0ADFD154C012320603B60E3E792
:1038680015F0A6FD2368C01A288015F0A1FD206078
:10387800F8BD01220F4D1A7015F09AFD2368C01A81
:103888002880DBE70C4B0D20326819782A6081F01C
:103898000101197015F0B6FDCCE700BFE09A0020D1
:1038A80028B6002088A30020DC9A002084A30020EA
:1038B800DAB600209AB60020DBB60020000000002F
:1038C8004F4A507DFF283BD04E4938B54E4C0D68C5
:1038D80023685B1BC82B32D9D38AB2EE044BF7EEB0
:1038E800005A06EE103A2368B8EEC66B0B6086EEF7
:1038F800047BB7EEC77BB4EEE57AF1EE10FA20D47C
:10390800424CF3EE0F7A227887EE876A0AB3404D6D
:10391800D5ED007AF4EEC67AF1EE10FA46D43D4CB5
:1039280094ED006A37EEC66A9FED315BB0EEC66A69
:10393800B7EEC66AB4EEC56BF1EE10FA3BDC38BDE3
:103948007047324C9FED346A22789FED347A002A12
:10395800DDD1B7EEC66A2E4D9FED275BD5ED007A17
:1039680026EE056BB7EEE75AB4EEC65BF1EE10FA39
:10397800E5DB27EE877A0123B6EE006B2370B7EEFE
:10398800C77A37EE067BBCEEC77B17EE103A99B2C2
:10399800B1F5966F28BF4FF496611F2938BF1F21D4
:1039A80018F00EFA1B4B2A681A6038BD18F0BCFADA
:1039B8000023237038BD27EE877A0022B6EE006B0D
:1039C800B7EEC77A37EE067BBCEEC77B17EE103A28
:1039D80099B2B1F5966F28BF4FF496611F2938BF89
:1039E8001F2118F0EDF92B68236038BDAFF3008074
:1039F8009A9999999999C93FCDCCCCCCCCCCF03F28
:103A0800C86C002070A3002028B60020D7B600207C
:103A1800A898002074A300209C9B9B3F0000CC41E9
:103A280008B51521124817F0C9FA124818F0C4F859
:103A380002220021104815F055FF012204210F48E9
:103A480015F050FF10220A210D4815F04BFF1422E3
:103A580028210C4815F046FF14223C210A4815F08D
:103A680041FF20226E210948BDE8084015F03ABF01
:103A7800400F0020106D0020986B00209A6B0020EA
:103A880034700020207000206C7D0020C86C00205D
:103A9800174A93792A3BDBB2D42B04D9537A2A3BB1
:103AA800DBB2D42B01D800207047D37A2A3BDBB293
:103AB800D42BF8D9137B2A3BDBB2D42BF3D9137D53
:103AC8002A3BDBB2D42BEED9537D2A3BDBB2D42B75
:103AD800E9D953792A3BDBB2D42BE4D95378082BA4
:103AE800E1D8907808288CBF00200120704700BFDB
:103AF800C86C002019210F4810B517F05FFA0E485E
:103B080018F05AF80D4B0E4900220E48596016213C
:103B18000D4CDFF838C098606FF07F4019734FF094
:103B280080711C609A83C3F810C058619A779961B4
:103B380010BD00BF80040020106D0020C86C00205C
:103B48000100071A1B191A17000805030000F5439E
:103B580070B5002015F01CFD0446012015F018FD75
:103B68000346E4B2042063F30F2415F011FD40F27C
:103B7800344324B29C4200D160B11A21234817F083
:103B88001DFA234818F018F8FFF7B4FFBDE8704095
:103B9800FFF746BF1F4C18211F4817F00FFA1C48A3
:103BA80004F11006C4F10A0518F006F8601915F0BA
:103BB800EFFC04F8010BB442F8D1184C04F11406D8
:103BC800C4F12805601915F0E3FC04F8010BB442B0
:103BD800F8D1134C04F11406C4F13C05601915F032
:103BE800D7FC04F8010BB442F8D10E4C04F12006BE
:103BF800C4F16E05601915F0CBFC04F8010BB44252
:103C0800F8D1FFF745FF0028B7D070BD080F002096
:103C1800106D002034700020240F00202070002038
:103C28006C7D0020C86C002070B582B0154BA824AC
:103C38006E4693E8030035460090ADF80410204620
:103C4800013415F0A5FC05F8010BAE2CF7D1BDF831
:103C5800002042F294639A4206D10B4B96E8030087
:103C68001860998002B070BD074847F60163074C99
:103C78000622A8218380046002B0BDE8704015F0D8
:103C880031BE00BF98030020E86C00209426C0A82D
:103C9800F0B587B001AF0DF116063C46C7F1B20585
:103CA800601915F075FC04F8010BB442F8D1BDF8A1
:103CB800043041F2E104A34207D13C460B4D0FCC3E
:103CC8000FC523682B8007B0F0BD084800251222D5
:103CD800B2210346C0F8025023F8024B5D609D6094
:103CE800DD6007B0BDE8F04015F0FCBD908600200F
:103CF8002DE9F047304D98B003E0286803685B6908
:103D08009847286803681B69984704460028F4D137
:103D18002E681022294933683046DFF8A8905B687E
:103D28009847304617F048FFD9F800A0D9F8003076
:103D380040F2DB52A3EB0A03934239D8A0461F4F47
:103D48001F4E286803681B69984748B328680368AA
:103D58005B699847C3B20A2B0BD00D2BF1D004F145
:103D68006001621C5E2C6944D4B213D801F8603C2F
:103D7800E7E704F16003394668460DEB030404F8ED
:103D8800608C23F0E9FE03463146684613B123F000
:103D9800E3FE08B90024D4E7012018B0BDE8F08795
:103DA800D9F8003040F2DB52A3EB0A039342C8D99A
:103DB800002018B0BDE8F087A49800203C0C002033
:103DC800C805002028B6002038B54B4CC82015F08F
:103DD8009BFA0822256849492B6828465B6898475A
:103DE800284617F0E9FE642015F08EFA25680D22A2
:103DF80043492B6828465B689847284617F0DCFE3D
:103E0800642015F081FA25680E223E492B68284661
:103E18005B689847284617F0CFFE642015F074FABF
:103E28002568102238492B6828465B689847284639
:103E380017F0C2FE642015F067FA2568132233498B
:103E48002B6828465B689847284617F0B5FE64201B
:103E580015F05AFA25680E222D492B6828465B680A
:103E68009847284617F0A8FE642015F04DFA2568F3
:103E78001C2228492B6828465B689847284617F073
:103E88009BFE642015F040FA25680C2222492B6815
:103E980028465B689847284617F08EFE642015F080
:103EA80033FA256818221D492B6828465B6898470D
:103EB800284617F081FE642015F026FA25680A22A4
:103EC80017492B6828465B689847284617F074FE00
:103ED8004FF47A7015F018FA2468062211492368FD
:103EE80020465B689847204617F066FE4FF4FA5064
:103EF800BDE8384015F008BAA498002078050020DD
:103F08008405002094050020A4050020B8050020A1
:103F1800CC050020DC050020FC0500200C06002054
:103F2800280600203406002010B51021194817F083
:103F380045F8194817F040FEFFF7DAFE00B31921DB
:103F4800164817F03BF8144817F036FEC82015F04D
:103F5800DBF9134B182213491C68236820465B6859
:103F68009847204617F028FE642015F0CDF9162151
:103F78000D4817F023F80848BDE8104017F01CBE9C
:103F88001B210A4817F01AF8034817F015FEFFF727
:103F98001BFFECE71C040020106D002030040020FB
:103FA800A49800200C060020680400204C0400207F
:103FB80010B51F4C1F48214603F0B6FF28B3D4EDB7
:103FC800007A1D4AF5EEC07A1C4B1D496069F1EE76
:103FD80010FA126808601A601DD4B2EE047A194B00
:103FE800194A1B7B67EE877AC2ED007A73B9D4ED64
:103FF800026AD4ED017A66EE876A144A67EE877A18
:10400800134BC2ED006AC3ED007A10BDD4ED016A0E
:10401800D4ED027AEFE79FED0F7AF4EEC77AF1EE6E
:1040280010FADADB9FED0C7A77EE877AD5E700BFD6
:1040380064860020B8B4002028B6002058860020E6
:104048005C860020207000204C86002054860020CA
:1040580050860020000034C30000B4432DE9F0432B
:104068006B4F386803682DED048B1B69A5B0984722
:10407800002800F087803F28054603AC40F287807F
:1040880040222146386817F0D7FD402D06460BD050
:10409800403D202D2A4613A9386828BF202217F052
:1040A800CBFD08B12D1AF4D1002E6BD0594F264400
:1040B800DFED598A4FF000099FED589A9FED588A15
:1040C800DFF87C8101E0B4425CD014F8015B02ABFC
:1040D80001220DF1070138468DF8075004F046F922
:1040E8000428F0D19DF8083003F07F03232B55D026
:1040F8002B2BE8D113A9404604F08EF80428E2D10E
:10410800BDF85A30F2EE049AB0EE680ADFED420AC2
:1041180007EE903A434BF8EEE77A1A68424B67EE9F
:10412800887A1A60414BA7EEA90ADDED1D7AF8EEF0
:10413800E77A67EE897AC3ED007A18F0B9FB3C4B51
:104148003C4A1B7B82ED000A002B4DD1BDF956304D
:1041580007EE103ABDF95830B8EEC77A27EE087A5C
:1041680027EE297A07EE903AF8EEE77A67EE887A32
:10417800314B67EEA97AB44283ED007A2F4BC3ED39
:10418800007AA2D125B0BDEC048BBDE8F0830246CD
:104198002146386817F050FD064685E713A94046C2
:1041A80004F004F804288ED11E4BF2EE049AB0EE07
:1041B800680ADDED177A1A681B4BA7EEA90ADFED2E
:1041C800160A1A60194BC3F8009018F071FB184BC7
:1041D800184A1B7B82ED000A9BB19DED167ADDED36
:1041E800157A27EE297AC3E7BDF9583007EE103A59
:1041F800BDF95630B8EEC77A27EE087A27EE297A45
:10420800B0E79DED157ADDED167A27EE297AAFE74E
:1042180098980020B0B2002000006145ACC527374F
:104228000AD7233C28B60020588600205C86002048
:10423800207000204C8600205486002050860020E4
:1042480044B10020F0B5164D83B06B782A2B23D0EB
:10425800691C00225A4011F8013F2A2BFAD142F377
:104268000F1102F00F040F4B00260D481F688DF840
:1042780001607B5C8DF8003024F012F86946284410
:1042880023F01EFD3B5D01A98DF805608DF8043013
:1042980023F054FF03B0F0BD00242146E3E700BF3C
:1042A80088B30020807C0020554B5A7A5AB3554A6F
:1042B800F6EE006ADFED547A128807EE102AB8EE9F
:1042C800477A77EEC77A67EEA67AF5EEC07AF1EE0E
:1042D80010FA70D49FED4D7A67EE877A9B7A4C4A34
:1042E80007EE103ADFED4B6A92ED006AB8EEC77A36
:1042F800E6EE267AF4EEC77AC2ED007AF1EE10FA0D
:104308005CDC012070471A7AA2B13E499B7A098881
:10431800DFED3E5A07EE103A07EE901A3C4AB8EE27
:10432800C77ADFED3C6AFBEECF7A92ED006A67EE62
:10433800A57ADDE7DA79002AE3D0014610B400282F
:1043480040D03548354C364AD0ED006A207892ED99
:10435800007A002843D0F0EEE67A9FED326AB0EE9C
:10436800C77A314977EEC77AF4EEC67AF1EE10FAD9
:104378003FDCD1ED007AB1EE047A2C4CC2ED006A34
:104388002288F4EEC77AF1EE10FA0BDB77EEC77AE3
:10439800013292B2F4EEC77AF1EE10FAF6DAC1ED14
:1043A800007A22809B7A93421FD800230022184665
:1043B80023800A6010E0DFED1E7A8FE700230020DB
:1043C8001360704700231948174A154C1360018081
:1043D8000120124A236011705DF8044B70470123D5
:1043E8000846C2ED006A2370F6E701205DF8044B29
:1043F800704791ED007A77EE877AC1ED007ABAE7D7
:104408002070002098B60020000000449A99993E38
:10441800608600203333333F1CB60020D9B6002015
:1044280080A30020CDCC4C3D7CA30020A2B6002068
:104438000000000070B5304EF07915F00DF82F4BE4
:104448005A79012A2DD09B79012B18D02C4B1B7837
:104458004BB32C4C2378002B3BD101232A4D184613
:104468002B70FFF721FF40B3307A14F0F5FF274B8C
:104478002A78187032B3264B00221A7070BD254A6C
:10448800137883422BD0244C244923680D685B1B86
:10449800322B24D901281C4D28D0236810700B60BA
:1044A8001EE00028D5D00023174D164C18462B7057
:1044B8002370FFF7F9FE0028D6D1002201232A70C5
:1044C8002370D1E7124A012140F0020011701870E0
:1044D80070BD0D4D002201232A702370C4E70A4DD8
:1044E800084C2378002BE8D12878E2E72B7883F072
:1044F80001032B70D1E700BFC86C0020207000209A
:10450800C5B60020D5B60020D6B60020F3B60020E8
:104518009E7D0020A07D002028B600206CA30020EE
:10452800F8B5734B734C1B88228B73499B1A7348DD
:104538000A789BB20380002A50D0714A5088D2ED85
:10454800026A1B1A1BB207EE903AF8EEE77AF1EE10
:10455800677A87EEA67A6B4B83ED007AB5EEC07A60
:10456800F1EE10FA05D5D2ED037A27EE277A83ED1E
:10457800007A654D6548D5ED007A654B37EE677A68
:104588001B6880ED007A634800681B1AB3F57A6FE0
:1045980002D8614B1B7873BB0026604DA079314669
:1045A8005F4F2E8014F02EFF3146607914F02AFFF9
:1045B8003B78002B40F085802988E07AC943C1F315
:1045C800C03114F01FFFB5F90010207B0029B8BFD7
:1045D8004942BDE8F84089B215F0A2BA484A508865
:1045E800D2ED026A03441BB207EE903AF8EEE77A7E
:1045F80087EEA67AAFE74B4B1B78012BCCD04A4B02
:10460800D1ED046AD3ED007AF4EEE76AF1EE10FA20
:10461800C2DCB0EEC76A5079F1EE045A434D03B2DA
:10462800B4EEE56A2B80F1EE10FA13D55378C01A70
:1046380007EE903A06EE900AF8EEE77AF8EEE66AA8
:1046480086EEA55AE5EE067AFDEEE77A17EE903A81
:104658001BB22B801078314D07EE900AF8EEE77AFE
:1046680067EE877AFDEEE77A17EE900A06B2002E1B
:1046780030462E8037DB28D1B34201DA1E462B8024
:104688005B429E4201DA1EB22E808B7813B17642CD
:1046980036B22E80CB7A23B116F1FA0F1ADA4123FB
:1046A8002B800121A07914F0ADFE0121607914F06E
:1046B800A9FE237F002B3FF47FAF3046FEF756FF5D
:1046C8007AE7FFF7ADF93E7076E71679064436B219
:1046D8002E80D1E7FA2E3346A8BFFA2343F38D0381
:1046E80080331BB2DCE71279B21A16B22E80C3E708
:1046F8009EB60020C86C002020700020A6B60020BE
:104708003470002018B6002020B600201CB6002007
:1047180028B6002048860020C5B60020B2B6002082
:10472800C7B600209E7D0020A8980020987D002014
:10473800184B194AD3ED007A92ED027AF5EEC07A59
:10474800F0EEE77AF1EE10FAB4EEE77ACCBF012387
:104758004FF0FF33F1EE10FA07D51048C3EB0323EF
:104768000F4A00210380117070470D4892F811C05C
:1047780001788C4504D9094AC3EB03231380704799
:10478800937C8B4203D9054B00221A807047002383
:104798000370704754B600206C7D0020B2B600202C
:1047A800CBB600205348544BDFED546A93ED007AA2
:1047B800D0ED025AB0EEC76A30B40278F4EEC65AA9
:1047C8004F4C07EE902A0179F1EE10FAC378F8EE13
:1047D800E77A67EE877A67EEA67AFDEEE77A17EE54
:1047E800902A12B240F3838007EE903ACB1A06EE75
:1047F800903AF8EEE77AF8EEE66A86EEA55AE6EE23
:10480800057AFDEEE77A17EE903A1BB29C469A427B
:104818006ADC1546CCF1000CAC4562DC93B2394A2F
:10482800157805F1010C0A2D82F800C03BD8364DE9
:10483800D5ED007A07EE101AB8EEC77AB4EEE77A2B
:10484800F1EE10FA05D507EE901AF8EE677AC5ED85
:10485800007A4A4207EE102AB8EEC77AB4EEE77A31
:10486800F1EE10FA03DDF0EE477A85ED007AFDEE01
:10487800E77A17EE905A2B441BB299420ADB9A4208
:10488800238009DD13B223805BB182789B1A2380D1
:1048980030BC70470BB22380002BF5DD82781344BF
:1048A800238030BC7047194DB3EE0E6ADFED186AED
:1048B8004FF0000CD5ED007A85ED007A457877EE5B
:1048C800677A82F800C007EE105A0F4D67EE867AB5
:1048D800B8EEC77A27EE267A67EE877AC5ED007AB2
:1048E800A8E75B429BB29AE765461A4692E70BB285
:1048F8008C468CE76C7D002054B60020CDCC4C3E15
:10490800B2B60020CDB60020889E00207C9E0020F4
:10491800CDCCCC3D38B5244B244CB3F9001000293C
:1049280036D1B4F90010224B9A7B12B1494209B230
:104938002180204ADB7B92ED007A07EE903AF0EE78
:10494800C76AF8EEE77AF4EEE76AF1EE10FA09DDE5
:10495800B5EEC07AF1EE10FA12DD002910DD002361
:1049680019462380144D154BE87A1980FF2803D087
:10497800C943C90F14F046FD287BFF280AD138BD6A
:10498800B5EEC07AF1EE10FAECD50029E7DBE9E7DD
:104998002180C8E7B4F900100029B8BF4942BDE832
:1049A800384089B215F0BCB8ACB60020B2B60020C9
:1049B8006C7D002018AB0020C86C0020B0B6002029
:1049C8002DE9F047A2B0274919A811F0FDF819A858
:1049D80010F00CFB002800F09D8100210024804687
:1049E80004A817F0D7FA204D002107A817F0D2FA2B
:1049F80021460AA8274617F0CDFADFF870902E68EE
:104A0800DFF86CA019A810F0AFFA002808BF44F02E
:104A18000104002C3DD12B689B1BB3F5967F38D23F
:104A280019A810F099FC0028ECD019A810F0E4FCA3
:104A3800C1B20D29E6D00A2940F08D8107A9B8F145
:104A4800000F00F0BF8104A817F060FB099C4946DD
:104A580007A84FF00008B4FA84F417F05FFB640964
:104A6800D0E700BF84B6002028B60020380C00200C
:104A78003C06002010F078FA034619A86BB12B68A1
:104A88009B1BB3F5167F08D210F066FC002840F097
:104A980052820C9B19A8BB42ECDBB14916A817F04F
:104AA80079FA16A904A817F0D9FB064616A817F034
:104AB800ABFA202104A817F019FC0446202104A809
:104AC800621C039217F022FC002CC0F294818442ED
:104AD800039A80F290810DF1340A034604A95046E6
:104AE80017F064FC9F495046002E00F08F8117F0A4
:104AF8009FFB002800F03B820AA99B4A16A89B4C02
:104B0800FEF776FB16A817F08BFC80F3080060719F
:104B180016A817F079FA0AA9954A16A8FEF768FBAD
:104B280016A817F07DFC80F30800A07116A817F0EE
:104B38006BFA0AA98F4A16A8FEF75AFB16A817F0AF
:104B48006FFC80F30800607216A817F05DFA0AA9D6
:104B5800894A16A8FEF74CFB16A817F061FC80F3EB
:104B68000800A07216A817F04FFA0AA9834A16A8D7
:104B7800FEF73EFB16A817F053FC80F30800E0711F
:104B880016A817F041FA0AA97D4A16A8FEF730FBC5
:104B980016A817F045FC80F30800207216A817F035
:104BA80033FA0AA9774A16A8FEF722FB16A817F0C7
:104BB80037FC80F30800E07216A817F025FA0AA956
:104BC800714A16A8FEF714FB16A817F029FC80F303
:104BD8000800207316A817F017FA0AA96B4A16A836
:104BE800FEF706FB16A817F01BFC80F308006070A0
:104BF80016A817F009FA0AA9654A16A8FEF7F8FADE
:104C080016A817F00DFC80F30800207116A817F0FD
:104C1800FBF90AA95F4A16A8FEF7EAFA16A817F0E0
:104C2800FFFB80F30800E07016A817F0EDF90AA959
:104C3800594A16A8FEF7DCFA16A817F0F1FB034646
:104C480016A883F30803A37017F0DEF9FEF7E8FE51
:104C5800524A2B6801210DF14009117003F2DC530F
:104C68004F4A48461360FEF7C5F911224D4919A865
:104C780010F002FA19224C4919A810F0FDF9132274
:104C88004A4919A810F0F8F91022494919A810F052
:104C9800F3F900230A22129919A816F0B7FF042283
:104CA800444919A810F0E8F9109F002F00F0A382DA
:104CB800129ED5F80080DEB119A810F055F9034608
:104CC8003246394619A89BB12B68A3EB0803B3F504
:104CD800FA6F0DD210F0D0F9044619A810F046FA70
:104CE800002C00F08482361BD5F800802744E3D1DD
:104CF80019A810F035FD484617F086F9504617F008
:104D080083F90AA817F080F907A817F07DF904A815
:104D180017F07AF9284B219C03F1780219931D9218
:104D2800B4B16368013B636093B92368234A9B6805
:104D3800934240F0C082A368013BA36043B9236853
:104D48001F49DA688A4240F0EC825B68204698473F
:104D580022B0BDE8F08707A817F044FA52E600BF72
:104D68004C0600205806002060060020C86C002071
:104D780070060020840600208C060020980600207B
:104D8800A8060020B8060020C0060020C80600209B
:104D9800DC060020F40600200C070020FEB60020E8
:104DA80080B60020DC0B0020F00B00200C0C00204B
:104DB800200C0020340C0020B42900200901000038
:104DC8001101000013A817F003F913A817F018FB36
:104DD800514616A817F0DEF816A913A817F03EFAE0
:104DE800044616A817F010F9002C40F0AC8013A860
:104DF80017F00AF92AE60DF1340A8849504617F0E7
:104E0800C9F887495046002E7FF471AE17F010FAA2
:104E1800002840F03F818349504617F009FA0028DE
:104E280000F0EB810DF140097F4916A87F4C17F07F
:104E3800B1F8324616A94846FDF712FF16A817F032
:104E4800E3F87B49484617F0BFF97A49484617F016
:104E5800BBF9794B794A16A80193794B79490093A4
:104E6800637FFDF749FE16A9484617F0A9F916A869
:104E780017F0CAF8744B754A16A80193744B754914
:104E88000093A37FFDF738FE16A9484617F098F956
:104E980016A817F0B9F8704B704A16A80193704B12
:104EA80070490093A37EFDF727FE16A9484617F020
:104EB80087F916A817F0A8F8E37E6B4A16A86B497D
:104EC800FDF78EFE16A9484617F07AF916A817F0CE
:104ED8009BF8237F664A16A86649FDF781FE16A946
:104EE800484617F06DF916A817F08EF83346624A4F
:104EF80016A86249FDF774FE16A9484617F060F92E
:104F080016A817F081F85E49484617F05DF95D4923
:104F1800484617F059F95C49484617F055F916A85C
:104F28005A4917F037F816A9484617F049F916A84C
:104F380017F06AF899E619A810F05EFAC1B20AA843
:104F480017F050F9A5E53A2107A817F0CFF907A9F6
:104F5800421C16A817F0FEF916A817F061FA0746C2
:104F680016A817F051F813A817F04EF86EE52D495A
:104F7800504617F05DF90646002800F091812B4C49
:104F88000AA92E4A16A8FEF733F916A817F048FA08
:104F9800607716A817F038F82C4A0AA916A8FEF761
:104FA80027F916A817F03CFAA07716A817F02CF8DE
:104FB8002A4A0AA916A8FEF71BF916A817F030FA0C
:104FC800A07616A817F020F8274A0AA916A8FEF70F
:104FD8000FF9189B16A81E1E18BF012617F014F803
:104FE800234A0AA916A8E676FEF702F9189B16A81E
:104FF8001E1E18BF012617F007F816A81E4A0AA990
:105008002677FEF7F5F8189E16A816F0FDFF002E75
:105018003FF41CAE1E4B1B88238317E65406002062
:10502800580600201C07002010090020C86C00202A
:1050380018090020340900207C09002024070020DA
:105048008409002070090020A009002030070020F2
:10505800AC09002090090020C80900204007002062
:10506800D0090020BC09002048070020D8090020EA
:105078004C070020E409002058070020F40900200C
:105088007010002094080020EC0800206C13002009
:105098009EB600200DF14009A34916A8A34C16F0AE
:1050A80079FF324616A94846FDF7DAFD16A816F02C
:1050B800ABFF9F49484617F087F89E49484617F0C6
:1050C80083F863799C4A16A89C49FDF7E3FF16A963
:1050D800484617F075F816A816F096FFA379984A6F
:1050E80016A89849FDF7D6FF16A9484617F068F89C
:1050F80016A816F089FF637A934A16A89349FDF714
:10510800C9FF16A9484617F05BF816A816F07CFFE9
:10511800A37A8F4A16A88F49FDF7BCFF16A94846FF
:1051280017F04EF816A816F06FFFE3798A4A16A80A
:105138008A49FDF7AFFF16A9484617F041F816A8A7
:1051480016F062FF237A864A16A88649FDF7A2FF61
:1051580016A9484617F034F816A816F055FFE37A52
:10516800814A16A88149FDF795FF16A9484617F008
:1051780027F816A816F048FF237B7D4A16A87D4914
:10518800FDF788FF16A9484617F01AF816A816F072
:105198003BFF6378784A16A87849FDF77BFF16A984
:1051A800484617F00DF816A816F02EFF2379744A12
:1051B80016A87449FDF76EFF16A9484617F000F8BF
:1051C80016A816F021FFE3786F4A16A86F49FDF775
:1051D80061FF16A9484616F0F3FF16A816F014FF4B
:1051E800A3786B4A16A86B49FDF754FF84E60120A3
:1051F80014F08AF860E5684F5AE56849504617F098
:1052080017F8002851D00DF14009654916A816F085
:10521800C1FE324616A94846FDF722FD16A816F02B
:10522800F3FE6049484616F0CFFF5F49484616F03E
:10523800CBFF5E49484616F0C7FF5D49484616F061
:10524800C3FF5C4916A816F0A5FE13A8FDF762FF78
:1052580013A916A816F0D6FF574916F0DBFF01462A
:10526800484616F0ADFF13A816F0CEFE16A816F0A5
:10527800CBFE5249484616F0A7FF5149484616F05A
:10528800A3FF5049484616F09FFF4F49484616F07D
:105298009BFF4E49484616F097FF4D4916A840E631
:1052A8003E49504616F0C4FF40B90DF14009484642
:1052B800FEF73CF8D9E4204698473CE5DFF818812A
:1052C8003446444A0AA908F1010716A8FDF790FFD9
:1052D800C8F80260C8F80660C8F80A60C8F80E6026
:1052E800189B214616A89C4204F1010406D216F028
:1052F800C9FF102C037807F8013FF1D141F2E1030F
:105308001222B2210DF140093348A8F8003014F0F8
:10531800E9FA16A816F078FE00214846FDF76AFE5D
:10532800A3E42046904713E570070020C86C0020CE
:1053380080070020A807002060060020E40700205E
:1053480070060020F40700208406002004080020CE
:105358008C0600200C080020980600201808002061
:10536800A80600202C080020B80600203C080020D1
:10537800C006002044080020C80600204C08002071
:10538800DC06002064080020F406002074080020D1
:105398000C070020840800209B6B00206007002079
:1053A800040A0020100A0020340A0020700A002095
:1053B8000C140020B80A0020981500207C0B00204F
:1053C800040B002070100020900B0020EC08002037
:1053D8006C1300206807002090860020214B70B5D0
:1053E8001C680646621C1A600CB1304670BD1E4D22
:1053F80021464FF4AE72284622F0FEF81B4B4FF0C0
:10540800FF3205F12B005968EA60C5F81F101A68C9
:105418009968DB68C5F81B20F022C5F823102146DF
:10542800C5F82730C5F81540A5F8194022F0E4F86A
:1054380001210F4B3046C5F8204185F82611A5F803
:105448002441C5F82C41C5F858411D60C5E94E44B2
:10545800C5E95244C5E94C44C5E95044C5E954443A
:1054680070BD00BF389F0020409F0020E822002028
:105478003C9F002090F895302DE9F04104460D46F8
:10548800062B00F24381DFE803F018263F546270D0
:1054980004000A2900F0EA800122A36E84F896200D
:1054A80003B1984700234FF4C84284F89530A4F814
:1054B800642084F89630BDE8F081002324294FF059
:1054C800010280F8963000F0CC80836E80F8962038
:1054D800002BE6D1E6E7084621F054F9002800F051
:1054E800818094F8643094F865209A4272D9042B2C
:1054F80000F204815A1C84F86420E55494F898302A
:105508006B4084F89830D6E790F8642090F86530BE
:105518009A425FD22A2900F098802C297AD090F8F4
:105528009830511C6B4080F8641080F8983085548E
:10553800C1E7A1F13003092B3DD9084621F038F91C
:10554800462D2DD860B3A5F137035BB234E0A1F145
:105558003003092B18D9084621F02AF958B1462DED
:1055680009D8A5F137035BB20FE00D2994D10623C2
:1055780080F895309FE7284621F00CF900288BD059
:10558800662D89D8A5F157035BB25A1C84D094F8CC
:1055980099200521134384F8951084F899308AE7F7
:1055A800284621F0F7F8662D3FF676AF00283FF43D
:1055B80073AFA5F157035BB2591C3FF46DAF94F874
:1055C8009920DBB2042142EA031384F8951084F889
:1055D800993070E70222A36E84F89620002B7FF49E
:1055E80060AF5FE72A2D21D02C2D7FF455AF94F8BA
:1055F8006530022194F89820013B94F8640082F009
:105608002C02DBB284F8982084F86530E05484F8E2
:10561800951050E790F89810013B81F02C01DBB20F
:1056280080F8981080F86530C25444E794F86530E3
:10563800032294F86410013B84F89900DBB284F8E3
:105648006530E15484F8952035E7013B00200321BB
:10565800DBB284F8990084F86530E25484F8951038
:1056680029E780F8983080F8952024E790F897305B
:105678006BB190F8992090F898309A4207D004229C
:10568800836E80F89620002B7FF40BAF0AE794F81E
:1056980063704FF0000C14F8078004F807C094F802
:1056A80094E0BEF1000F22D004F17405661E6B1F52
:1056B800304613F8012F10F8011F8A4218BF2D2A0F
:1056C80001D02D290CD19D42F3D14FFA8CFC04F85E
:1056D80007800CEB4C0C04EB8C039B6F9847E1E6BE
:1056E8000CF1010C0C355FFA8CF37345DFD304F829
:1056F8000780E36E002B7FF4D4AED3E60322A36EBB
:1057080084F89620002B7FF4CCAECBE60522836E7E
:1057180080F89620002B7FF4C4AEC3E610B513F0D2
:1057280013FF4C4B19684A1C1A60002975D04A4A65
:105738004A494B4817F070F94A4A1368591C1160D6
:10574800002B7FD0444A4849484817F065F9484833
:10575800FFF744FE404A4749454817F05DF9464877
:1057680002F09AFC3C4A4549434817F055F942492A
:10577800434802F0DBFD384A4249414817F04CF9EA
:10578800414810F0CFFF344A40493F4817F044F9E8
:105798003F4A404B11795488FF223F489C804FF480
:1057A800C84418609971DA713C4810F0BBFF2A4A66
:1057B80036493A4817F030F9394810F0B3FF264A0D
:1057C8003249374817F028F9364810F0ABFF224A1B
:1057D8002E49344817F020F95021334810F0A0F929
:1057E8001D4A3249304817F017F9314B00224FF063
:1057F80080713048DA66C3F89410A3F89820C3E99A
:10580800194202F087FB144A2B492A4817F004F979
:105818002A4A2B4B12681A6010BD2A4C4FF4EE72BC
:10582800204621F0E9FE04F1440011F095F904F155
:10583800CC0011F091F904F5AA7011F08DF9224B02
:105848001C6074E7214C20462AF022F9204B1C608A
:1058580078E700BF9CA00020F0760020650B0000D0
:10586800F4A2002080A200203D0B00001CA3002011
:10587800D4A20020150B000044B100206557000099
:10588800B0B2002079590000C499002011390100F4
:10589800E86C00207C860020D02800203899002061
:1058A800AC980020509A002084B60020C93001002E
:1058B80008B40020B8B400203955000028B60020EC
:1058C8002CAC0020A4A00020A0A0002088A20020CA
:1058D80084A200206548664A90ED007AD2ED007AED
:1058E800BDEEC77A634AFDEEE77A634B63491B88CE
:1058F80017EE900A097870B58CB0029217EE102A4C
:10590800ADF80E30ADF80C205D4AADF810001278F5
:1059180009B142F002025B49097809B142F0040278
:105928005949097809B142F00802584C5848216889
:105938000068091AB1F57A6F5649097838BF42F0FC
:10594800100209B142F020025349097809B942F01E
:105958004002524906A8524D8DF812200A88110AB1
:105968008DF81320B5F918208DF814109B1A111210
:105978008DF815209BB28DF81610F92143F30722F4
:105988008DF8173000238DF8182002AA01E012F8CC
:10599800011F0B448242DBB2F9D1424A8DF819301B
:1059A800166830460FF0EEF8012835D03E4A2368D5
:1059B80011685B1AB3F5FA6F2CD93C4B47F6936024
:1059C8002168ADF81C0011609321D3F802202878D3
:1059D800CDF81F20D3F806208DF81E000DF12E00FB
:1059E800CDF82320D3F80A20D3F80E30CDF827209D
:1059F80007AACDF82B30002301E012F8011F0B4451
:105A08009042DBB2F9D130468DF82F300FF0BAF85A
:105A1800012815D00CB070BD254B07A947F23C32C0
:105A280024480793244B5B68089310F001FC12226A
:105A380002A9204810F0F2FA1E4810F05FFDB5E701
:105A48001D4B69461A4842F20F725B68CDE90003A4
:105A5800184810F0EDFB142207A9164810F0DEFADA
:105A6800144810F04BFD0CB070BD00BF4C860020F0
:105A780060860020F97E34049EB60020CAB6002055
:105A8800C8B60020C9B60020C4B6002028B6002039
:105A980048860020C5B600209E7D00209AB60020CA
:105AA800C86C0020D0A2002050A3002090860020BF
:105AB800D0280020AC9800207C86002010B56F48C4
:105AC8008AB010F0CFFA041E01DC0AB010BD232200
:105AD80001A96A4810F0A0F9BDF9042047F6F86159
:105AE8009DF805009DF804308A4200F0B28028DC59
:105AF80047F62C618A4259D047F6F7618A42E4D1C9
:105B0800052CE2DD01A902A8002201E011F8013FFD
:105B18001A448142D2B2F9D19DF809309342D4D1C6
:105B280057480622BDF80630A8219DF80840438052
:105B3800047113F0D7FE4FF0E023524AC3F80C2D3E
:105B4800C3E747F6FA618A42BFD1132CBDDD01AA2B
:105B58000DF11600002101E012F8013F19449042AE
:105B6800C9B2F9D19DF817308B42AED1464B9DF89A
:105B780006201B78B3EB121FA7D14448DDF8073085
:105B8800DDF80B10DDF80F20DDF81340C0F8023007
:105B980041F2E103C0F80610B221C0F80A2012222F
:105BA800C0F80E40038013F09DFE8EE7122C8CDDAA
:105BB80001A90DF11500002201E011F8013F1A4476
:105BC8008842D2B2F9D19DF8163093427FF47DAF66
:105BD8002D4B9DF80710BDF8102099719DF80910FC
:105BE80052BA9DF8060099729DF80B109DF808406E
:105BF80019729DF80D1058715A809DF80A009DF889
:105C0800122019739DF80F105C72D8719DF80C4022
:105C18009DF80E001971D107DC72587002D51C4925
:105C280009881983C2F38004C2F3C0029DF81300E7
:105C38001A779DF814109DF81520DC769A779876D7
:105C48005977FDF7EDFE4FF0E0230E4AC3F80C2D0F
:105C58003BE7032C7FF739AF03449DF806209DF8F6
:105C6800071052FA83F3DBB299427FF42EAFD307C1
:105C78007FF52BAFFFF72EFE27E700BFAC9800207B
:105C8800E86C00200400FA05C86C0020908600200B
:105C98009EB600201E4B00B5186885B00EF072FF46
:105CA800012802D005B05DF804FB1A4A48F2210128
:105CB8000DF10500136A128CADF800102121ADF822
:105CC80002201A141B0E8DF804206A468DF8053040
:105CD800002301E012F8011F0B448242DBB2F9D124
:105CE8000D4847F248128DF806300C4943680C48B5
:105CF800CDE9021302A910F09BFA07226946084869
:105D080010F08CF9064810F0F9FB05B05DF804FBBB
:105D1800D0A20020B07C00207C860020D028002063
:105D2800509A0020052940F315812DE9F04F467857
:105D380085B0B0F802808B4606F1050A054698FA48
:105D480098F890F8049051451FFA88F840F3FA80C3
:105D580048464FF0050E01277F4CD94606EB182C14
:105D68005CFA88FC8444A6B10EF1FF3306F1FF3BD0
:105D780005EB0E0203902B4452FA8BFB13F8011F1C
:105D880020685A1B9B458C44A2EB0E028154F5D126
:105D98000398C4F80480C4E9020615F80A3063447D
:105DA800DBB2002B40F0AF80052872D8DFE800F0A6
:105DB8004F3E3771310323681B681BBA236167495B
:105DC800236A0A680133642A23627ADC01320A6092
:105DD800E369002B65D13E44063606F0FF0707F15C
:105DE800040ECE4580F29880EE5DEB1906EB0E0AA4
:105DF8005A7893F80280CA45D87848EA0228ADDB79
:105E0800A2685749574815F0F3FE012005B0BDE8D0
:105E1800F08F23681B885BBA1B042361CFE72368D4
:105E28001B885BBA9BB21B012361C8E700214E485F
:105E380015F0C4F84B4815F0BFFE03214B4815F088
:105E4800BDF8484815F0B8FE0123E361B7E72369B8
:105E5800A26903EB08003118914239D86169884278
:105E68004349096838BF60610B4403F1204303EBE1
:105E78000800404B1B6803F1C043934264D301F10F
:105E880020413246B1F5000F216824D312F0A2FF59
:105E980095E7062842D007282DD0324815F08CFE09
:105EA800AEE7304815F088FE6269A369324901936C
:105EB8009B1A00922B48226A15F09AFEFFF7EAFE19
:105EC80089E700232D480B60012115F077F87FE75B
:105ED8000A46A161C2E701F0E3FF00283FF46FAF73
:105EE8008046204815F068FE254942461D4815F0B1
:105EF8007FFE01208AE723491A4815F079FE012020
:105F080005B0BDE8F08F14211F4815F057F8154863
:105F180015F052FE012079E7002077E71B49114868
:105F280015F066FE124B4FF0C040D4E905218A1ADD
:105F38001968FCF775FD4FF0E023154A0020C3F8F7
:105F48000C2D63E7044C5BE71249064815F050FE38
:105F580001205BE700207047B07C002078A3002078
:105F6800E00C0020106D0020380C0020BC0C002034
:105F780058AC00205CAC0020000D0020EC0D002087
:105F8800900C0020CC0C0020500C0020C00C0020ED
:105F98000400FA05680C0020164A10B5044684B0BF
:105FA80010680EF0EFFD012822D1134A48F22203AF
:105FB80012481278ADF80030A2F15E03406810492B
:105FC80054FA83F303908DF8022047F248120291A5
:105FD80002A90C488DF804308DF8034010F028F918
:105FE80005226946074810F019F8064810F086FAA5
:105FF80004B010BDD0A20020C86C00207C86002010
:10600800D0280020509A0020F0B5554883B010F0F1
:1060180029F8041E01DC03B0F0BDB4F5FA7F274669
:10602800504DA8BF4FF4FA774F4E29464C483A4690
:106038000FF0F2FE3378002B51D1288848F2200265
:1060480029789042E7D1052CE5DD2A46281D01E094
:1060580012F8011F0B448242DBB2F9D16A799A42E5
:10606800D9D1424BAA781B78B3EB121F69D12B798F
:10607800012B02D0EB78002B6FD13D4C3D4D2146D2
:10608800284601F0DFFE00285DD004224FF40053BB
:106098003949009239483A4A15F0AAFD2268296818
:1060A800384801F120440091374B1144920AB4F565
:1060B800000F28BF034601913048344915F098FD78
:1060C8001921334814F07AFF2C4815F075FD012387
:1060D8006420337003B0BDE8F040FFF75DBF042CC7
:1060E80008DD2B783A2B23D139462846FFF71AFECC
:1060F800002890D0214815F05FFD0D21254814F0A7
:106108005DFF1E4815F058FD23491C4815F070FD29
:1061180041F2883013F0F8F8154A164B11681868E0
:1061280001F09EFE4FF0E0231C4AC3F80C2D72E7E5
:106138001B4B1C4911489A6803B0BDE8F04015F0A4
:1061480057BD6520C6E71F21174814F037FF0B48D5
:1061580003B0BDE8F04015F02FBD6620BAE700BFD8
:10616800509A0020A4960020C6B60020C86C0020D3
:106178005CAC002058AC0020F0040020106D00201A
:10618800E4040020A40400209C040020180500203A
:106198003C050020A8040020B80400200400FA05EB
:1061A800B07C0020E00C0020580500200000000012
:1061B800594B70B593E80300584D82B02C24584EC3
:1061C80085E803005749E81D21F07AFD0346564942
:1061D80001301C7021F074FD0346544901301C70D5
:1061E80021F06EFD0346524901301C7021F068FD14
:1061F8000346504901301C7021F062FD03464E49A8
:1062080001301C7021F05CFD03464C4901301C70C4
:1062180021F056FD03464A4901301C7021F050FD1B
:106228000346484901301C7021F04AFD4649047074
:10623800013021F045FD3288034644481A801EF09B
:1062480025FD9FED337BB4EEC70BF1EE10FA43DC6E
:1062580032482C2422F024F83D493288D1ED007AC6
:106268002A520A22FDEEE77A3A4B3B4917EE900A8A
:1062780000B218801EF05EFD284822F011F8364959
:10628800284421F01DFD0346344901301C7021F0DB
:1062980017FD0346324901301C7021F011FD0346F9
:1062A800304901301C7021F00BFD2F4B1B880380F7
:1062B800FDF7C8FF194821F0F3FF2C4B2A181C885A
:1062C80099782B4B2C52841C917018680EF05AFC4C
:1062D800012806D002B070BD1C49284621F0DEF91D
:1062E800B6E7244B6946244842F20F725B68CDE951
:1062F800000322480FF09CFF224608491F480FF070
:106308008DFE1E4802B0BDE8704010F0F7B800BF1F
:106318009A9999999999C93F0804002088B300204F
:1063280010040020E4B200201CB3002018B30020A1
:1063380030B300202CB30020E0B20020ECB30020E2
:106348008486002030AB00201CAB00200CB6002057
:106358004C8600209CB6002030AC002040AC0020C9
:1063680038AC002048AC0020140400201804002099
:10637800D0A200207C860020D0280020C4990020CC
:10638800F0B5831D2DED048B99B08279029392B1FB
:10639800073001234FF0000E18A92A2A03F1010C37
:1063A80001EB83010BD02C2A09D002780130002A96
:1063B800F2D10B2B0FD819B0BDEC048BF0BD0278CD
:1063C8005FFA8CF300F801EC41F8580C0130002A10
:1063D800EFD0162BE0D10B9D28461EF05BFC002861
:1063E800E9DD029C204621F05BFF0D2800F2AA801F
:1063F800049800241EF04AFCB0EEC07BB5EEC00B3A
:10640800594B5A49B2EE048BFDEEC76B5C70F1EE46
:1064180010FA5748574FB8EEE65B574E4CBF532219
:106428004E2237EE457B1A7016EE902A9FED4A9B56
:1064380027EE097B8DED007B20F0A8FE03981EF067
:1064480025FCB0EEC07BB5EEC00B4C4B4C49FDEEC5
:10645800C76B5C70F1EE10FA4A48B8EEE65B4CBFC9
:106468005722452237EE457B1A7016EE902A27EE02
:10647800097B8DED007B20F089FE05990B223846BB
:1064880021F0D8F9404BFC7230462A780D995C709F
:106498001A70032221F0CEF93C493D4A3D4B116068
:1064A800302209981A80F4701EF0F0FB3A493B48F4
:1064B8003B4D9FED2B7B20EE077B53EC172B20F0F9
:1064C80065FE384A384B126806981A601EF0DEFBE3
:1064D80020EE080B354B0798B7EEC00B83ED000A8A
:1064E8001EF0D4FB20EE080B0898B7EEC00B85ED24
:1064F800000A1EF0CBFB20EE080B2D4B0A222D497B
:10650800B7EEC00BFDEEC07A83ED000A17EE903AA5
:1065180018B21EF00FFCD5ED007A0A222649FDEECE
:10652800E77A17EE903A18B21EF004FC0A222349C3
:1065380020461EF0FFFB19B0BDEC048BBDE8F0400F
:10654800FFF736BE1E4B0B2204F10801184621F056
:1065580071F90022C2724BE70000000000004E40B3
:1065680000000000F819FF3F18B30020580F002062
:106578001CB3002030AB0020ECB300202CB300206B
:10658800640F002030B30020E0B20020312E30002C
:10659800848600201CAB0020700F00200CB6002061
:1065A8005086002028B60020588600204C860020FF
:1065B8005486002040AC002038AC002048AC0020B5
:1065C800E4B20020242810B511D0124C23789E2B59
:1065D80014D90A2800D010BD0F48002122780F4B8B
:1065E800815402689A420CD00023237010BD002306
:1065F8000122084C08492270C854EAE75A1CD2B252
:10660800F8E7828842F654439A42EDD1FFF7B8FE84
:10661800EAE700BFCCB600208C9E0020244B5358DC
:106628002DE9F041544C94F86550C5F16405002DEE
:106638000ADC524A01205249524B126808701A600B
:10664800BDE8F041FFF7B4BD94F86310002694F854
:10665800627021444C4814F80780E65521F06EFD1D
:10666800012D04F80780E4D094F8621094F8617062
:106678002144464814F80780E65521F05FFD022DB5
:1066880004F80780D5D094F8611094F8607021441C
:106698003F4814F80780E65521F050FD032D04F813
:1066A8000780C6D094F8601094F85F702144394888
:1066B80014F80780E65521F041FD042D04F8078001
:1066C800B7D094F85F1094F85E702144324814F8FB
:1066D8000780E65521F032FD052D04F80780A8D083
:1066E80094F85E1094F85D7021442C4814F80780E3
:1066F800E65521F023FD062D04F8078099D094F87B
:106708005D1094F85C702144254814F80780E6551C
:1067180021F014FD072D04F807808AD094F85C1046
:1067280094F85B7021441F4814F80780E65521F05F
:1067380005FD082D04F807803FF47BAF94F85B1043
:1067480094F85A702144184814F80780E65521F047
:10675800F5FC0C2D04F807807FF76BAF94F85650C2
:10676800334694F85710665D10482144635521F06C
:10677800E5FC66555DE700BF08B4002028B6002098
:10678800E7B600202CAC0020E4B200201CB30020A7
:1067980018B3002030B300202CB30020E0B2002052
:1067A800ECB300208486002030AB00201CAB002016
:1067B8004F499FED507AD1ED007A4F4A67EE877ABC
:1067C8004E4B12681B68FDEEE77AD21A17EE903A24
:1067D800B2F57A6F30B543F30721494C83B0637142
:1067E800A17153D2474A484B92ED007AD3ED007A13
:1067F800BDEEC77AFDEEE77A17EE102A17EE903A4B
:1068080042F30721E271DDB2C3F3072321723F4946
:106818003F48B1F90010A37281EAE17300783D4A5C
:10682800A3EBE173E07202F10B006572237300239E
:1068380012F8011F0B44904299B21BB2F8D1364BA3
:1068480061731C6820460EF09DF9012825D0334B52
:106858001B89CBB1324A0023324DD2ED007A05F1C3
:106868000C006A1CFCEEE77A17EE901A697112F8B0
:10687800011F0B44904299B21BB2F8D120466973AC
:106888000EF080F901281CD003B030BD0F2127225B
:106898002223B825E1712272B9E7234B69462348C0
:1068A80042F20F725B68CDE9000321480FF0C0FC8B
:1068B8000E2213491E480FF0B1FB1D480FF01EFEB3
:1068C800C5E7194B6946194C42F20F725B681848C4
:1068D800CDE900430FF0ACFC0E22124914480FF02A
:1068E8009DFB134803B0BDE830400FF007BE00BF62
:1068F80018B600200000C84228B60020588600209C
:10690800006D00204C86002054860020B2B600207E
:10691800F3B60020016D0020D0A2002020700020D6
:1069280060860020F06C00207C860020D0280020A3
:10693800C4990020284A9FED297AD2ED007A284B85
:1069480067EE877A274AB3F900302749FDEEE77AE0
:10695800106870B5254C82B00978E3711B1261721A
:10696800237217EE903A1BB21A126371A2710EF0DD
:1069780009F9012801D002B070BD1D4E42F20F7214
:106988001C4D694673681C48CDE900530FF050FC54
:106998000B22214618480FF041FB17480FF0AEFDB7
:1069A800164B174A1B6812689B1AB3F57A6FE2D226
:1069B8007368694642F20F720F48CDE900530FF031
:1069C80037FC0B220F490C480FF028FB0A4802B08D
:1069D800BDE870400FF092BD18B600200000C84214
:1069E800A6B60020D0A20020F3B60020987C002094
:1069F8007C860020D0280020C499002028B60020DA
:106A080058860020A47C00202349244BD1ED007A2D
:106A1800B3F90030FDEEE77A214A224810B5224C3E
:106A280082B051791A12E37117EE903A00781BB2CE
:106A380022726072A21C4FEA232C637104F10C00CD
:106A48000023A17084F806C001E012F8011F0B446E
:106A5800824299B21BB2F8D1144B617318680EF0D8
:106A680091F8012801D002B010BD114B6946114CB4
:106A780042F20F725B681048CDE900430FF0D8FB73
:106A88000E2209490C480FF0C9FA0B4802B0BDE8BC
:106A980010400FF033BD00BF18AB0020B0B6002087
:106AA800E86C0020F3B600200C740020D0A200206F
:106AB8007C860020D0280020C499002070B540486A
:106AC80082B00FF0CFFA021E2CDC3E4C23782BB19B
:106AD8003D4C206803681B699847A8B93B4B5C7F0D
:106AE80084B93B4D2B786BB13A4A3B491368096826
:106AF8005B1A282B06D9394913680A689B1AB3F51B
:106B08007A6F25D302B070BD206803685B69984727
:106B180004463348E4B22146FEF7ACFC2046FFF7B2
:106B280051FDDBE7B2F5805F264C2E49A8BF4FF434
:106B38008052234801920FF059FB2378002BCDD0C7
:106B4800214B019A1868274903685B689847BDE795
:106B5800254B0A22254ED3ED007A2549FDEEE77A2A
:106B680017EE903A18B230801EF0E4F8214B0A2252
:106B78002149D3ED007AFDEEE77A17EE903A18B284
:106B880030801EF0D7F81D4B0A221D49D3ED007A3C
:106B9800FDEEE77A17EE903A18B230801EF0CAF888
:106BA800184B0A221849D3ED007AFDEEE77A17EE62
:106BB800903A18B230801EF0BDF82C70A2E700BFE2
:106BC80038990020CAB60020A4980020C86C00207C
:106BD800E7B6002028B600202CAC002058860020FC
:106BE80008B40020A48600204C8600209CB6002013
:106BF80030AC00205486002040AC00205086002095
:106C080038AC00205C86002048AC002010B588B065
:106C18002B4968460FF040F92A4B48F2801CCB20DC
:106C280007225979ADF810C093F803C093F802E031
:106C38008DF813008DF8142018799DF804209DF81C
:106C480006308DF816C09DF805C08DF817000DF1B7
:106C58001B008DF819200DF112028DF81B3000234E
:106C68008DF812108DF815E08DF818108DF81AC0EF
:106C780001E012F8011F0B44824299B21BB2F8D10D
:106C8800114B8DF81C1018680DF07CFF012801D0FD
:106C980008B010BD4FF0FF330C4C02A942F20F723E
:106CA8000748CDE902430FF0C3FA0D2204A90448AE
:106CB8000FF0B4F902480FF021FC08B010BD00BF76
:106CC800C4990020E86C0020D0A20020D028002021
:106CD80000B59BB064227E4801A90FF09DF89DF88D
:106CE8000430802B02D01BB05DF804FB9DF8053002
:106CF800812BF8D19DF806307F2BF4D19DF8073011
:106D0800FB2B48D012D8C92B7DD0CA2B3ED19DF879
:106D18000830032BE7D19DF80930CA2BE3D19DF841
:106D28000A30CA2BDFD1FFF771FFDCE7FC2B00F03C
:106D38008E80FE2BD7D1BDF80930664A06EE103A90
:106D4800BDF90C30644907EE103AB8EEC66B9DF8F1
:106D58000B30B8EEC77B614803F001039FED564B3B
:106D68009FED575B037026EE046B27EE057BB7EEAD
:106D7800C66BB7EEC77B81ED006A82ED007AFFF73C
:106D880017FD574A574B12681A60ACE7C82BAAD1AF
:106D9800FFF7D0FDA7E79DF80920534B9DF80C108D
:106DA80002F001009DF80AC01870C2F3400083F891
:106DB8000AC001F0010C5870C2F3800083F80BC0C0
:106DC800C1F3400C9870C2F3C00083F808C0C1F347
:106DD800800CC1F3C001D87083F809C0C2F3401019
:106DE800C2F3001C1973C2F38011D20983F804C0DE
:106DF800DA7158719971FCF713FE4FF0E0233B4AA2
:106E0800C3F80C2D6FE79DF80830052B7FF46BAFA6
:106E18009DF80930C92B7FF466AF9DF80A30C92B5D
:106E28007FF461AF324806229DF80C109DF80D30B2
:106E38009DF80BC0C170A821037180F802C012F040
:106E480051FD4FF0E023294AC3F80C2D4BE79DF87C
:106E58000C209DF8103007EE902A9DF809C007EE27
:106E6800103A9DF80D30B8EE676B9DF80A00B8EE41
:106E7800477B05EE903A1F4BF8EE655ABDF80E10A9
:106E88001A7183F800C05871C3ED025A59809FEDFA
:106E98000E3B9FED0B4B26EE036B27EE047BFCEEBF
:106EA800C66BB7EEC77B16EE902A5A7083ED037A4D
:106EB800FCF7B6FD17E700BF9A9999999999B93FD8
:106EC8007B14AE47E17A843F333333333333F33FB4
:106ED800C499002020B60020A8980020C5B600203C
:106EE80028B6002048860020207000200400FA05FB
:106EF800E86C00203470002010B58C489AB00FF070
:106F0800B1F8041E01DC1AB010BD642201A987483B
:106F18000EF082FF9DF80430802BF4D19DF80530E7
:106F2800812BF0D19DF806307F2BECD19DF80730EE
:106F3800C83B212BE7D801A252F823F01B470000D9
:106F4800D5460000214700002745000027450000DE
:106F58002745000027450000274500002745000079
:106F68002745000027450000274500002745000069
:106F78002745000027450000274500002745000059
:106F88002745000027450000274500002745000049
:106F98002745000027450000274500002745000039
:106FA8002745000027450000274500002745000029
:106FB80027450000274500002745000067460000D8
:106FC800E54500000D2C9EDDBDF90930F2EE046A9E
:106FD800574A07EE903A9DF80B301178F8EEE77AA9
:106FE8005448013113F0010387EEA67A117080ED41
:106FF800007A00F09780504B01221A70BDF90C30CE
:10700800F2EE045A9FED4D6A07EE103A9DF80E30E5
:107018004B4AB8EEC77A07EE903ABDF80F40F8EE43
:10702800E77A4849C7EE256A1480474B47480968FC
:10703800474A67EE867A1160C0ED007AC3ED006AB0
:10704800FFF7E2FC5FE7132C7FF75DAF9DF80B10AD
:10705800DFED406A07EE901A9DF80F309DF80900A1
:10706800F8EE677A9DF80A2007EE103A3A4B049C2E
:1070780067EEA67A18705A70B8EE477ABDF80D0018
:10708800FCEEE77A9DF814209DF80CC01A749970EC
:1070980017EE902A9DF81610D8809DF81500DC6030
:1070A80083F804C0DA7083ED027A98745974FCF797
:1070B800B7FC28E79DF80830052B7FF424AF9DF82E
:1070C8000930C92B7FF41FAF9DF80A30C92B7FF414
:1070D8001AAF224806229DF80C109DF80D309DF835
:1070E8000B40C170A8210371847012F0FBFB4FF0B4
:1070F800E0231B4AC3F80C2D05E7FFF71BFC02E74A
:107108009DF80830032B7FF4FEAE9DF80930CA2B9A
:107118007FF4F9AE9DF80A30CA2B7FF4F4AEFFF77E
:1071280075FDF0E6044913700B7067E7C4990020F9
:10713800CBB6002054B60020C5B60020CDCCCC3D3F
:10714800ACB6002028B6002070B60020A898002011
:10715800488600209A99993F6C7D0020E86C0020B1
:107168000400FA05414B1B7870B5A3B9404C607A0E
:10717800FF2808D1A07AFF2800D170BD11F0C4FE05
:107188003C4B188070BD11F0BFFE3B4B1880A07AB5
:10719800FF28F2D0F2E7394D0126394C00212B881F
:1071A800204684F83061B34084F82F6184F8A53014
:1071B80001F006FC3146204601F0DAFC2978334616
:1071C8000222204601F054FD94F8A21094F8A3007E
:1071D800814248D28A196318D2B293F91A30904280
:1071E8004FEA032384F8A2203DD922440231927E3B
:1071F80084F8A21013439BB2224923480A78865C7C
:107208006EB3032E22D0531C2A8803F003035200C6
:10721800C55C0B7001211A4884F8A52084F8301148
:1072280084F82F1101F0CCFBA5B1032D09D08321DF
:10723800134801F0C5FB01211148BDE8704001F079
:1072480097BC70210E4801F0BBFBF0E71B0A094E02
:107258003380D8E740210A4801F0B2FBE7E75B0832
:10726800054E3380CFE74FF6FF73C5E7C4B600205D
:10727800C86C002098B600209EB60020967D00209D
:1072880044700020D2B60020E02A0020F8B5504B08
:107298001B78FBB14F4E3378002B3CD04E4F012565
:1072A8004E4C00213B88204684F83051AB4084F88E
:1072B8002F5184F8A53001F083FB2946204601F0C0
:1072C80057FC2B4602223978204601F0D1FC0228CF
:1072D8003ED0F8BD424B587AFF28FAD011F014FE80
:1072E800404A9FED417AD388404CA3F5006340495A
:1072F800527B184400B207EE900A2080F8EEE76A45
:10730800C6EE877AC1ED007A002AE2D0F1EE677AFC
:10731800C1ED007AF8BD304B0125304C1B88294659
:10732800204684F83051AB4084F82F5184F8A530BA
:1073380001F046FBC121204601F042FB8321204693
:1073480001F03EFB2946204601F012FC3570F8BDDD
:1073580094F8A21094F8A300814231D24A19631814
:10736800D2B293F91A3090424FEA032384F8A2204C
:107378002BD922440231927E84F8A2101949134372
:107388009FED1C7ACA8823EAE3731948A2F5D45200
:10739800C3F34E03497B153A1344144A1BB207EE54
:1073A800903A1380F8EEE76AC6EE877AC0ED007A65
:1073B80019B1F1EE677AC0ED007A00233370F8BD99
:1073C8006FF0FF034FF0FF32D8E74FF0FF32D5E7F9
:1073D800C4B60020D8B60020967D00204470002056
:1073E800C86C00206C7D00200AD7A341A4B60020F9
:1073F80018AB002000008842F8B5534B534E1C6868
:1074080020460DF0F3FAFDF7DBFA514B1B7823B158
:10741800504B32681B689A4275D84F4A33681168D6
:107428004E4D5B1A182B11D933681360AB7F002BB4
:107438004BD1FFF797FEFCF7FDFFFDF771F82046EB
:107448000DF0A0FB012871D0FCF73AFA444B1B78E9
:1074580033B1AB7E002B5CD0012B01D1FCF7FEFDD4
:10746800FFF72CFBAB7F20460BBB0DF08BFB0128F5
:107478005FD020460DF086FB012823D0394B1B78BE
:107488008BB1394C206803681B69984758B120684C
:10749800364A036814685B699847236801462046A2
:1074A8001B68C9B29847BDE8F840FCF7ADB90DF0C4
:1074B80069FB0128DDD1FFF71FFD20460DF062FBB7
:1074C8000128DBD1FEF7A0FDD8E7294FFFF7DEFE44
:1074D800287A11F0C1FF3870E87911F0BDFF254A0C
:1074E800336812689B1A3A78B3F57A6F42EA40001B
:1074F800387011D2204B1B7873B1204B1B7C03B31F
:10750800FDF716F90BE04FF0E0231D4AC3F80C2DE8
:1075180083E7FCF74DFDA3E71A4B00221A80FDF71D
:10752800F9F920460DF02EFB01288DD1FEF7C6FA99
:107538008AE715480EF096FD00289ADDFFF7C8FB8C
:1075480097E7FDF72FF9EAE7D0A2002028B6002038
:10755800FEB6002080B600208C860020C86C002073
:10756800C8B60020C9B600209C980020A09800202A
:10757800F3B6002048860020C5B600206C7D0020A8
:107588000400FA05B2B60020C49900202DE9F04F96
:10759800804C8FB001210D2011F070FF7E4D7F4F80
:1075A80040F2EE282668DFF8409214F03FFF2B786F
:1075B800002B00F0C9823B78DB0740F1C5822368C5
:1075C800D9F800209B1A0E2B40F2BE8240F6B83044
:1075D800734F11F099FE0021724813F0EFFC7248C6
:1075E80014F0EAFA00216F4813F0E8FC6E4814F032
:1075F800E3FA00216B4813F0E1FC6B4814F0DCFA65
:10760800FCF7A6FAFCF710FBFCF742FB00216548E3
:1076180013F0D4FC644814F0CFFA0F21634813F038
:10762800CDFC614814F0C8FA002108A814F0B2FC97
:107638005F4908A814F072FD0A2240F2EA710BA80B
:1076480014F04EFD0BA908A814F0BAFD0BA814F00D
:10765800DBFC584908A814F0B7FD574908A814F0EE
:10766800B3FD07210BA814F023FD0BA908A814F0FB
:10767800A7FD0BA814F0C8FC4E4908A814F0A4FDF7
:107688004D4908A814F0A0FD0A2201210BA814F006
:1076980027FD0BA908A814F093FD0BA814F0B4FC5F
:1076A80008A9414814F056FA3F4814F085FA7B7F40
:1076B800012B7B7803F1FF330CBF4FF4E1314FF41A
:1076C800E121DBB2072B00F223833C4A3C4E52F8FF
:1076D800235000222B682846DB699847394B012242
:1076E800284639491A704FF40072356014F024F8AE
:1076F8004FF400723068354914F038F800212948F1
:1077080013F05CFC284814F057FA2621304813F08F
:1077180055FC00230A227978234814F077FA224886
:1077280014F04AFA00211F4813F048FC1E4814F0D0
:1077380043FA7B7F012B00F03D83264E264B96F8BB
:1077480094C0B366BCF1020F5DD8BCF1000F00F025
:10775800478306F174054FF0000EDFF880806B1F39
:107768001E48472201E010F8012F13F8011F91422B
:1077780018BF2D2A02D02D2940F07E829D42F2D1D9
:10778800174D4FF0000EDFF85C806B1F154847223D
:107798002EE000BF28B60020FBB60020FAB6002075
:1077A800C86C0020380C0020106D0020340D00201B
:1077B800440D0020EC0D002054690020E003002057
:1077C800A4980020CAB600208CA300208CA5002015
:1077D800E00E002008B400200D010000700D00200C
:1077E8007CB40020780D002064B6002010F8012F2A
:1077F80013F8011F914218BF2D2A02D02D2940F0FD
:107808007E829D42F2D1387AFF2802D0022111F0FF
:1078180035FEF879FF2802D0022111F02FFEB87941
:10782800FF2802D0012111F029FEF87AFF2802D0A2
:10783800012111F023FE387BFF2807D0012111F028
:107848001DFE97ED040A387B12F0D0F97879FF28ED
:1078580002D0012111F012FE387DFF2804D0C14B5F
:10786800DB79002B40F00482787DFF2805D00121C8
:1078780011F004FE787D14F057FBBB4828F018F986
:10788800BA49B94801F00CFBDFF84083002388F8B7
:107898000030FB7E002B6CD00223DFF83493B24D0E
:1078A800019348231C21B248A9F80030072613F099
:1078B80085FB4FF0010AB9F90010AE48DFF814B3A0
:1078C80014F06EF9AB4814F077F998F800102846D0
:1078D80049BBB9F80030013E85F830A15B0085F856
:1078E8002FA185F8A53001F06BF80121284601F099
:1078F8003FF90222012399F80010284601F0B8F94F
:10790800034601215846A3F10203B3FA83F35B0946
:1079180088F8003013F052FB4FF4FA7011F0F4FCC1
:1079280016F0FF06D1D10021934813F047FB914888
:1079380014F042F998F80030002B40F01282019AB6
:107948004923012A40F0918112218C4813F036FB1B
:10795800884814F031F91121894813F02FFB854824
:1079680014F02AF90021844813F028FB814814F008
:1079780023F90C20DFF8608211F01EFB15218148E5
:1079880013F01CFB7B4814F017F97F4B04AA02A9DB
:107998001D6898F8023028468DF80C308DF81C3098
:1079A80098F803308DF80D308DF81D3098F80430B4
:1079B8008DF80E308DF81E30744B029304930693A5
:1079C8007E2388F805308DF80F306FF07F430593DC
:1079D80001238DF81F3006AB0DF07EF8266806E00F
:1079E80023689B1BB3F57A6F08D211F08DFC2846EB
:1079F8000DF0C8F803463220012BF1D128460DF0CE
:107A0800C1F8012800F0A5811721614813F0D6FAC2
:107A1800584814F0D1F80C215E4813F0CFFA2946E3
:107A28000BA80DF0C3F853490BA813F0F7FF514802
:107A380014F0C2F8584B98F80420B8F802109A715C
:107A4800FF22998042F2B821DA7154480EF0ECFE18
:107A580047F2D80152480EF0E7FE40F6B901514806
:107A68000EF0E2FE47F2AC114F480EF0DDFE4F4833
:107A78000EF0A2F8FB78013BDBB2072B00F2858100
:107A88004B4A4FF4614152F8235000222B68284694
:107A9800DB6998473B79474E013B3560DBB2072BE2
:107AA80000F29E80424A4FF4614152F8235000226E
:107AB8002B682846DB6998473F4A33681560002BD6
:107AC80000F091803D4B012200212B481A7013F0E1
:107AD80075FA284814F070F81921394813F06EFA2D
:107AE800244814F069F87D7F002D40F09080BB7821
:107AF800013BDBB2072B00F24A812D4A4FF4E131FA
:107B0800DFF8D88052F823602A4633683046DB69AC
:107B180098472C4B0122B97EC8F800601A700029DA
:107B280000F04B81914240F082802946124813F0C0
:107B380045FA104814F040F81021234813F03EFA93
:107B48000C4814F039F872E023682A789B1B32B18C
:107B5800B3F5FA6F3FF63AAD14F068FC25E54345F6
:107B6800FAD933E52070002044700020801A0600FE
:107B7800800D0020106D0020380C0020B00D002072
:107B8800C40D0020D80D0020D0A20020D02800204D
:107B9800040E00201C0E00207C860020C4990020C2
:107BA800AC98002038990020509A002084B6002014
:107BB800E00300209C980020A0980020C9B600206F
:107BC800480E0020C8B60020A00E0020C4B6002031
:107BD800967D0020EC0D0020E86C0020989800208D
:107BE800814B00221A60814B00218148197013F0E3
:107BF800E5F9804813F0E0FF1A217F4813F0DEF919
:107C08007C4813F0D9FF7D7F002D3FF470AF002131
:107C18007A4B7748197013F0D1F9764813F0CCFFF6
:107C28001A21774813F0CAF9724813F0C5FF226881
:107C38000021744B6E481A6013F0C0F96D4813F0B8
:107C4800BBFF0F21704813F0B9F96A4813F0B4FF6D
:107C58000021674813F0B2F9664813F0ADFF08A891
:107C680014F0D2F90FB0BDE8F08F0122019219E6A5
:107C7800022111F003FCF7E50EF1010E0C355FFA55
:107C88008EF36345FFF46BAD70220C2398E8030074
:107C980013FB0C23F05033440020197196F89430EC
:107CA8005A4903EB430201335FFA83FC06EB820275
:107CB800BCF1020F86F894C082F8750091673FF610
:107CC800A2ADBCF1000F7FF45BADDFF86C817022D0
:107CD8000C2398E8030013FB0C23F05033440020D6
:107CE800197196F894304A4903EB4302013386F838
:107CF800943006EB820383F87500996783E50EF1EB
:107D0800010E0C355FFA8EF39C453FF63EADDEE77B
:107D18000025404B36481D6029463F4B1D7013F027
:107D28004DF9344813F048FF17213C4813F046F941
:107D38002B460A2279782F4813F068FF2D4813F054
:107D48003BFF29462A4813F039F92A4813F034FF33
:107D5800F3E41321324813F031F9264813F02CFFCD
:107D680059E60E212F4813F029F9224813F024FF71
:107D780000211F4813F022F91E4813F01DFF98F840
:107D88000030002B7FF4F5ADDEE5002582E6264ABB
:107D980029461A4B164815601D7013F00FF915483F
:107DA80013F00AFF2621214813F008F9114813F0AF
:107DB80003FF3CE7FCF7B8F8BFE40D4813F0FEF802
:107DC8000C4813F0F9FE1121194813F0F7F8094887
:107DD80013F0F2FED8F80010164800F09FF826E7D6
:107DE800DFF8588050E700BFA0980020C9B60020EF
:107DF800380C0020106D00202C0E0020C8B6002082
:107E0800B40E00208C860020D00E0020413C0000DB
:107E1800CD0D0000A4980020CAB60020580D0020FF
:107E2800F00D0020A00D002098980020640E00207E
:107E38008C0E0020B8B40020780D0020700D0020B2
:107E4800FFF7A4BB10B40246034C044B0120146096
:107E58005DF8044B0B60704700E03F6000E03F00B6
:107E680038B500F12043B3F5000F15D24518044684
:107E7800A84207D338BD204611F03EFC04F58054D3
:107E8800AC42F7D2C4F30B032046002BF6D1FAF725
:107E9800B7FD0028F2D0EEE7BDE838401CF068BF17
:107EA8002DE9F84340EA02039B0702D00120BDE810
:107EB800F883154F154C3B6813B12568854220D1CE
:107EC80085182560C51ACAB14C1EDFF844804FF0EA
:107ED8000009A61800E03B68591C14F801CF284691
:107EE80004220329396008F803C0414604D915441F
:107EF80011F08CFBC7F80090B442ECD10020BDE82B
:107F0800F8830220D3E700BF54AC002080B30020E0
:107F180050AC0020704700BF704700BF03460120E7
:107F28001960704700000000002900F0A580F0B536
:107F38000446006889B00D4603681B69984740B33A
:107F4800206803681B699847122822DD07AF20685C
:107F580003681B69984712280ADD206803689B6933
:107F68009847AA28206803685B6915D09847EEE708
:107F780003AE0DF10B020DF11B010023344612F87C
:107F8800010F03449142DBB2F9D19DF81C209A42BB
:107F980018D0002009B0F0BD9847206803689B6995
:107FA8009847AA28D3D120680DF10B0603685B69AE
:107FB8009847206803685B69984706F8010FBE4236
:107FC800F7D1C4E76A46A178023414F8013C03EB00
:107FD800012322F8023B9642F5D1BDF90030012079
:107FE80002EE103ABDF9023003EE103ABDF9043042
:107FF800B8EEC22B04EE103ABDF90630B8EEC33B1A
:1080080005EE103ABDF90830B8EEC44B06EE103A4A
:10801800BDF90A30B8EEC55B07EE103AB8EEC66B8C
:108028009FED170B9FED181BB8EEC77B22EE002BB8
:1080380023EE003B24EE004B25EE015B26EE016BA0
:1080480027EE017BB7EEC22BB7EEC33BB7EEC44BAE
:10805800B7EEC55B85ED002AB7EEC66B85ED013A34
:10806800B7EEC77B85ED024A85ED035A85ED046AB4
:1080780085ED057A09B0F0BD00207047AFF30080A8
:108088007B14AE47E17A843F1FE340FE8815843FA6
:1080980012F02ABF12F06CBF30B5002397B0002150
:1080A800442504468363056054228162C3630364E4
:1080B800C3620363436343648364C36401A81FF01A
:1080C8009BFA04F10C02211D04F11400029204F140
:1080D8002402009104F15001069204F16802049010
:1080E80004F180000A9204F19402089104F1A801B5
:1080F8000C9004F1D0000E9204F1BC0202231091FE
:10810800129269461490582204F58A708DF804304A
:108118008DF80C308DF814308DF81C308DF8243023
:108128008DF82C308DF834308DF83C308DF8443093
:108138008DF84C308DF8543010F04CFE204617B0B6
:1081480030BD00BF704700BF0068704710B54FF0E2
:10815800000C4FF00C0E144C01E014F82CE07145A3
:1081680006D00CF1010CBCF10B0FF6D1012010BDAB
:1081780000EBCC0090F81811090713D490F81811E7
:10818800CC070FD490F8181141F0080180F81811A5
:10819800D0F8141104201160034A02EB8C025288B3
:1081A8001A6010BD402010BD7C13002079B330B593
:1081B80083B00C46232105466B4601AAFFF7C6FF8C
:1081C800042815D00023134903E011F82320232A9B
:1081D80004D001330B2BF8D103B030BD05EBC30538
:1081E80095F8183103F0F70385F8183103B030BD5E
:1081F800009B142BE6D10199631E4A1E01F113045A
:1082080012F8011FA24203F8011FF9D1DAE7012091
:10821800704700BF7C13002079B330B583B00C469B
:108228002B2105466B4601AAFFF790FF042815D0BD
:108238000023134903E011F823202B2A04D001332B
:108248000B2BF8D103B030BD05EBC30595F81831F9
:1082580003F0F70385F8183103B030BD009B442BB9
:10826800E6D10199621E4B1E01F1430413F8011F68
:10827800A34202F8011FF9D1DAE70120704700BFD5
:108288007C130020032A40DD70B54E1E03F1FF3E2B
:10829800CD1CB4461CF8014FAC450EF8014FF9D17E
:1082A8001C784FF00C0C00231F4D04F07F0401E0F4
:1082B80015F823C0A44504D001330B2BF8D10120B5
:1082C80070BD00EBC30494F81801C0071BD494F8E0
:1082D8001801400717D494F81801050713D4124859
:1082E80000EB8303588894F81831824243F0010365
:1082F80084F818310BD0012094F8183103F0FE03EC
:1083080084F8183170BD402070BD01207047D4F842
:108318001431013A013B0A4416F8011FB24203F82E
:10832800011FF9D10420E7E77C13002038B5044683
:108338004820216013F09EFB054600F0F3FA206800
:108348006560FFF701FF636802461D68184611461D
:10835800AB689847204638BD10B50446406810B150
:1083680003685B689847204610BD00BFF0B5044617
:1083780085B040681D4603AF02AB066800973669B2
:10838800B047042801D005B0F0BD2B462068DDE9D0
:108398000212FFF777FF05B0F0BD00BF10B50A4B1A
:1083A8000446806A236020B1012113F069FB002391
:1083B800A362606A10B1012113F062FB206B1CF00C
:1083C800D7FC204610BD00BF2028002090F82030A0
:1083D800013B012B18D9002A23DD4FF6FF7010B599
:1083E8008C184AF2010E11F8012B0823504000F0B6
:1083F8000102400880EA0E0C0AB11FFA8CF0013B1A
:10840800F5D1A142EFD110BD002A0DDD013A4B1E76
:108418000020114413F8012F1044994280B2F9D179
:1084280070474FF6FF7070470020704738B5044614
:10843800806990425DDBA07C0138012859D8207DF5
:108448000138012855D8207F0138012851D8606AA1
:1084580000284ED0257C0570A07C022803D1606AD4
:10846800657C4570A07C94F814E0BEF1010F4BD0F8
:10847800BEF1020F3FD08446606A002A0CF1FF3C2F
:108488000BDDE6440139704401EB020E11F801CF0F
:108498008E4500F801CFF9D1606A1860A37C94F882
:1084A80014C0C118207F63449444034420461344F5
:1084B80022689569049A13606246244B9D4233D121
:1084C800FFF784FF0346227F012A25D0022A19D10B
:1084D8000499626A0868C3F30721024402F8023C5F
:1084E800049B207F1B68626A01331B1A0420D15445
:1084F80038BD012038BDE57CCDB98446606A20F8D6
:108508000C20BAE7042038BD656A2A54606A94F8DA
:1085180012C094F814E0B0E704990420626A09686C
:108528000A4402F8013C38BDA8470346CBE7656A10
:108538004FEA122C05F800C0A57C606A28444270F6
:10854800606A94F812C094F814E096E7ED590000B8
:1085580070B51D460368094E04469B69B3420AD1AB
:10856800FFF734FF237F012B08BFC0B2A8420CBF1E
:108578000420012070BD9847F4E700BFED590000C2
:108588002DE9F0410446807C0138012876D89C46C4
:10859800237D013B012B71D8237F013B012B6DD833
:1085A800A36A002B6AD0002A40F3C0800139E06B2F
:1085B80000260A4411F801EF451C236BE56303F814
:1085C80000E0E06B636BA56B9842A8BF0020854272
:1085D800E06304D1451CAB42D8BF3546A5638A4247
:1085E800E8D1A36B98425ED059264FF04E0E226B0D
:1085F80012F803800133626B9342A8BF0023D4E9C9
:108608000A12A3638A4260D0A77C022F67D0CD19D3
:10861800AA4236D3257D3D440D44AA4231D2531C8B
:10862800E36282F80080227DA37CA16A1344E06A99
:108638000B4498425CD3012A7AD0022A00F0818048
:10864800636CA2699A4252DB002BCCBF0022012244
:10865800002A4CD1E277627F3AB1A27F93FBF2F114
:1086680002FB113109B1521AE27762689A42A36B90
:10867800ACBF84F840E084F8406011E00120BDE818
:10868800F08194F840504E2D34D0257D01323D4480
:10869800277FE2623D44676C3D440D44AA4209D2FB
:1086A800E06B9842A3D10023069A2020CCF8003032
:1086B8001360E4E78342E162F5D00023069A0220C2
:1086C800CCF800301360BDE8F081217C4145E7D14A
:1086D800531CE362117084F840E0A36BE0E74D1C83
:1086E800AA4294D1607C404526D0E162D8E7E16295
:1086F800A36BD5E7531CE36282F80080237DA27C3C
:10870800A16A1A44237FE06A1A44636C1A440A4433
:108718009042EDD320686246E16245692046A84749
:108728000428ABD1636C069A1360A8E7E06B58E79E
:1087380010F9013C636484E7531CE3621070A36B77
:10874800AEE7E37C1BB930F9023C636479E710F8C3
:10875800022C10F8013C03EB0223636471E700BFAD
:10876800836970B50D464168994261DC1646826896
:10877800044693425CDBC368426B806A9B1AE360E1
:1087880070B1012113F07CF90022A37C217DA26243
:108798000B44227F134462681344E268D21AE260F1
:1087A800606A002846D0012113F06AF9227D00236F
:1087B800A07C63621044237F1844A368C218E3684E
:1087C8009B1AE3602844C4E9015613F055F9217D4A
:1087D800A37C227F0B4461681344C4E90A0019444E
:1087E800D4E902020A441844E26013F045F9227DF4
:1087F800A37C257F1344606200202B44D4E9021235
:10880800C4E90E000B446168206B89001A440131E9
:10881800E26061631CF070FDE3686168A26A03EBC3
:1088280081032063E3601AB1636A0BB1042070BD51
:10883800012070BD237DA07C1844237F1844C1E724
:1088480010B50C4B0446806A236020B1012113F057
:1088580017F90023A362606A10B1012113F010F91F
:10886800206B1CF085FA2046482113F009F92046B0
:1088780010BD00BF202800202DE9F84390F81C8087
:1088880004460D461746B8F1010F2FD0B8F1020F74
:108898004FF00006817C027D19D01A4423681F48D6
:1088A8002944D3F81C90814526D11D489B698342F1
:1088B80020462ED1FFF78AFDB8F1010F08BFC0B2DC
:1088C800B0421ED0002501203D60BDE8F88388181D
:1088D80002301844284410F802CC10F8010C6CF34C
:1088E8000706B6B260F30F26B6B2D6E7027D817CE2
:1088F800A8180844C65CD0E733462046C847042871
:10890800E0D1A37C0420227D13441D443D60BDE8D2
:10891800F883984794F81C80CEE700BF715B00008D
:10892800ED59000038B5114A04460025212302609C
:10893800012143631846C4E90E551CF0B3F97822A7
:1089480004232E21A2614FF4817284F82030A3778A
:108958000123A283064A206320466562A562237527
:10896800C4E90155C4E9031238BD00BF202800201E
:10897800AA5502000020704790F8A32090F8A200A2
:10898800101A704790F8A23090F8A3209A4205D99F
:108998005A1C034480F8A220987E70474FF0FF309D
:1089A800704700BF90F8A23090F8A3209A4202D9ED
:1089B8001844807E70474FF0FF307047704700BF03
:1089C8000346B0F8300178B193F82F21882A03D9EB
:1089D800012200205A60704702F1010C01201A445C
:1089E80083F82FC182F8A510704700BF38B5B0F8DA
:1089F80030410CB9204638BD90F82F310546C3F1F7
:108A08008904A2420DD8144605F1A500224618444F
:108A180010F0E0F995F82F312046234485F82F31DE
:108A280038BD01224260EFE72DE9F04FD0F814A0DD
:108A38001524017E8146437E83B00AEB0111384A32
:108A48000AEB0313374F097A93F8283002EB011524
:108A58000901E86852F8018002EB0311D5F804B067
:108A68001B01CE68D558CBF80040C8F88400D8F868
:108A780004304A6803432C490192C8F80430146052
:108A8800C5F884606B6833436B60284B4C683A6860
:108A9800A3FB0232920C02EB820252004B681B1BB2
:108AA8009A42FBD84FF0090C1F4ADFF880E0D8F84B
:108AB8000830034202D0AB6833422FD1C5F8886032
:108AC80054683968AEFB0131890C01EB81015368A8
:108AD8001B1B9942FBD8C5F8846054683968AEFB03
:108AE8000131890C01EB810153681B1B9942FBD8AA
:108AF800BCF1010CDBD1604699F81830019A0AEBF9
:108B08000313DB68CBF8003099F819300AEB031A25
:108B1800DAF82C30136003B0BDE8F08F0120EBE7E2
:108B2800BC400020C46C0020001000E083DE1B4322
:108B38000E4A10B51168046905E0DB0107D4136813
:108B48005B1A102B08D8636913F0007FF5D14FF436
:108B5800FE430120636110BDFFF766FF0028FAD0CD
:108B68004FF4FE4301206361F5E700BF28B60020FB
:108B78002DE9F04790F82FA10569BAF1000F4FD001
:108B880081468846FFF7D4FF002849D0374E002495
:108B9800376818E06B69190551D4DA0455D45805BB
:108BA80059D4990441D43268D21B322A3DD854454D
:108BB80007D9EA6D520704D19B0555D4B8F1000FC7
:108BC80052D013F033FC5445E4D8EA6D500702F054
:108BD8000703DFD413E099F8A5200133022442F4F7
:108BE8008062042B2A661ED08A4503F1010309EB33
:108BF80001020ED992F8A520042B2A66CAD00121B9
:108C0800002CE8D02146013301348A4509EB0102E2
:108C1800F0D8B8F1000FBDD04FF400732B66B9E758
:108C28000420BDE8F0870124B4E72B694FF40072F3
:108C3800042043F440732B612A66BDE8F0872B6952
:108C4800042043F440732B61EBE72B69052043F4C0
:108C580040732B61E5E72B694FF40072022043F45F
:108C680040732B612A66DCE70020DAE728B600208B
:108C78002DE9F84F83460C4615461F46D0F810A03C
:108C8800FFF756FF002800F09E806100012DDFF8F5
:108C98003C8140F20146CBB24FF0000138BF0125BC
:108CA800D8F800900C461E43ABF8A21020E09BF8C1
:108CB800A330872B3FD9DAF8142010055AD412F4C0
:108CC800105F70D1D8F80030A3EB0903322B6AD8B3
:108CD8009BF8A330AB4209D3022C07D9DAF85C30F1
:108CE800590703D193054BD4002F49D013F09EFBAD
:108CF800022CDCD8DAF85C3003F007025B07D6D424
:108D0800681E224440F480704CB9CAF8606001348F
:108D1800131B032BCBD8022CC9D8002CF5D0012C5F
:108D280037D01FB14FF40073CAF860309BF8A330F6
:108D38000324872BBFD8DAF85C2012F4E02FC2F3A3
:108D4800024CB8D0591C9C441933C9B25FFA8CFC48
:108D58005BFA83F3DAF870004A1C61458BF8A310BC
:108D6800D1B203F8010FA6D08929F3D1DAF814207B
:108D78001005A4D5DAF8103043F44073CAF810305F
:108D8800DAF85C3013F4E02F06D19BF8A300BDE8B5
:108D9800F88FCAF86000BAE7DAF8103043F40073C5
:108DA800CAF81030F1E7DAF810304FF4007243F4E3
:108DB8004073CAF81030CAF86020DAF85C3013F44F
:108DC800E02FE2D0E8E70420BDE8F88F28B60020BD
:108DD800F8B506690446D6F8145115F4706301D045
:108DE800C6F81431A8070BD5D6F8702111043DD563
:108DF8000023012184F8A230234484F8A3109A7632
:108E0800EA0710D594F83071F7B194F82E7194F8F8
:108E18002F31BB4226D97B1C274484F82E3197F882
:108E2800A530C6F86031AB050DD594F8A30018B18C
:108E3800D4F83C3103B198470023A4F8A230A4F831
:108E48002E3184F83031F8BDD4F8383103B1984761
:108E5800002384F82E31012384F8303194F82F311F
:108E6800BB42D8D80023C6F86031DCE794F8A330B9
:108E7800872BC5D8591CC9B2BEE700BF0148FFF708
:108E8800A7BF00BF447000200148FFF7A1BF00BF83
:108E9800847100200148FFF79BBF00BFC472002007
:108EA80010B4144C00220369A1421A6114D8124C60
:108EB800012012494FF430329C6458629962DA6298
:108EC8009C6C00204FF0011101221C6518625DF8AE
:108ED800044B99651A6170470948814207D9094CC2
:108EE80009480A499C645A629862D962E8E7084CC2
:108EF8000848F6E77F1A06003B372819B80B05051E
:108F08003F420F000A09070460090101007F0500BC
:108F18001C1A120C100E02020DF0A4BD844670B586
:108F280004E0B44213D1E84213D093B11CF8013BDA
:108F380011F801EB43F02004A2EB0C0573454EF049
:108F48002006A4F1610EEED0BEF1190FE9D9012077
:108F580070BD002070BD00BF2DE9F0474FF48A7343
:108F6800244E254C054603FB0063894604F130086E
:108F78004FF0000A03F11007236843B1227AAA428E
:108F880005D16268494638469847C4F800A00C34B1
:108F98004445F1D14FF48A73002403FB0563154E51
:108FA800D97B3246E3B201349D4202D0937A022B38
:108FB80015D0042C02F58A72F4D103290DD80F4F6D
:108FC80057F8210006F000FB4FF48A73002203FBD8
:108FD8000566F37BF47347F82320BDE8F087D37B5D
:108FE8008B42E6D14FF48A73042203FB0563DA73DC
:108FF800F3E700BFF4AC0020BCAC0020ACAC002010
:109008002DE9F04FDFF884A14FF48A7487B004FB90
:1090180000A40190E37A012B00F29D80554A52F892
:10902800233023B994F81051002D00F08D80019B56
:109038004FF48A7403FB04F404F1100757443846CC
:109048001FF02EF912304FF4207281B2382001F04F
:109058001FFA804600286BD0544400230C2603A92D
:109068002289013F03934FF6FE7952BACDE90433C2
:109078000123ADF80C2032468DF80E304FF4807382
:10908800ADF8103001F052FC7B787D1C2E2B52D0AD
:10909800002B50D02B46C5F101001C181A4613F8B6
:1090A800011FE4B22E2901D00029F6D1D21B214696
:1090B8001F461FFA82FB3144494536DC31462246B9
:1090C8004046344401F0EEFC731CA4B25A462946CB
:1090D8009BB24046661C01F07DFC3A78B6B2002A85
:1090E800D2D13146404601F0DDFC4FF00122A31CED
:1090F80002A9029240469BB2042201F06BFC4FF495
:109108008A73019A03FB02AA9AF810319AF80F00A1
:10911800B3B99AF80B203523164901EB8202164998
:1091280051F82000414606F0BDF9404601F046F9E5
:1091380007B0BDE8F08F00212F468B460C46BAE7F2
:1091480041F2E9430D4AEAE72946FFF705FFA57210
:1091580007B0BDE8F08F0A4B40F20D3209490A48C2
:109168001DF080FF00201DF0FDFB01200DF082FCAA
:1091780010F01EFFECAC0020ACAC002070440020C6
:1091880074440020B4440020CC440020F4AC0020F7
:10919800032870B56AD83F4D4FF48A73044603FB21
:1091A80000539B7A032B70D8DFE803F00F102A02D4
:1091B8004FF48A7300FB03F3EA58002A3AD14FF4BC
:1091C8008A73002203FB04539A7270BD324E0DF06D
:1091D80091FC304B81B29A7A022A27D003F58A7320
:1091E8009E42F8D14FF48A7302260122204603FBDF
:1091F80004535E8119819A81BDE87040FFF700BF72
:109208004FF48A7202FB0052137B013BDBB21373EB
:10921800002BDAD1537B0133DBB2042B53730ED00E
:1092280013732046BDE87040FFF7EABE1A898A42E8
:10923800D4D1CCE7013AEA50002AC0D0C5E7D37AA6
:109248004BB9164B5B6833B192F810311BB9012347
:10925800D3729381E5E700212046FFF77DFE4FF4A6
:109268008A73002203FB04539A7270BD0C4B40F2C0
:109278002F420C490C481DF0F5FE00201DF072FB32
:1092880001200DF0F7FB10F093FE054B40F26E4203
:109298000649EFE7F4AC002044B10020ECAC002014
:1092A800744400202C440020CC4400204844002072
:1092B8002DE9F04F994613898DB014460F2B05D828
:1092C800204601F07BF80DB0BDE8F08F00230C229A
:1092D80006A9204601F0F4FA0C280646F0D1DFF87A
:1092E800F0820025BDF818104346EFB249BA9A7AC1
:1092F80089B2022A08D0013503F58A73042DDFD01C
:109308009A7AEFB2022AF6D11A898A42F3D1BDF8C5
:109318001C309DF81A205BBABDF81E10D2099BB20A
:109328000091CDD0012BCBD14FF48A7303FB058379
:1093380093F810213AB9D97AA34BD9F8002053F8F9
:1093480021309A42BCD14FF48A73029703954FF6A5
:10935800FF7B03FB05F3DFF87C92354603F110022F
:109368000193424417462946204601F08BFB00280A
:10937800A6DB5D45A4D000F0C003691CC02B8DB2EC
:109388009ED030B33E4607EB000A2946204601F03E
:1093980079FB031E94DB16F8010BDBB219F80020E9
:1093A8000146374602F00302012A19F8032002F0A9
:1093B800030208BF00F12001681C012A08BF2033FE
:1093C8005D4585B23FF47CAF99427FF479AFB245F1
:1093D800DBD12946204601F055FB002807F101079B
:1093E800FFF66EAFBFD12E464FF6FF794E45DDE949
:1093F80002753FF465AF06F1010A1FFA8AFACA45F9
:109408003FF45EAF5346042204A9204601F058FAFF
:1094180004287FF455AFBDF81230B3F5807F7FF490
:109428004FAFBDF81030B3F5807F7FF449AF4FF6EA
:10943800FB739A453FF644AF9DF81B301B0717D0C6
:109448004FF48A7303FB0583DB7A002B40F0AB8073
:109458005D4B5B68002B00F0A6804FF48A7340F2E6
:109468000132384603FB05839A81FFF791FE27E70F
:10947800009B053693FA93FAB6B21FFA8AFABAF144
:10948800000F00F090802389B34240F28C80A346FD
:109498000AE0BBF80820934249DA314601F0F2FAB3
:1094A800002844DB00F08D803146584601F0EAFA86
:1094B800741C03465846A4B2002B03F0C002234490
:1094C80035DB9EB29CB3C02AE3D1A34604465E4670
:1094D8004E453FF4F5AE06F1010B1FFA8BFBCB4569
:1094E8003FF4EEAE5B460A2209A9204601F0E8F9EE
:1094F8004FF6F5739B453FF6E3AE0A287FF4E0AEDE
:10950800BDF8262006F10B03B2F5807F9BB210D080
:10951800BDF82C6076BA13FA86F6B6F5803FBFF62A
:10952800CFAE0AF1FF3AB6B21FFA8AFAA7E75C464D
:10953800C6E6BDF82420B2F5807FE9D1BDF82C201D
:10954800B2F5806FE4D1042205A9204601F0B8F9EC
:1095580004287FF4B5AE20464FF48A74059B05FBBA
:1095680004F408EB0406736000F028FF0A9B174A0E
:1095780038461BBA0199934201F1040128BF1346EA
:10958800414448F804300323B372FFF7E5FC58F868
:109598000430002B7FF497AEB37A032B7FF493AE9D
:1095A8000022B2728FE6204600F008FF00213846FC
:1095B800FFF7D2FC4FF48A73002203FB05839A72EB
:1095C80081E65C4684E700BFECAC0020803A0900E5
:1095D800F4AC0020A1300020704700BF012800D95A
:1095E800704721B1054B0A6843F820207047044AA8
:1095F800024B126843F82020704700BFECAC0020F3
:10960800BC4B002008B50020FFF7C2FD0120FFF782
:10961800BFFD0220FFF7BCFD0320BDE80840FFF7AF
:10962800B7BD00BF2DE9F04F83B00093002900F0CB
:109638002581B0FA80F406466409002800F01E81EE
:109648000378002B00F01A81884615461EF028FE84
:10965800431E8146F15C2E2908BF9946B9F1FF0FD8
:1096680000F20C81414630460AF0E4F818B1204671
:1096780003B0BDE8F08FDFF864A20446574617F838
:10968800063C032B45D0013407F58A77042CF6D124
:109698008A4930461EF060FAA9F10603334498421D
:1096A80068D0874B1B68002B00F0048100230193CE
:1096B8000024844F1AF8063C5FFA84F8022B44D041
:1096C80001340AF58A7A042CF4D17F4BA4467F4AE8
:1096D8000024187827461346997A5FFA84F80029F7
:1096E8004BD0032904F1010427D0042C03F58A7315
:1096F800F2D1BCF1040F07D04FF48A7404FB0C2498
:10970800A37A032B00F0B8804FF0FF3003B0BDE818
:10971800F08F39464A463046FFF700FC0028B2D1A0
:1097280017F809000028AED1684B4FF48A7202FB83
:1097380004335B68C8F800309AE7997B411AC9B2CC
:10974800B942D2D9C4460F46CFE74A4651463046B9
:10975800FFF7E4FB0028B3D11AF80930002BAFD18A
:10976800584A11680C32002900F097800133042B05
:10977800F7D1A5E7012301939AE74FF48A7303FB16
:109788000424DFF840A1002753461A680C332AB195
:109798000137042FF9D14FF0FF30B7E707EB470344
:1097A8009346009A31464AF823500AEB8303A07384
:1097B80004F110005A604A4683F8088001235D4688
:1097C800A3720FF007FB04EB09027B0082F810B0CC
:1097D80000933F4B53F8042BEEB202B30135042D2E
:1097E800F8D13C48042306780136F6B2032E3246F7
:1097F80001D900263246364D711C013B55F822200E
:109808005ABB13F0FF03CEB2F0D1009A4FF0FF30ED
:10981800A3723A444AF822300423E37328E72E203F
:1098280005F018FF8146A0B3DFF8B4B00DF062F977
:1098380082B2B2F5806FF9D35946484605F0D4FC98
:1098480010F1080FF2D0E0B902462349484605F066
:10985800A7FE1F4B1F4843F825901B4A0199137810
:10986800067040460133E67384F810111370FFF751
:109878008FFC6FF00400FBE6E04682E76FF00F0014
:10988800F6E6484605F0A0FE0023114A42F82530C6
:10989800A7E70F4B43F82590A3E703EB43036FF0CB
:1098A800040047F8235007EB8307009B87F80880DC
:1098B8007B60DDE66FF00500DAE600BF6844002053
:1098C800ECAC0020BCAC0020E2B60020F4AC0020D8
:1098D800ACAC0020E1B60020D168000004AD002047
:1098E800BC4B002010B5002482B00094FFF79AFE0C
:1098F80002B010BD30B54FF0000E00F00105714503
:1099080005DD25B110F8013B013963F31F2E01294C
:1099180027DD023900234C0804F1010C00EB4C0C44
:1099280030F8022B84451344FAD1C4EBC47401EB1C
:109938004401012905D19CF8002062F3070E1FFAA3
:109948008EFE9E441FFA8EF303EB1E4398B200EB83
:10995800134025B10302C0F307209BB2184380B21D
:1099680030BD84460023E4E708B5FFF7C3FFC043D2
:1099780080B208BD08B500F011F800F085F800F0D5
:1099880025F905F039FB01F0E1F909F0ABFBFFF728
:1099980023FEBDE8084005F059BA00BF704700BF74
:1099A800704700BF08B51BF0DBF920B1C31C23F0DA
:1099B8000303984200D108BD064BC8220649074850
:1099C8001DF050FB00201CF0CDFF01200DF052F8D7
:1099D80010F0EEFAAC4D0020EC4D0020CC440020F5
:1099E80010B540B1C31C23F00303984211D1BDE860
:1099F80010401BF0BDB9094BD922094909481DF08F
:109A080031FB00201CF0AEFF01200DF033F810F000
:109A1800CFFA024BDA220449F0E700BFAC4D002030
:109A2800844D0020CC440020944D00201BF03AB90E
:109A380008B54FF48C72064B064907481DF012FB17
:109A480000201CF08FFF01200DF014F810F0B0FA80
:109A58001C4500205C450020CC44002008B54FF48C
:109A6800B672064B064907481DF0FCFA00201CF0A8
:109A780079FF01200CF0FEFF10F09AFA1C45002037
:109A8800FC440020CC440020F0B5124D0424124BB5
:109A98000027124E05F1280E114A0333376023F0D0
:109AA80003036CB10021B2F800C00A4600E0034687
:109AB8000132196003EB0C001946A242F7D133605A
:109AC800AE4505D055F8042FD2E901365488E4E7AD
:109AD800F0BD00BF944E00200000202058B30020A5
:109AE800404E00200A280BD808B5074B53F8203001
:109AF8009B68186818B102681A60830702D108BD0C
:109B080000207047FFF794FF944E00200A280BD8D6
:109B180051B18A0708B5064B53F8203005D19B6828
:109B28001A680A60196008BD7047FFF797FF00BF01
:109B3800944E00206FF00B00704700BF70B50C46C4
:109B480082B069B316460B6802680546934202D193
:109B5800002002B070BD3260304601A9019302F0C6
:109B68009DFA01A9304605F097FD01A9304601F09C
:109B780025F801AA3146284606F0A2FF95F83D20AF
:109B8800236802F005012B60052900D113B90120D3
:109B980002B070BD9306FAD5284609F0E3FAF6E755
:109BA800074B4FF4F172074907481DF05BFA20464E
:109BB8001CF0D8FE01200CF05DFF10F0F9F900BF91
:109BC800344F00200C4F0020CC440020704700BFC9
:109BD80010B5054A044640F2593104480CF056FFC6
:109BE800034B1C6010BD00BF782E0020344F0020AE
:109BF8007CB3002010B50446094A40F2CC610948FC
:109C08000CF044FF54B1084B186830B190F840305C
:109C18000133DBB2A34218BF002010BD204610BD9F
:109C2800502D0020344F00207CB3002038B5044666
:109C38000D46164A4FF4E16115480CF027FF34B180
:109C4800A5B1144B25601A681C60626038BD104BC2
:109C580040F20972104911481DF004FA20461CF020
:109C680081FE01200CF006FF10F0A2F9084B40F22B
:109C78000A720B4909481DF0F5F928461CF072FED6
:109C880001200CF0F7FE10F093F900BFF42B002030
:109C9800344F0020CCB20020DC4E0020CC44002001
:109CA800F84E002010B50446164A40F21B711648BB
:109CB8000CF0ECFEB4B1154B1A686AB1A2420CD094
:109CC80053681BB906E01A465B681BB19C42FAD17F
:109CD800636853600023636010BD62681A600023E4
:109CE8006360F9E7084B40F21C72094909481DF006
:109CF800B9F920461CF036FE01200CF0BBFE10F02E
:109D080057F900BF3C2B0020344F0020CCB2002074
:109D1800DC4E0020CC440020F8B5104B05461C68EA
:109D280060B10E46174644B1234664683A46314648
:109D38001B6828469847002CF6D1F8BD084B40F21E
:109D48003C72084908481DF08DF928461CF00AFEA7
:109D580001200CF08FFE10F02BF900BFCCB20020D0
:109D6800344F00201C4F0020CC4400202DE9F04146
:109D78000E4686B090460446334A40F2BE21334828
:109D88001F460CF083FE002E3BD0B8F1000F25D003
:109D980047B3336853B300231D46D8F800206168E1
:109DA8008A4205D045F0400500916260CDF810D098
:109DB8003A68A1688A4229D0A26001AA45F0200524
:109DC8000191059223BB02AF314620463A46FFF780
:109DD800B5FE48B345F4926103971BE0DFF8708045
:109DE800002FD6D133681A4F002BD4D131462046E4
:109DF80002AAFFF7A3FEA0B102AB1025039301232B
:109E0800CBE7134EB8F1000FC2D1E7E77BB12DB114
:109E180045F0800103AA2046FFF77EFF06B0BDE8A3
:109E2800F08105460123B8E745F49061F2E702AFF7
:109E3800314620463A46FFF781FE0028CAD1002D58
:109E4800F2D14FF48061E5E7D42C0020344F002094
:109E5800BC4B00202DE9F84304460D46164640F257
:109E68002D112E4A1F462E48DDF824900CF00EFEC8
:109E78002C4BD3F80080B8F1000F40D1B9F1000F96
:109E88002DD064B3002D32D066B377B308983B4623
:109E980032462946A0610A98E0600020C4E9000023
:109EA800A060A08684F83D00E06120626062A06244
:109EB800E062606484F84000A0641B48206120468A
:109EC800FFF754FF2046C84748B994F83D309B0631
:109ED80011D4002201212046A046FFF71DFF40466D
:109EE800BDE8F883114E002FD0D1104FCEE70F4DAB
:109EF800002ECAD1F6E7204609F004F9E9E7084B35
:109F080040F231120A490B481DF0ACF800201CF051
:109F180029FD01200CF0AEFD10F04AF8FC2C0020C1
:109F2800344F00207CB3002055710000BC4B00204A
:109F3800C04E0020CC44002010B51C4684B000233D
:109F48000294CDE900121A461946FFF783FF04B0C0
:109F580010BD00BF10B5044684B0154A40F26F31F9
:109F680014480CF093FD1CB194F83D30DA0701D584
:109F780004B010BD43F00103012001AA082184F8B0
:109F88003D308DF804002046FFF7C6FE94F83D30BA
:109F980003F00502052AEBD12268002AE8D09B06C7
:109FA800E6D5204604B0BDE8104009F0DBB800BF94
:109FB800482E0020344F002010B5044684B0114AC2
:109FC80040F2BD3110480CF061FD1CB194F83D30F1
:109FD800DA0701D404B010BD002301AA08212046E5
:109FE8008DF80430FFF798FE94F83D3023F0010215
:109FF8001B0784F83D20EDD5204604B0BDE810408D
:10A0080008F0F0BB2C2E0020344F002038B5044651
:10A01800214A4FF4427121480CF038FD84B10022E6
:10A0280002212046FFF778FE2368D3B994F83D3023
:10A038009A060ED4DB0704D4194D2B68A34221D00D
:10A0480038BD174D2046FFF7B7FF2B68A342F7D15D
:10A0580018E0204609F070F894F83D30DB07EBD59E
:10A06800EFE70021204602F019F80021204605F00C
:10A0780013FB0021204600F0A1FD94F83D309A061C
:10A08800D8D5E6E7074A40F2593104480CF0FEFCFF
:10A0980000232B6038BD00BFA42C0020344F0020C3
:10A0A8007CB30020782E002010B5044684B0184AEE
:10A0B80040F2024117480CF0E9FC1CB194F83D301D
:10A0C8005A0701D504B010BD43F00403204684F8B4
:10A0D8003D3007F059FE204606F0FEFD94F83D306D
:10A0E80003F00502052A09D0012301AA042120460C
:10A0F8008DF80430FFF710FE04B010BD2268002A66
:10A10800F2D09B06F0D5204609F02CF8ECE700BF0A
:10A11800F42D0020344F002010B5044684B0104AB6
:10A128004FF485610F480CF0B1FC1CB194F83D3038
:10A138005A0701D404B010BD23F00403204684F864
:10A148003D3006F0CBFD204606F0D0FB002301AAE7
:10A15800042120468DF80430FFF7DEFD04B010BD61
:10A16800BC2D0020344F002008B540F24632064B83
:10A17800064907481CF076FF00201CF0F3FB01207D
:10A188000CF078FC0FF014FF2C5100206C510020CB
:10A19800CC44002008B540F24C52064B064907480B
:10A1A8001CF060FF00201CF0DDFB01200CF062FCBD
:10A1B8000FF0FEFE2C5100202C500020CC44002033
:10A1C80007490022074B08681A7010B906E0C068F2
:10A1D80020B1436F002BFAD001F0CABF704700BF0F
:10A1E80030B60020EAB60020F8B522F04003012B73
:10A1F80010D10646092014460D469FB2FFF772FC9F
:10A2080038B100234660058145810473C781036026
:10A218004373F8BD074B4FF4A672074907481CF073
:10A2280021FF00201CF09EFB01200CF023FC0FF006
:10A23800BFFE00BF2C510020CC4F0020CC44002092
:10A24800033020F0030010B501EB000EBDF80CC080
:10A25800029CE6450DD804B1044418460023446026
:10A268000224036001230181418102734473C38185
:10A2780010BD002010BD00BF10B50446F8B1B1F5FF
:10A28800803F0AD259B18AB2038913449BB29A42D9
:10A2980003D890F90C00002803DB012010BD084604
:10A2A80010BD6068411A04F110008142F5D3B4F87A
:10A2B8000AC00020616062442381628110BD074B9F
:10A2C8004FF4F272064907481CF0CCFE20461CF0F9
:10A2D80049FB01200CF0CEFB0FF06AFE2C51002048
:10A2E800A44F0020CC44002038B50446A8B1B1F5ED
:10A2F800803F10D269B18AB2438993420BD3406838
:10A308009B1A45182189638100208B1A6560238177
:10A3180038BD084638BD012038BD074B4FF41472CC
:10A32800064907481CF09EFE20461CF01BFB012036
:10A338000CF0A0FB0FF03CFE2C510020A44F002095
:10A34800CC440020002918DB10B5044600B3B9B18D
:10A358008AB2038913449BB29A4217D890F90C0029
:10A3680000286068A0EB01010CDBB4F80AC00020EB
:10A37800616062442381628110BD4942FFF7B4BF26
:10A38800084610BD04F110008142EED2012010BD34
:10A39800074B4FF4F272074907481CF063FE20464A
:10A3A8001CF0E0FA01200CF065FB0FF001FE00BF85
:10A3B8002C510020A44F0020CC440020F8B50546BD
:10A3C800002849D0002608E02C69002C3AD02846FD
:10A3D800A0470136F6B2D7B13D46AC7B1CB3013C71
:10A3E800E4B2AC739CB96B7B2F6813F002042A7B30
:10A3F800EAD102F00F02022A0BD0012A0ED032BB9A
:10A4080001362846FFF7ECFAF6B2002FE4D13046C1
:10A41800F8BD29460A20FFF779FBDAE72946092023
:10A42800FFF774FBD5E7144B40F2F52213491448A3
:10A438001CF018FE20461CF095FA01200CF01AFBBF
:10A448000FF0B6FD0C4B40F203320E49EFE70A4B12
:10A4580040F213320C49EAE7074B4FF438720B49C4
:10A4680007481CF0FFFD28461CF07CFA01200CF080
:10A4780001FB0FF09DFD00BF2C51002074500020FF
:10A48800CC4400208C500020B0500020A44F002065
:10A49800B2F5C17F2DE9F84381460F4641D012D865
:10A4A80022F04003012B37D03A4B40F229123A49A7
:10A4B8003A481CF0D7FD00201CF054FA01200CF09B
:10A4C800D9FA0FF075FDB2F5207FEDD1C31CCA1C77
:10A4D80023F0030322F00302134403F11000834224
:10A4E80028BF03469A4212D8FFF75CFA804680B12B
:10A4F800814400212A4A09F113030781016023F0EE
:10A5080003034781C26043604046BDE8F8834FF0CB
:10A5180000084046BDE8F8830020BDE8F843FFF78F
:10A5280063BE00221FFA80F940F2EC551D4C90469C
:10A5380006E03260FB1A4FF000099FB2002FE8D006
:10A548000A201646FFF7CEFA0246C0B109F1030306
:10A5580000EB09010020178123F003031331106079
:10A56800EB1A21F00301D4609BB25160BB4228BFB3
:10A578003B465381B8F1000FDBD19046DAE70A4B2E
:10A5880001211970B8F1000FC1D040469046FFF77D
:10A5980015FFBEE72C510020B04F0020CC4400200E
:10A5A8008000010082000100EAB60020F8B50446E8
:10A5B800002858D003898B421DD90D46C91A06E0D8
:10A5C8002289EB1A0A449DB2228124686CB36389FC
:10A5D800AB42F5D3227B120705D1AB4203D0637B94
:10A5E80013F0020608D020686581258108B1FFF7BD
:10A5F800E5FE00232360F8BD636820461B1B59193C
:10A60800FFF7CEF90746F8B18442ECD0184B40F278
:10A61800C112184918481CF025FD30461CF0A2F953
:10A6280001200CF027FA0FF0C3FC114B40F2B112D5
:10A63800124911481CF016FD20461CF093F9012020
:10A648000CF018FA0FF0B4FC094B40F2BF120C4999
:10A6580009481CF007FD38461CF084F901200CF06D
:10A6680009FA0FF0A5FC024B4FF4CD720549E0E75B
:10A678002C51002010510020CC440020DC50002038
:10A68800F4500020C450002038B100230133006882
:10A698009BB20028FAD118467047034618467047FF
:10A6A80030B108B5837B0133DBB283730BB108BDCE
:10A6B8007047FFF759FD00BFD0B110B5B1FA81F46A
:10A6C8006409A1B1884214D0036843B10289B1F882
:10A6D80008C06244028118461B68002BF6D1028923
:10A6E8004389934214D10A8901601344038110BD40
:10A6F80070470F4B40F25F320E490F481CF0B2FC16
:10A7080020461CF02FF901200CF0B4F90FF050FC92
:10A71800074B40F26732094907481CF0A3FC0020A8
:10A728001CF020F901200CF0A5F90FF041FC00BF46
:10A738002C510020E04F0020CC440020FC4F00208A
:10A7480010B50C46FFF7B8FF24B1A37B0133DBB289
:10A75800A37303B110BDFFF707FD00BF002900F088
:10A768009B802DE9F8431F460B890D4616469342F8
:10A7780070D3B0FA80F980464FEA5919002869D099
:10A788000289BB199A4265DBB8F80A406B89E41B59
:10A79800D8F80400A3EB0903696838449C4249448B
:10A7A80028BF1C46B44228BF3446224627440EF030
:10A7B80011FBB8F80A30361BA144BB42B6B24DD3E0
:10A7C8006A894A4559D319D12D680DB9002E41D14E
:10A7D800BB421CD0002D3AD1A946B8F808209A42AD
:10A7E80004D0002ED0D13046BDE8F883D8F8003028
:10A7F800002BF6D06FF00500BDE8F883BB4208D007
:10A808002A896B899A421ED0B8F80A30E5E74FF0DA
:10A818000009D8F80080B8F1000F00D1D6B91DB1F1
:10A828006A892B899A4206D0B8F1000F09D14746A8
:10A83800002EA9D1D7E72B68002BDBD1B8F1000F88
:10A84800F5D00027E0E72B68002BDDD0D2E74FF0EA
:10A858000009D5E76FF00F00BDE8F883104B40F210
:10A86800FA32104910481CF0FDFB00201CF07AF861
:10A8780001200CF0FFF80FF09BFB094B40F2FB3274
:10A888000A4909481CF0EEFB00201CF06BF8012077
:10A898000CF0F0F80FF08CFB6FF00F00704700BF62
:10A8A8002C51002040500020CC440020585000205B
:10A8B80019B100230A89FFF751BF6FF00F007047E5
:10A8C8002DE9F04160B3B1FA81F68846760939B3CB
:10A8D8000546174622B927E093B22D68EFB1E5B1D6
:10A8E80008EB0600B5F80AC01BB19C45A3EB0C02A7
:10A8F800F2D9ACEB030C69681FFA8CF41944BC421A
:10A9080028BF3C46224626440EF064FA3A1B002330
:10A91800B6B297B22D68002FE1D13046BDE8F0817C
:10A9280000263046BDE8F0811646F6E7B9B32DE9B2
:10A93800F843B0FA80F705467F09F0B103899146DC
:10A94800934217D39AB18846164600E0C5B16C8980
:10A9580008EB07016868B44228BF344622462744FA
:10A968000EF038FA361B2D68F0D1B9451AD10020FF
:10A97800BDE8F8834FF0FF30FAE76FF00F00F7E714
:10A98800104B40F2E542104910481CF06BFB28467A
:10A998001BF0E8FF01200CF06DF80FF009FB6FF0D9
:10A9A8000F007047074B4FF49E62094907481CF097
:10A9B80059FB30461BF0D6FF01200CF05BF80FF076
:10A9C800F7FA00BF2C51002080510020CC44002011
:10A9D8009851002090B32DE9F0410F46044602E05B
:10A9E800246883B234B365899D42A3EB0500F7D987
:10A9F80021899E18B1421DDBE91A8A4207DC60688A
:10AA0800394618440EF0E6F90020BDE8F0811FFA37
:10AA180081F860683946424618440EF0DBF9701B2D
:10AA280082B2002AF0D007EB08012068BDE8F041A7
:10AA3800FFF77CBF4FF0FF30BDE8F0814FF0FF30EB
:10AA4800704700BF38B514460A462189FFF720FD34
:10AA5800054628B1002322892146FFF77FFE08B961
:10AA6800284638BDFFF796FB18B90AE0006899B286
:10AA780030B143898B42A1EB0303F7D94368585C93
:10AA88007047704740B143898B42A1EB030306D856
:10AA9800006899B20028F6D14FF0FF30704743683C
:10AAA800585C704718B90AE0006899B230B1438918
:10AAB8008B42A1EB0303F7D943685A547047704798
:10AAC8002DE9F04F384F814683B03968786908F02E
:10AAD80093FE364BD9F804101C684E7A002C51D0DE
:10AAE8008046002007F1100BCDF80490054604E0DD
:10AAF800E3682546002B31D01C46237CB342F7D1AE
:10AB080094F808E02268BEF1000F06D07B6893F83D
:10AB180040300133DBB29E45EAD1B8F1000F20D0B6
:10AB2800002AE5D1637CDB0703D53B6962689A425A
:10AB3800DED1D4F814A0BAF1000FD9D089465B460B
:10AB4800019A2146A069D04788B9019B59684945AF
:10AB58001AD1E36802202546002BCDD103B0BDE809
:10AB6800F08F002ADED07B699A42C1D1DAE73DB185
:10AB78000E490120E2680B68EA600C60E360EDE7CB
:10AB88000120EBE72046E9E78246094BC022094944
:10AB980009481CF067FA50461BF0E4FE01200BF050
:10ABA80069FF0FF005FA00BF00B30020A4B400202D
:10ABB8004453002084530020CC44002010B1026884
:10ABC80001B102B970470B68002BFBD0084B1B681A
:10ABD800002BF7D010B400E002681C68944201D141
:10ABE8000A681A60DB68002BF6D15DF8044B7047E1
:10ABF800A4B40020F0B4144F4FF48040134E4FF625
:10AC0800FF7C3988124D0131124C2B4689B26145BF
:10AC180008BF4FF440411B6813B90BE0DB684BB128
:10AC2800DA8A8A42FAD1013880B20028EBD1398019
:10AC3800F0BC7047A64202D054F8043FEBE7084640
:10AC48003980F0BC704700BF9A7D00205462002014
:10AC58003CB600204862002010B50446F8B1037DD8
:10AC6800042B05D0072B0DD0032B01D0002010BDDD
:10AC780003F04CFC48B905232046237503F0C6FDB4
:10AC8800002010BD03F042FC38B1431CEFD1638BA8
:10AC9800002043F00803638310BD0923ECE7074B4A
:10ACA8004FF4CE72064907481CF0DCF920461BF029
:10ACB80059FE01200BF0DEFE0FF07AF97C5B0020D4
:10ACC800BC5B0020CC44002008B5D422064B0749C1
:10ACD80007481CF0C7F900201BF044FE01200BF0C8
:10ACE800C9FE0FF065F900BF7C5B0020945D002071
:10ACF800CC44002008B540F6B402064B0649074884
:10AD08001CF0B0F900201BF02DFE01200BF0B2FE64
:10AD18000FF04EF97C5B002014600020CC4400202A
:10AD280008B540F6CF02064B064907481CF09AF9C9
:10AD380000201BF017FE01200BF09CFE0FF038F9E5
:10AD48007C5B0020245C0020CC44002008B50BF07C
:10AD5800D1FE024B024A0343138008BD00C0FFFF27
:10AD68009A7D002008B5037D012B05D001460220FD
:10AD7800BDE80840FEF7CABEFFF7A6FF2DE9F0417F
:10AD88000F461446804640F29F212A4A2A480BF073
:10AD98007DFE7FB3B8F1000F49D098F81430002B2E
:10ADA80042D198F8096016F004060CBF0422032269
:10ADB80014B32249224B081F00EB82001B6813B909
:10ADC80013E0DB688BB1B3F816C0A445F9D116B10E
:10ADD8005A7A5207F5D41A681AB13D680DB1AA42D9
:10ADE800EFD16FF00700BDE8F081814208D051F83B
:10ADF800043FE3E7134FCDE7FFF7FCFE044680B1BD
:10AE08003B680BB1C8F800300F4BA8F816401A6819
:10AE1800C3F80080C8F80C2003F0E8FF0020BDE864
:10AE2800F0816FF00100DEE76FF00500DBE76FF0FF
:10AE38000F00D8E7E42C00207C5B0020486200204B
:10AE48003CB60020BC4B002034B6002070B5044648
:10AE580016464FF45671364A36480BF017FE002C4A
:10AE68005CD0237D002B52D1637A5B0714D5324B1B
:10AE78001B688BB1E08A01E0DB686BB1D98A81423B
:10AE8800FAD1196822689142F6D16FF007030025BC
:10AE980006B13370284670BD0320FEF723FE054631
:10AEA80000283FD02269E38A02610122C382027529
:10AEB800627D4275627A4272227A0272E27AC272C4
:10AEC800A27A82722268026083B9237D012B2CD07A
:10AED80021460220FEF71AFE174B18491A68A96185
:10AEE800EA601D6003F082FF0023D1E7144A13686B
:10AEF800A34209D02BB1D968A1420CD00B46002B34
:10AF0800F9D10023E360E0E7E3681360F9E76FF045
:10AF18000E030025BCE7E268DA60F2E725466FF029
:10AF28000F03B5E74FF0FF33B2E7FFF7CDFE00BFE1
:10AF3800B42C00207C5B00203CB600202D91000042
:10AF480034B6002038B50446E8B1028D40F6683EB4
:10AF5800C36A416A658ED01A7545084494BFA0EB50
:10AF6800050CA0EB0E0CBCF1000F06DA5B1A06D438
:10AF7800B3F5803F16D29AB20020628538BD002210
:10AF88001046628538BD0A4B40F2AA3209490A4880
:10AF98001CF068F800201BF0E5FC01200BF06AFDAE
:10AFA8000FF006F8024B40F2BA320449EFE700BF4F
:10AFB8007C5B0020A4670020CC440020C8670020E8
:10AFC80070B505460C461B4A40F2D1311A480BF0C1
:10AFD8005DFDADB12E7D012E1CD02B8D191989B2C6
:10AFE8008B4203D841F2D063994201D941F2D06132
:10AFF80028462985FFF7A6FF40F2B353984200D8A8
:10B0080070BD6B8B284643F002036B83BDE870402C
:10B0180003F0FCBB084B40F2D632084908481CF044
:10B0280021F800201BF09EFC30460BF023FD0EF0AB
:10B03800BFFF00BF8C2E00207C5B00203064002006
:10B04800CC4400202DE9F843044616460F465A4AD8
:10B0580040F23741594899460BF018FD002C00F092
:10B06800A480002F00F0A180237D002B40F09A805F
:10B078003B68207A2683636000282ED0FEF7BAFD4D
:10B088008046B8F1000F00F09380236813B9D8F810
:10B0980000302360E58A002D70D0637A5B0721D5E4
:10B0A8000220474BDFF828C1196819B94DE0C96873
:10B0B80000294AD0CB8AAB42F9D10B8BB342F6D1E7
:10B0C80023680A689A42F2D13B684A689A42EED1EC
:10B0D8006FF007063046BDE8F883201D08F088F9B0
:10B0E8008046CEE72946238B221D204609F04CF9DD
:10B0F800344A002341F2D06120650138A262B8F8D1
:10B10800342060646362E362A4F86010C4E9160046
:10B118008AB3282A3BD80122022120466386C4F834
:10B128008890A4F8482003F05BF906460028D1D19E
:10B138000223237585B1244A1368A3422FD05BB13B
:10B14800DA68A24206D01346F9E701286346C9D057
:10B158000120A9E7E268DA60194B1A681C60E2600E
:10B1680003F044FE194B012220461A7003F04EFBEF
:10B178003046BDE8F8834FF40673CCE7FFF73AFD95
:10B188000146E0820028AED16FF00106A2E7283A16
:10B1980093B2B3F5067F28BF4FF40673BBE7E368A5
:10B1A8001360D9E76FF0090694E76FF00F0691E78F
:10B1B8006FF003068EE700BF582E00207C5B00204E
:10B1C80030B60020D016D01634B60020F4B60020D1
:10B1D80044B6002070B138B504462546246868682E
:10B1E80008B1FFF7EBF829460420FEF78FFC002C86
:10B1F800F3D138BD704700BF58B110B50446406858
:10B2080008B1FFF7DBF821460420BDE81040FEF73F
:10B218007DBC704738B5054688B10420FEF762FC4E
:10B22800044650B168682968AA68EB6860602160C4
:10B238006068A260E360FFF733FA204638BD074B29
:10B2480040F28662064907481BF00CFF28461BF0AF
:10B2580089FB01200BF00EFC0EF0AAFE7C5B00209F
:10B268002C650020CC44002038B504460D46044A1D
:10B2780040F2CF7103480BF009FC04B1256138BDD9
:10B28800D02D00207C5B002070B504460D460E4A88
:10B2980040F2E6710D480BF0F9FB24B1267D012E32
:10B2A80002D0C4F8845070BD084B4FF4FD620849C1
:10B2B80008481BF0D7FE00201BF054FB30460BF06B
:10B2C800D9FB0EF075FE00BF9C2D00207C5B002092
:10B2D80008640020CC44002070B504460D460E4A90
:10B2E80040F614010D480BF0D1FB24B1267D012E48
:10B2F80002D0C4F8905070BD084B40F616020849B9
:10B3080008481BF0AFFE00201BF02CFB30460BF06A
:10B31800B1FB0EF04DFE00BF142D00207C5B002019
:10B328006C5D0020CC44002038B504460D46064A22
:10B3380040F6280105480BF0A9FB1CB1237D012B21
:10B3480008BFA56138BD00BF0C2C00207C5B002025
:10B35800002841D070B5037D05460A2B01D0012B8A
:10B3680000D870BD806F18B1FFF728F80023AB67CD
:10B378006C6F64B126462468706808B1FFF71EF840
:10B3880031460420FEF7C2FB002CF3D16C674FF660
:10B39800FF73EC6E2B865CB126462468706808B192
:10B3A800FFF70CF831460420FEF7B0FB002CF3D170
:10B3B8002C6F5CB126462468706808B1FEF7FEFF62
:10B3C80031460420FEF7A2FB002CF3D10023C5E987
:10B3D8001B33A5F8683070BD704700BF2DE9F04FEA
:10B3E800AA4F87B0DFF8BC923B68DFF8BCA20133F4
:10B3F8003B6099F80030013389F80030A44B1E688F
:10B40800002E00F0AD804FF00008347D002C00F0D5
:10B41800F581012C00F0E3810A2C00F0FE8199F8F7
:10B428000030B27F9A4200F01B81022CB37796F865
:10B43800423000F0F6800B2B00F2F18096F899501C
:10B44800002D00F03381326F002A40F00382F36E42
:10B45800002B00F0F58196F89A300B2B00F2DF8074
:10B468008C4B2B4413F8011C96F898308B42C0F093
:10B47800A581B6F86050002D40F08680304603F074
:10B48800DBFB002800F08780347D062C00F09280DA
:10B4980096F809B01BF0080B1BD0042C07D0A4F1B8
:10B4A8000704B4FA84F46409002C00F08D80316A32
:10B4B8003B68D6F894205B1A774978485118A0FB66
:10B4C8000101B3EB511F40F2478101354FF0010BE9
:10B4D800EDB2746F54B13B68326A9A1AB6F94030CB
:10B4E80003EB4303B2EB430F80F0C080337D032BA3
:10B4F8006DD0092B70D13B68326A9B1AF02B6BD93F
:10B508003046D6F89040FFF723FF614B1B68B8F12F
:10B51800000F00F04781B34200F08D81F368C8F84E
:10B528000C30BBF1000F40F03081337D012BD6E9A0
:10B53800035B00F0778131460220FEF7E7FA00232B
:10B548008AF8003044B16FF00C015846A0479AF8C9
:10B558000030002B7FF452AF2E46002E7FF455AFFB
:10B568004F4E34686CB10025237D0A2B40F05E8174
:10B578003B68226A9B1AF02B5AD82546E468002CAF
:10B58800F2D107B0BDE8F08F2946304602F066FEDA
:10B59800002800F01C8196F899300025062B86F8C3
:10B5A80098503FF671AF347D0133062C86F89930F8
:10B5B8007FF46EAF738BDB0606D53B68326A9B1A45
:10B5C800282B01D90135EDB24FF0000B81E73B681C
:10B5D800326A9B1A282B93D8002D91D1337F727F22
:10B5E8000133F468DBB29A42337712D8D6F88C303C
:10B5F80035778AF80050002B00F0A5803146306975
:10B6080098479AF80030002B7FF4F8AE002800F035
:10B618009A80B0462646002E7FF4F7AEA0E70125B3
:10B6280033E7052B7FF60AAF4FF0000B012550E7F3
:10B638002046FFF78DFE002D00F0BA803368A34244
:10B6480000F00381E368EB60227D012A00F0EA80C4
:10B6580021461C460220FEF759FA002C84D190E7B7
:10B66800B046F668002E7FF4D0AE79E705952546FA
:10B678002468686808B1FEF7A1FE29460420FEF791
:10B6880045FA002CF3D1059D74672FE740B60020DA
:10B6980030B60020E0620020B84C0A00D34D62109A
:10B6A80044B60020F6B60020F4B60020B6F93030D3
:10B6B80047F6FE719AB28A4202D8013213B2338633
:10B6C800B6F940209A423FF7E0AE304602F052FF0A
:10B6D80038B1336F002B7FF4D7AEF36E002B3FF4F5
:10B6E800D3AE337D022B14D096F84220B6F93C1025
:10B6F8000C2AB6F93E3028BF0C2203EBE1035D4962
:10B708008A5C934047F6FF729342A8BF1346A6F897
:10B718004030738E3046B6F84810A6F848305B00C3
:10B728009AB2B6F860308B4228BF0B465B0893424A
:10B7380038BF1346A6F84A3000233386A6F86A3085
:10B7480003F014FAA0E63046B046264603F05EF849
:10B75800002E7FF45AAE03E796F89B10464800FB8C
:10B7680001224649A1FB0212B3EB521F7FF62CAF10
:10B77800304603F033FA00287FF426AF96F89B3062
:10B788008346013386F89B30A3E6338B3046726AD2
:10B79800316D0293F38A0193331D0093334602F00F
:10B7A800B5FFC2E6B3425AD1F368354A1360B8E62A
:10B7B8003368A34258D1E368336045E70133DBB20D
:10B7C8008B4286F89830BFF454AE15465DE6304695
:10B7D80003F01CF800287FF4DEAE054654E6294B3A
:10B7E80040F2C342284929481BF03CFC00201BF0CA
:10B7F800B9F820460BF03EF90EF0DAFB214B40F287
:10B80800C242234921481BF02DFC00201BF0AAF856
:10B8180001200BF02FF90EF0CBFB1A4B40F2C4427B
:10B828001C49EFE7174BD4221B49EBE7154B40F2B5
:10B83800A5521A49E6E7134B40F271521849E1E75D
:10B84800104B40F2D9421749DCE70E4B40F2B35295
:10B858001549D7E70B4B4FF49B621449D2E7094BC4
:10B8680040F275521249CDE7064B40F2B7521149E2
:10B87800C8E700BF145B0020F8240100D34D621014
:10B8880030B600207C5B0020B0650020CC4400204E
:10B8980084650020DC650020945D0020CC660020D3
:10B8A800746600203C660020FC66002008660020C4
:10B8B800A06600202467002070B50C46002934D00B
:10B8C800002841D003688B421FD02BB1DA68A2420E
:10B8D80028D01346002BF9D100232046E360FFF758
:10B8E80037FD237D0A2B1AD0012B0AD0638BDA0788
:10B8F8000ED4E66E002E31D1256F002D33D1636F43
:10B908003BBB00232375E38270BDCB680360E3E78C
:10B9180043F002032046638302F078FF237D012B66
:10B92800E7D1EEE7E268DA60D6E7114B40F68D0220
:10B93800104911481BF096FB00201BF013F801205A
:10B948000BF098F80EF034FB094B40F68E020B49C9
:10B95800EFE7074B4FF40A620949EAE7044B40F660
:10B968009D020849E5E7024B40F69E020649E0E7DA
:10B978007C5B002058620020CC44002074620020C8
:10B98800C862002094620020AC6200202DE9F04FCC
:10B99800054687B00E46534A40F23B2152480BF009
:10B9A80075F8002D64D02C7D012C00F089800A2CBC
:10B9B80078D02B6DD5F824B0D5F89080D5F81090B4
:10B9C80005936CB9EF8A002F55D0484A1368AB42EB
:10B9D80065D0002B53D0DA68AA424ED01346F8E758
:10B9E80029464348EF8AFFF767FF424B01221A7046
:10B9F8002C6F64B1A2462468DAF8040008B1FEF797
:10BA0800DDFC51460420FEF781F8002CF2D1EC6EE3
:10BA180064B1A2462468DAF8040008B1FEF7CEFC47
:10BA280051460420FEF772F8002CF2D16C6F64B115
:10BA3800A2462468DAF8040008B1FEF7BFFC5146B4
:10BA48000420FEF763F8002CF2D1E6B92B7D012B18
:10BA580045D029460220FEF759F8B8F1000F07D063
:10BA68006FF00C014846434607B0BDE8F04F184751
:10BA780007B0BDE8F08F3E46BAE7EA68DA6000270B
:10BA88003E46EF60B4E701975A462B8B2846059946
:10BA980002932B1D00932B4602F038FED6E7EB6885
:10BAA8001360ECE729461448FFF706FF2B7D012BAE
:10BAB80015D02946022007B0BDE8F04FFEF726B89A
:10BAC800094B4FF410720D490D481BF0CBFA0020BA
:10BAD8001AF048FF20460AF0CDFF0EF069FAFFF78A
:10BAE800F3F800BFF02C00207C5B002034B6002067
:10BAF80030B60020F4B6002044B60020C05A00201A
:10BB0800CC4400200121FFF741BF00BF10B50C460F
:10BB180031B108460121FFF739FF6FF00C0010BD65
:10BB2800074B4FF44472074907481BF09BFA20461D
:10BB38001AF018FF01200AF09DFF0EF039FA00BF35
:10BB48007C5B0020F45A0020CC440020F8B55F4A02
:10BB580040F2327105465E480AF098FF0220FDF770
:10BB6800C1FF034620B39C220021184641F2D0644D
:10BB78001BF042FD57490346062209785648A3F8A8
:10BB880040200068DA879977544A5549A3F86440F9
:10BB98001862544C5448C3F88410C3F89420FF2208
:10BBA8005249986418465D751C639962DA72F8BD4B
:10BBB8004F4E34685CB12046E468438B1907F9D5C9
:10BBC80023F008034383FFF747F8002CF3D1494BD0
:10BBD8001B6893B1404A1846196A1468611ADB68F1
:10BBE80043B11A6AA21A8A42F9D31846DB68114689
:10BBF800002BF6D10121FFF7C9FE0220FDF772FFE5
:10BC080003460028AFD1316891B1334A146801E086
:10BC1800C96849B10A7D092AFAD10A6AA21A824278
:10BC2800F6D30B461046F3E713B11846FFF7AEFEFE
:10BC38000220FDF757FF0346002894D1316891B1DF
:10BC4800254A146801E0C96849B10A7D082AFAD171
:10BC58000A6AA21A8242F6D30B461046F3E713B1DA
:10BC68001846FFF793FE0220FDF73CFF0346002825
:10BC78007FF479AF2A0627D4EDB12A46511E3268DF
:10BC8800C9B2C2B114480026076805E0146A3E1B11
:10BC980001461346D2684AB1507D8842F6D3F9D19D
:10BCA800146AA7EB040EB645F4D3F0E71BB10121E3
:10BCB8001846FFF76BFE0220FDF714FF0346002825
:10BCC8007FF451AF1846F8BD7F22D7E7082E002031
:10BCD8007C5B0020F6B6002040B6002000DD6D0039
:10BCE80019950000FFFF18020100D016D016D016D3
:10BCF80030B6002044B600204020FFF727BF00BF21
:10BD080030B5044685B0002800F09680037D59B907
:10BD1800012B4FD0022B60D0002B6AD0204605B0F3
:10BD2800BDE83040FEF798BF042B01D0072BEFD1B8
:10BD3800A26F002A32D0638B13F0100500F08B80BD
:10BD4800218B201DE28A2346CDE90121626A216DFB
:10BD58000090204602F0DAFC2046FFF7F9FA4C4A38
:10BD68001368A34223D033B1DA68A24201D0134644
:10BD7800F9E7E268DA60474B0020474A01211B686F
:10BD8800E060A34211700FD0237D012B2FD02146F4
:10BD98000220FDF7BBFE002005B030BD218D41F229
:10BDA800D0629142C7D1B3E701F09AFDF3E7E368A7
:10BDB8001360E0E739490020394B01F108051B6899
:10BDC80033B1DA6F944208BFD867DB68002BF8D12B
:10BDD800A9421BD051F8043FF1E721462C48FFF750
:10BDE8006BFD0121237D2C4A8B421170CFD1FEF7C8
:10BDF8006BFFE38A002BCAD0294A1368A34218D0E4
:10BE0800A3B1DA68A2420FD01346F9E721462548C4
:10BE1800FFF752FD257D012D2CD021460320FDF78B
:10BE280075FE002005B030BDE268DA600023E360EB
:10BE3800ADE7E3681360F9E71B4B4FF4AF721B499A
:10BE48001B481BF00FF920461AF08CFD01200AF060
:10BE580011FE0EF0ADF8144B4FF4B27215491448A8
:10BE68001BF000F928461AF07DFD01200AF002FEB9
:10BE78000EF09EF80C4BDF220F490D481BF0F2F82C
:10BE880000201AF06FFD28460AF0F4FD0EF090F835
:10BE980030B6002038B60020F4B600204C620020EE
:10BEA80034B600203CB600207C5B0020245B0020D8
:10BEB800CC440020445B0020605B002010B50446A1
:10BEC8000B4A4FF4F3710B480AF0E0FD64B1237D8F
:10BED800012B03D0638B43F01003638320460121B9
:10BEE800BDE81040FFF70CBF6FF00F0010BD00BF9A
:10BEF800082D00207C5B002011B338B514460D4690
:10BF080042B111892846FFF75BF82046FEF756FA3A
:10BF1800002038BD0BB1104638BD0B4A4FF4F37101
:10BF28000A480AF0B3FD2B7D012B03D06B8B43F03D
:10BF380010036B8328460121BDE83840FFF7E0BEB7
:10BF48006FF00F00704700BF082D00207C5B0020B9
:10BF580088B3F8B5856F0023D0F8846004466F7BFA
:10BF6800836756B101462A460069B04758B10D307B
:10BF78001ED06FF00400A567F8BD2989FFF720F8E7
:10BF88002846FEF71BFABB0610D5238D41F2D06276
:10BF9800934201D001332385D4F8845035B100236E
:10BFA800214620691A46A8470D3001D00020F8BD67
:10BFB8006FF00C00F8BD6FF00F0070472DE9F843E3
:10BFC8001C4D0027DFF874802B781B4E01332B7033
:10BFD800D8F80040BCB12A78A37F934215D0638B70
:10BFE800A277D9071AD41A0711D4A36FD4F80C90E2
:10BFF80033B120463770FFF7ABFF3378002BE7D11A
:10C008004C46002CE7D1BDE8F883E468E2E723F06A
:10C01800080320466383FEF71FFEE6E743F00203AA
:10C028002046638302F0F2FB638B23F003039BB289
:10C038006383D8E7F6B60020F4B6002030B60020B7
:10C0480008B5FFF7BBFF064A13780133DBB213705C
:10C05800DB0700D408BDBDE80840FFF7BFB900BF43
:10C06800F5B6002020B1038B021DC18A08F08CB9F7
:10C0780010B5FEF73FFE00BF08B562B141B18B8E27
:10C0880033B1282B05D9283B9BB2984228BF1846C4
:10C0980008BD002008BDFEF743FE00BF00283CD0C5
:10C0A8000268F8B5054602B9F8BD224B0E461C6871
:10C0B800A4B121684FF6A9678A4205D0E4686CB13B
:10C0C8002A6821688A42F9D192B220460121BA42EF
:10C0D800F4D0E468FFF75AFC002CF1D1164B1C6829
:10C0E80044B14FF6A967226829688A4216D0E468E5
:10C0F800002CF8D1002ED7D03368002BD4D00F4BAA
:10C108001B68002BD0D019682A68914201D1326887
:10C118001A60DB68002BF6D1F8BD704792B2204652
:10C128000121BA42E3D0E468FFF730FC002CDAD1F1
:10C13800E0E700BF30B6002034B600203CB600204F
:10C1480090B139B10AB1016811605BB1C28A0020AF
:10C158001A8070470AB1416811601BB1028B002038
:10C168001A807047002070476FF00500704700BFC5
:10C1780070B5446F6CB1064625462468686808B1F6
:10C18800FEF71CF929460420FDF7C0FC002CF3D16A
:10C19800746770BDF8B50546002833D0C3680C46EF
:10C1A8009B895BBADA0727D41E4EE16837682A896B
:10C1B800238948683A440344D31A002B11DB8B893E
:10C1C8005BBADB0704D5EA68938943F480739381EB
:10C1D80027682046FFF710F83C46002FE5D12C6071
:10C1E800F8BD821A002AFADAC11B686889B2298167
:10C1F800FEF7DCF92C60F8BD00240846FEF7EAFFDC
:10C208002C60F8BD084B40F22C42084908481AF047
:10C2180029FF28461AF0A6FB01200AF02BFC0DF096
:10C22800C7FE00BF08B60020306000207460002000
:10C23800CC44002010B50446C8B1144B1B7813F049
:10C24800100301D1184610BD438BDB0606D4D0F885
:10C2580090301BB16FF00E010069984721460C48D9
:10C26800FFF72AFB2046FEF77DFD012010BD094B94
:10C2780040F25A22084909481AF0F4FE20461AF0FA
:10C2880071FB01200AF0F6FB0DF092FEEBB60020E0
:10C2980030B6002030600020D05F0020CC44002061
:10C2A80000294CD02DE9F8430446884616462C4F01
:10C2B8002C4DD8F80C3038685A689B8912BAB8F8EF
:10C2C80008105BBA821A13F00303A2EB010218BF2D
:10C2D8000123D31A002B1DDBD8E90090FEF7D4F90F
:10C2E800B4F8663098422CD829881B1AB8F8082068
:10C2F8004046A4F866300A442A80FEF77DFFB4F869
:10C30800663013B159EA06080AD0B9F1000F04D013
:10C31800C846CEE74046BDE8F8830020BDE8F8836C
:10C32800114B40F26E42114911481AF09BFE4046EB
:10C338001AF018FB01200AF09DFB0DF039FE0020D1
:10C348007047094B40F264420A4909481AF08AFECC
:10C3580000201AF007FB01200AF08CFB0DF028FEE4
:10C3680014AB0020B4B6002030600020D05D00205F
:10C37800CC440020A85D00202DE9F843044600289D
:10C3880000F0EE83027D032A40F2EF839A4B1B787C
:10C39800DD064DD4994E9A4F3888002800F09080D9
:10C3A800227D3368062A00F28C80626AD11A9D1AAF
:10C3B800B1F1010C00F1308105F1FF3E1EEB000FD9
:10C3C80000F12A81DFF84882D8F80450002D00F0E7
:10C3D800EC834FF6FE73994200F2E28389B22A8910
:10C3E8008A42C0F0D883B8F80830521A5B1A92B261
:10C3F800A8F808306B89994208D90020C91A6881C1
:10C408002A812D6889B26B898B42F7D32846FDF7BC
:10C418006BFF636AD8F80C20208D336001465360A7
:10C42800002840F004822046BDE8F84302F0B6B97F
:10C43800724E416D3368B0F860C0D0F858E0C81A41
:10C44800002850DBDFF8CC819942D8F8001000F0C2
:10C458002B818E4500F03181656C681A002857DB06
:10C46800674F3888002800F0BA80656B002D99D096
:10C47800A36B5B1A002B8FDAB4F93C20ADB2614B89
:10C48800C2F3CF011888431A5B1B9BB21A4413F4FA
:10C49800004F12B2A28702D0091A0D44ABB2B4F908
:10C4A8003E103888A1EBA1010B449BB203EBE202DA
:10C4B800E3870023A4F84020636300287FF470AF6B
:10C4C8003368626A991A002907DB218D013A0A4408
:10C4D800D31A002B01DBBDE8F883638B43F002031A
:10C4E8006383BDE8F8834849DFF828810968C8896B
:10C4F800D8F80010B4F86250A4F860008542656C62
:10C5080038BFA4F86200681A0028C4E91531A7DA10
:10C518004D1B012D00F1D880236D5B1A002BC0F252
:10C52800D380638B13F0040240F05D81A4F84220AD
:10C53800ADB2E28F6164B4F93C1002EBE102B4F8E9
:10C548004A10A4F84020B4F84820914240F2608193
:10C5580013F4006F638E14BF0121022113FB01F352
:10C568009BB2AB4294BFD11851198BB2934280F061
:10C578007B824FF6FF73A4F848302046D4E91B218C
:10C58800FFF78EFEE16E024620672046FFF788FE21
:10C59800226FE066B2FA82F35B095B4223860023CE
:10C5A8002377002800F06382184B1988B4F86430A8
:10C5B8000B44A4F86430638B190540F13F82002ACC
:10C5C80000F05C82D2685268E16C12BA521A002AF2
:10C5D800C0F2348223F40063094F638378E0B4F82F
:10C5E8006000F444A26D0244624500F0E380656B8C
:10C5F800002D7FF43DAF64E7E5B6002008B60020C3
:10C60800BEB6002040B6002048B60020B4B60020D0
:10C61800F0B2002014AB0020002DC0F2C680208D9F
:10C6280010EB0C0F01463FF5FEAE9A4200F0FD807C
:10C63800656F002D00F02782E8684FF0000803F1CD
:10C64800FF3C42689A4216D0B8F1000F47D0D8F89C
:10C658000C104968ACEB0101002903DBD11A012950
:10C6680040F14E822968A846002946D00D46E86860
:10C6780042689A42E8D1AA482B8902899A427FF6F1
:10C68800D2AE2B68002B3FF4CEAEFEF7C3FD0028D8
:10C698003FF4C9AEB8F1000F00F06082C8F800009E
:10C6A8002946FFF777FDBEE6AEEB01000028BFF68E
:10C6B800D0AE9C480068C0891CE79A480068C089C9
:10C6C8008445BFF4C9AE15E72046974F02F066F8D7
:10C6D800656B002D3FF460AED8F80010C8E6991AD3
:10C6E8000029BFDA8E48FEF795FD00283FF49BAE7F
:10C6F80029466067FFF74EFD95E6D21A002ABFF675
:10C7080092AE83895BBADB073FF58DAE8448FEF7AE
:10C7180081FD286000283FF486AEEA6833685168D6
:10C728002A890A449A1A002AC0F2248231683A886F
:10C73800D4F824C00A44238DACEB0202DA427FF518
:10C7480072AE2868D0F80C80B8F80CE09EFA9EF912
:10C758001FFA8EF219F0010F07D002F478522EF466
:10C768007C5E42EA0E02A8F80C20591A614489B28C
:10C7780001814068FDF71AFF2B683168D8681A896B
:10C7880083895BBA13F0030318BF01231344228D76
:10C798009BB219443B80636A134499423FF443AE09
:10C7A800624B4FF4E16262490BE1638B43F0020391
:10C7B800638338E6228E10043FF519AF8D427FF46B
:10C7C80016AF94F84320FF2A00F0B2810132D2B2AA
:10C7D800032A84F8432000F2AB817FF408AF204697
:10C7E80001F054FF74E723F004036164B4F93C10CA
:10C7F800ADB26383E38FB4F84A2003EBE103A4F8F6
:10C808004820A4F840300023A4F86A30A4F8423045
:10C81800B4F86A301D44ADB2AB4200F21A819542B9
:10C8280080F01981A4F86A50A7E6DFF8F480D8F8F8
:10C838000CC0B8F80890BCF80C506ABA1FFA85FE0C
:10C8480012F00303D2B218BF01234B449BB28342B8
:10C858003B8028D9D30708D50EF4785325F47C55A6
:10C868002B43ACF80C305BBADAB2920700F11481B2
:10C87800A8F80800D8F80400FDF798FED8F80C309E
:10C88800B8F808209B89208D5BBA13F0030318BF02
:10C898000123134432689BB23B801344626A02440A
:10C8A800934240F06E81656F002D00F0F180D8F85A
:10C8B8000C309B895BBADB0740F18F802B682846D8
:10C8C8006367FEF799FC656F002DF7D13A883168E8
:10C8D800208D114490426162C0F05881821A20462E
:10C8E8002285FEF72FFBD8F804301A8922B1114AA5
:10C8F80013600023C8F80430D8F80C309B895BBA61
:10C90800D80704D50C4A137843F020031370656FD9
:10C91800002D00F09580DFF81C80074F3CE000BF39
:10C92800F0B2002048B60020BEB6002030600020DB
:10C9380050630020ACB40020EBB600204B1C1A4416
:10C948006262228D934238D80123521A2046D21AA5
:10C958002285FEF7F7FA69680B893BB1D8F8000021
:10C96800002868D0FDF7A8FE00236B60EB689B8960
:10C978005BBAD90708D53B7843F020033B70237D89
:10C98800042B01D1072323752B6828466367FEF71C
:10C9980033FC656F002D53D0EB68616A5A688A4290
:10C9A8004ED132609B8929895BBA13F00303C5D144
:10C9B8000A446262228D9142C7D97E4B40F23162AD
:10C9C8007D497E481AF04EFB002019F0CBFF01206C
:10C9D8000AF050F80DF0ECFA4D46E8683A88D6F8B7
:10C9E80000E02B89D0F804C002EB0E016344CB1A97
:10C9F800002B56DB83895BBAD8070DD5D8F80C20F5
:10CA0800938959BA9BB2890706D443F480739381FA
:10CA1800B8F8083001333B80D5F800902846FEF777
:10CA2800EBFBB9F1000FD7D13A884D463168114474
:10CA3800208D65674EE7C8F8001095E7604F47E618
:10CA4800638BDA0716D523F0010343F002036383EF
:10CA580041E54FF6FF75638EAD1A1344A4F86A508A
:10CA68009BB29342FFF485ADA4F8483085E5A4F85D
:10CA7800680099E543F0010363832CE500283FF43F
:10CA8800A9ADC2689FE54F48FEF7C4FB6067CAE4DA
:10CA98003A88316811441DE7411E89B2A8F8081088
:10CAA800E8E6ACEB0103002BC2DAACEB0E01D8F8D8
:10CAB8000C3089B2A8F808109B895BBA9B0703D58C
:10CAC800013989B2A8F80810D8F80400FDF76EFDFE
:10CAD800D8F80C30B8F808209B895BBA13F0030328
:10CAE80018BF012313449AB2EB683A805968336837
:10CAF80013448B429CD02F4B40F20262324960E7CC
:10CB08003048FEF787FB074600283FF48CACD8F87E
:10CB18000C3032685968B8F808300B44D31A002B27
:10CB280013DB29463846C8F80070FFF733FB7AE470
:10CB3800B4F848204FF6FF71638E13449BB29A42B3
:10CB480088BF0B46A4F8483049E6521AD8F80400C2
:10CB580091B2A8F80810FDF729FDE2E760679FE5A4
:10CB6800144B40F2874219492BE7124B4FF491625C
:10CB7800174926E75B1A686899B22981FDF716FDFF
:10CB8800D4E50C4B40F2D15212491AE7094B40F256
:10CB98000D62114915E7074B40F29D520F4910E706
:10CBA800044B40F29B520E490BE7024B40F29A525B
:10CBB8000C4906E730600020E4630020CC440020E4
:10CBC800BEB60020F0B2002088630020E862002092
:10CBD8000463002050630020C463002040630020E9
:10CBE80030630020206300202DE9F0470546002827
:10CBF80000F08F804E4B188890B34E4A0023DFF820
:10CC08004C8140F2B35AB2F800E019464A4A40F261
:10CC1800B4595FFA8EF7A8F800301468474A1668C6
:10CC280001F1140CB444884267D94A1C92B2CCB1C1
:10CC38008E4517D8D31B013BDBB2E35C012B15D023
:10CC4800022B17D053B10CB172453ED23244137D3A
:10CC5800012B5AD90B4499B20123E1E7A8F8002027
:10CC6800BDE8F0879CF80030012BE9D10CF1010CEC
:10CC78001146D8E78B1C9BB20CB1724521D23244C5
:10CC8800127D042A3ED15A1C82423BDACA1C92B257
:10CC98005CB39E451DD8DB1B04319645DBB289B2D7
:10CCA80014F803C04FEA0C2C1CD8D21BD2B2A35CD8
:10CCB8004CEA03035A1E92B2524588BF4B466B8614
:10CCC800CAE7D21BD2B2A25CDBE7D21BD2B2A35C0A
:10CCD800BEE733440431964593F814C089B24FEA4D
:10CCE8000C2CE2D93244137DE2E73344043193F843
:10CCF80014C089B24FEA0C2CF4E7002BB0D0A8F886
:10CD08000010ADE7A8F80030AAE70231A8F8001033
:10CD1800A6E70B4B40F28D720A490B481AF0A2F9AC
:10CD2800284619F01FFE012009F0A4FE0DF040F975
:10CD3800BCB60020BAB600204CB6002048B6002089
:10CD480030600020B4610020CC440020B8B6002038
:10CD58002DE9F04F06468BB0564A8221564809F015
:10CD680095FE002E00F068847389544F7268132B67
:10CD78003A6005D830460BB0BDE8F04FFDF71EBB52
:10CD8800DFF85881D8F80010D8F8140006F034FD00
:10CD98000028EFD1D8F8143003F0F003E02BE9D0E5
:10CDA8003B68998949BAC1F3033189001329E1D94C
:10CDB80033898AB28B42DDD3DFF82491A2F11403C0
:10CDC8003F4CC9F800009BB270892380904280F0E4
:10CDD8005A813568002D00F04B8514213046FDF747
:10CDE80083FAB4F800A074893046364B2146AAEB82
:10CDF80004051C80FDF778FA3068ADB24389AB4270
:10CE0800B8D343682946C9F80030FDF76DFA33896D
:10CE180072892344A3EB0A039BB23381002A40F0B2
:10CE2800E3843268B2F808A0534540F0D984D7F8B3
:10CE380000E0254ADEF8043024481BBA0893CEF8EF
:10CE48000430BEF802101360DEF8083049BA204AF0
:10CE58001BBAAEF8021089B209931360CEF80830F5
:10CE6800BEF80C20BEF80E3052BA5BBA02F03F0B87
:10CE78009507AEF80E30BEF8003080F800B0D0B29A
:10CE88005BBA0490AEF800309BB240F00481114ABE
:10CE98000792A2F800A0104A12680692002A00F031
:10CEA8000481D8F804C0069CD8E9049205920022AF
:10CEB8001EE000BF582B00203060002048B600203C
:10CEC800BCB60020BAB6002008B60020E5B600209F
:10CED80014AB0020BEB6002030B6002000B30020FE
:10CEE8004CB60020E0682246002800F0DE800446A8
:10CEF800257D002D00F06C830A2D00F05B83012D49
:10CF080000F06A83257A2DB19CF840000130C0B248
:10CF18008542E7D1208B9842E4D1E08A8842E1D16A
:10CF280060684845DED12068059DA842DAD1E368EB
:10CF3800A34200F082843AB1D3609B4B1C60069BED
:10CF4800A342E36000F08784984D0023DFF88092C5
:10CF5800DFF88082A5F808A0DFF87CA22B60C9F86A
:10CF6800003088F80030AAF80030049BC5F80CE0BF
:10CF78001B076E6003D5737B43F001037373A36FC4
:10CF88007BB12046FEF7E4FF0D3000F05381A36F1C
:10CF980023B1079B1B88002B40F04C81844B93F8EE
:10CFA80000B0844E1BF0040F346000F01781277D19
:10CFB800022F00F0E582804B1A68636A934200F002
:10CFC800BB81D11A0029C0F230819B1A228DD3422D
:10CFD80000F12B81638B43F00203638398F80030E0
:10CFE80003F00803002B40F0B481BAF8002052B1D6
:10CFF800D4F8803023B12146206998470D3036D0C7
:10D008000023AAF800302046FFF714F978BBD9F8B6
:10D018000020BAB1A36F002B40F02E84638B13F06D
:10D02800100340F0DD82D4F88470002F00F0F48201
:10D0380021462069B84710F10D0F18D010B1D9F862
:10D048000030A36798F80030990607D5A36F002B26
:10D0580000F0CD825A7B42F020025A73002320460A
:10D068003360FFF7E7F810B9204601F0CFFB002442
:10D0780068683460C9F8004010B1FDF79FF96C602A
:10D088000BB0BDE8F08F4D4A30461380FDF72CF900
:10D09800B6F808A0CBE60AF10102494892B2079017
:10D0A80052450280BFF4F7AE64E6464A106800288D
:10D0B8003CD0D8F80440D8E904CE02E0C068002883
:10D0C80034D0027D0A2A40F0EA82057A2DB194F81C
:10D0D80040200132D2B29542F0D1028B9A42EDD172
:10D0E800C28A8A42EAD142686245E7D1026872453B
:10D0F800E4D1049A54073FF53DAE970740F1C78243
:10D10800426A089DAC1A002C04DB521B048DD442E1
:10D1180040F16E83079B1B88002B3FF42BAE438B9B
:10D1280043F00203438301F071FB23E6264AD2F859
:10D1380000A0BAF1000F23D04FF0000ED8F8040079
:10D14800D8F814905546F346F44603E0EA68AC462E
:10D158009AB115462C7A2CB190F840200132D2B2FF
:10D168009442F3D1EA8A8A42F0D12A684A4569D0C2
:10D17800002AEBD1E346AE46E8E7BEF1000F5FD1E7
:10D18800049A52073FF5F6ADCDE90113079BD8F88D
:10D1980004001A88089B09991A440C4B009304331D
:10D1A80001F0D4FAE6E500BF30B60020F0B2002066
:10D1B800E5B6002038B6002008B60020BAB6002030
:10D1C800BEB6002044B600203CB6002010B30020B4
:10D1D800ACB40020EBB60020B4B600201BF0020F60
:10D1E80004D0237D023B012B3FF6F4AE638BDB06B4
:10D1F80002D4A84B1B68236200232046A4F89A3067
:10D20800FFF7F2FCA44B1978237D880740F1B08022
:10D218009A1E012A09D8032B40F04C819F4B1A68AB
:10D22800636A013B934200F0D38298F8003003F020
:10D238000803D7E6638D002B00F0A981984E16E706
:10D248007546DC46BCF1000F06D0964A1560EA68C0
:10D25800CCF80C20C5F80CA0049A54073FF58AAD09
:10D2680012F0100440F09881049B9A077FF582AD74
:10D27800687DFEF76BFC8146002800F0D281874B61
:10D2880039681B680A780133497842EA0122E98A39
:10D298004362C362D8F8143002830360D8F81030B0
:10D2A800C182436003230375FEF7DCFE7B4BC9F89C
:10D2B80050001B68C9F84400013BC9F85C007A4A71
:10D2C800C9E915302B69C9F87C50C9F810306B7A58
:10D2D80003F00C0389F809302B7A89F808301368B1
:10D2E800C2F80090C9F80C3001F080FD6F4B0122A4
:10D2F80048461A70FFF778FC3B6809F10402B9F850
:10D308003250DB8910460492A9F86030A9F86230DF
:10D3180006F06EF8049A01462846FEF7ADFE122183
:10D32800A9F83200484601F05BF8002840F0268250
:10D33800484601F06BFA1DE5002F00F0878298F847
:10D34800003043F0080388F80030638B23F00103B2
:10D358006383D4F890301BB16FF00D0120699847B2
:10D3680021465148FEF7A8FA2046FDF7FBFC7EE669
:10D37800023B072B3FF659AFDFE803F09CC104706E
:10D38800540431162046FEF7F7FF98F8003013F0E2
:10D39800200F03F008033FF425AE628B42F002022F
:10D3A8006283072222751DE62046FEF7E5FF3A4B09
:10D3B8001B78D8067FF539AF3D4B226D1B689A4222
:10D3C8007FF433AFE36E002B7FF42FAF98F8003073
:10D3D80043F0100288F8002003F0080302E6204614
:10D3E800FEF7CAFF2C4B1B78DF067FF51EAF304BCC
:10D3F800226D1B689A427FF418AFE36E002B7FF40E
:10D4080014AF2046FDF7A4FF274B1B68A34200F08A
:10D418002782002B00F04A81DA68A24200F044819A
:10D428001346F6E72046FEF7A7FF98F800309A065D
:10D43800D2D5638B204643F002036383FDF788FF50
:10D44800194B1B68A34200F00B82002B00F02E81C1
:10D45800DA68A24200F028811346F6E72046FEF774
:10D468008BFF98F800300C4A9F06127840F1E8804C
:10D47800D00605D50E4A216D1268914200F0C5818B
:10D48800628B03F0080342F00202628308222275CD
:10D49800A8E500BF40B60020E5B6002008B6002089
:10D4A80038B600203CB6002030B60020F4B6002084
:10D4B80014AB002001F01203122B00F00781CA06FA
:10D4C8007FF5B3AE079A3B681188B24A188812688C
:10D4D8000A44B1490968029020465B880193AF4B22
:10D4E8000093043301F012F994F84230052B3FF60B
:10D4F8009CAE00232046238601F048FB95E6CB0628
:10D508007FF593AEA44B1968636CDB43CB4200F103
:10D51800A980236D5B1A002BC0F2A4800423237515
:10D52800E36F002B5FD09F69002F00F02D81002250
:10D5380021462069B847002840F084812046FEF73C
:10D548001BFFBAF8003013B1013BAAF80030618E16
:10D5580041F21C134A0088009A42174638BF1F46FA
:10D56800B7EB810F40F2808183B2A4F8483098F875
:10D57800003013F0200F03F008037FF40EAF31E5FD
:10D58800854B226D1B689A423FF4D9AE4DE6204682
:10D59800834E01F003F96AE5CDE90113079B099968
:10D5A8001A88089B1A447D4B0093043301F0CEF887
:10D5B800FFF7E0BB7B4BFC227B497C4819F052FD0E
:10D5C800002019F0CFF9012009F054FA0CF0F0FC12
:10D5D800744BFB227649F0E7724BFD227549ECE764
:10D5E8001046FCF7EBFE2046FEF78CFA3FE5238D4C
:10D5F80041F2D062934201D001332385D4F884707C
:10D60800002F3FF42BAD0023214620691A46B84766
:10D618000D307FF423AD2AE53B462146FEF76CFC2E
:10D6280009E5AB69002B3FF4A5AB01464FF0FF328B
:10D6380028699847FFF79EBB5A4B83225E49BCE78F
:10D64800D1067FF5C9AE544A216D126891427FF424
:10D65800C3AEE26E03F00803002A7FF4C3AC0622CF
:10D668002275BFE4079A3B6810884A4A1268024448
:10D678001888029020465B880193484B0093043336
:10D6880001F044F898F8003003F00803AAE4049B7A
:10D69800DD077FF53FAD494B1B6803623AE5414B17
:10D6A80040F21F12464988E7E268DA60454B0A22D1
:10D6B80022751A681C60E2600122434B1A7001F05F
:10D6C80095FB98F8003003F008038BE4636C324A4A
:10D6D8000133126893427FF4F2AE6364221D2D4B2E
:10D6E80038681B68678E591C013B6162E162C18919
:10D6F800104663650423A4F860102375A4F862102B
:10D70800049205F075FE049A01463846FEF7B4FC0B
:10D7180041F21C134200608681009A42174638BFC6
:10D728001F46B7EB800F40F2BA808BB2B4F8667030
:10D73800A4F84830002F00F0AD80013FA4F86670CF
:10D74800276F002F00F0A1803B6823673846FDF75C
:10D7580053FD236F002B00F094800023238684F868
:10D768004230D4F88830002B3FF434AC00222146F4
:10D77800206998470D307FF42DAC78E4214648465F
:10D78800FEF704F9FFF7F6BA064B4FF46E720F492D
:10D7980013E700BF08B6002014AB002010B3002028
:10D7A80038B60020306000206C5E0020CC44002099
:10D7B800445E0020985E0020F05D002040B6002006
:10D7C800185F002044B60020F4B60020945F0020C3
:10D7D800204600F015FF98F8003003F0080301E434
:10D7E800334BE0223349E8E6314BDF223249E4E6A5
:10D7F800CDE90113079B09991A88304B2A440093F5
:10D80800043300F083FFFFF7B5BAE26E002A7FF415
:10D8180037AE638B204643F002036383FDF798FD20
:10D82800274B1B68A3421BD0002B3FF43FAFDA689D
:10D83800A2423FF439AF1346F6E71D4B40F20D12F2
:10D848002049BAE60D303FF412ACCCE6184B40F252
:10D858003B321D49B1E6164B40F215121B49ACE6A6
:10D86800E368174A136021E79A4288BF93B27CE6BF
:10D878000F4BC2221649A0E60D4B4FF4F37215491F
:10D888009BE64FF6FF7323866BE7E76E5FB13B6855
:10D89800E3665BE7064B40F277320F498DE69A4222
:10D8A80088BF93B242E7024B40F27F320B4984E6CD
:10D8B80030600020245E0020185E002010B3002095
:10D8C80030B60020C05E0020485F0020EC5E0020DB
:10D8D800085E0020B45F0020685F0020805F0020A1
:10D8E800024A137843F0100313707047EBB6002018
:10D8F80070B5049D0C461E469DF818109DF814300E
:10D9080025B394420DD321464FF42072FCF7C0FD95
:10D9180030B1036843BB43891B1B338004814481B6
:10D9280070BD9B0705D46B8B5B06ECD409B1EB6E1D
:10D9380043B104F2B75121F00301914228BF1146C7
:10D9480089B2E1E72B6F002BF3D1DCE7094BEC221E
:10D9580009490A4819F086FB002019F003F801204C
:10D9680009F088F80CF024FB024B4FF48772044945
:10D97800EFE700BFD061002014620020CC440020F3
:10D98800346200202DE9F04706469DF820A00028C3
:10D998004FD00F4600293ED04FEA8A040420914612
:10D9A800984604F00404FCF79DF8054678B380F81F
:10D9B8000AA04FF0000A3B89A2B24760A342C0F810
:10D9C80000A044D39B1A142103813846FCF754FC69
:10D9D800C0B9A4026B68F18A98FA88F804F5A044E3
:10D9E80049BA44EA090254BA5A68338BEA605BBA06
:10D9F800C2F80480948111809074D07453802846B2
:10DA0800BDE8F08728465546FDF7F6FBF7E73846A8
:10DA1800FCF7D4FCF3E7154BA7221549154819F074
:10DA280021FB384618F09EFF012009F023F80CF07E
:10DA3800BFFA0E4BA62210490E4819F013FB3046C8
:10DA480018F090FF012009F015F80CF0B1FA074B17
:10DA5800B3220A49074819F005FB504618F082FF1F
:10DA6800012009F007F80CF0A3FA00BFD0610020EC
:10DA7800E85B0020CC440020C85B00200C5C002040
:10DA880008B540F29C62064B0649074819F0EAFAC5
:10DA9800002018F067FF012008F0ECFF0CF088FA6E
:10DAA800D0610020AC640020CC4400202DE9F8436C
:10DAB800044670B314311546476A4FF42072B0F823
:10DAC800169089B22420B4F81880668DFCF7E0FC23
:10DAD800E8B14389132B2BD9628D99FA99F9636AB6
:10DAE80098FA98F83FBA76BA991843680022A3F8CA
:10DAF80000901A745A749A74DA745022A3F8028047
:10DB08001A7310225D609F60DE815A73E162BDE87E
:10DB1800F8830A4B40F2467209490A4819F0A2FAFA
:10DB2800002018F01FFF012008F0A4FF0CF040FAB5
:10DB3800024B40F227720449EFE700BFD061002092
:10DB480008610020CC4400203061002000B17047FB
:10DB580010B50446074B40F25A720749074819F0B6
:10DB680081FA204618F0FEFE012008F083FF0CF031
:10DB78001FFA00BFD06100208C610020CC44002037
:10DB880070B50D4686B0002932D00446164630B32B
:10DB9800007AB0B91846059305F02AFC059AB0B189
:10DBA800E37AA47A00940624314602900194284628
:10DBB80005F00CFE04462846FCF700FC204606B09B
:10DBC80070BD0593FCF716F8059A0028E8D16FF0A8
:10DBD80003042846FCF7F2FB204606B070BD184641
:10DBE800059305F005FC0028F1D0FF23059AD9E735
:10DBF800074B40F28A720749074819F033FA28465A
:10DC080018F0B0FE012008F035FF0CF0D1F900BF84
:10DC1800D061002060610020CC4400202DE9F04153
:10DC2800BDF81880BDF81C7052B3C3B30E464FF44C
:10DC3800207205BA14212420FCF72AFC0446E0B11E
:10DC48004389132B30D943680022502198FA98F859
:10DC58001A747FBA5A7436BA9A74DA741422197319
:10DC68006FF02F015A731622A3F800805F805D6061
:10DC78009E609973DA73FFF769FF2046BDE8F0816B
:10DC88000C4B40F2C4720C490C4819F0EBF9002017
:10DC980018F068FE012008F0EDFE0CF089F9054B3C
:10DCA80040F2C5720649EFE7024B40F22772054978
:10DCB800EAE700BFD0610020F4640020CC440020D3
:10DCC80010650020306100202DE9F04F002491B04C
:10DCD800CDE90713ADF83E40002800F06182B0F8A6
:10DCE80062309246428E0D465B08814640F2A7118B
:10DCF800A548934228BF13469B46A34208BF9346B4
:10DD0800A24A08F0C3FE002D00F04A8299F81430A8
:10DD18009A1E022A02D9072B40F02182BAF1000F7D
:10DD280000F08F80B9F864305345C0F03082B9F8FC
:10DD380066600F2E00F22B82D9F870309EB9002B46
:10DD480040F04C82D9F86C30002B40F04782B9F88B
:10DD58006860002E40F0068200231C460C9309934D
:10DD6800CDE90A3377E0002B00F09D81D9F86C806B
:10DD7800B8F1000F00F0378243461A461B68002BA3
:10DD8800FBD19846937A11899B000A9203F0040309
:10DD9800CA189345C0F21882ABEB0102D21AB9F83F
:10DDA800683092B20993ADF83E30002B00F0EA805B
:10DDB800934200F22B8209985045034628BF5346E8
:10DDC800934228BF1346C01AD21A80B292B2ADF855
:10DDD8003E0010B19A4540F014820A9F0993099BAE
:10DDE800002A18BF9A452FD971B3AAEB0304089BE0
:10DDF8009442A8BF1446D907A5B200F1EC800A9B4B
:10DE08005A6813461268002AFBD10B921A7B12F04B
:10DE1800C00F06D15A895B681344079A9A4200F0EA
:10DE2800B281012229460020FCF732FB0B90002822
:10DE380040F09D81B9F81A3043F08003A9F81A30F0
:10DE4800B9E0B9F8666091E70023099C0B930C933D
:10DE5800A24540F28580089B4FF0000803F00103BB
:10DE6800CDE9048B0D939B463EE0BDF83E30002B78
:10DE780040F09981012229463820FCF709FB002847
:10DE880000F08680079A59460690224442604FF473
:10DE980020723820FCF7FCFA069B0746002800F0A1
:10DEA8000D811946FCF708FC3846FCF7EDFB3044B9
:10DEB80086B2102E46D8D9F85C300022394648463A
:10DEC80023440092FFF75EFD002861D0049B002BDD
:10DED8003ED0B8F1000F00F06D812544C8F800006D
:10DEE800ACB2A24539D98046AAEB0405059BADB270
:10DEF8009D4228BF1D46ADB2BBF1000FB5D0089BAF
:10DF08002946059A3820CDE90093049BB3FA83F398
:10DF18005B0902930DF13E03FFF7EAFC0746002870
:10DF280036D04389AB42C0F04A81079B2A464068F5
:10DF380019190AF04FFF3846FCF7A6FB304486B2A1
:10DF4800102EB8D93846DDF81080FCF737FA21E0F2
:10DF580025440490ACB2A245C5D8DDF81080074628
:10DF6800099B002B00F0B0800A9A5468002C61D0FD
:10DF78009B46079D23895B4423812368002B4CD053
:10DF88001C46F7E747462AE7D0610020182C0020F6
:10DF9800DDF81080B9F81A3043F08003A9F81A3078
:10DFA8000B9B13B11846FCF709FAB8F1000F02D021
:10DFB8004046FDF70FF9B9F866303BB1D9F8703033
:10DFC80023B9D9F86C40002C00F025814FF0FF30C0
:10DFD80011B0BDE8F08FCDE9009301232946002058
:10DFE80002930DF13E03FFF783FC0B9000283FF4EA
:10DFF80021AF079B044609992A46406859180AF038
:10E00800E9FE2046FCF740FB3044002386B20C931F
:10E01800099B0A9FEC18A4B21AE763895A466068FC
:10E02800294618440AF0D6FE63895B446381236855
:10E03800002BA5D10A9A099913891944BDF83E30D5
:10E048001181A9F868300B9B002B5FD00A9C0B9DAF
:10E0580060682946FCF730FB2A8923891344238109
:10E068000A9BC3F80080D9F85C30A9F8666053446D
:10E07800C9F85C30B9F86430A3EB0A03A9F8643036
:10E088001EB1D9F87030002B37D057B1FB6843B1B7
:10E09800089A12F0020004D19A8942F400629A8127
:10E0A80096E7002094E7D9F86C80B8F1000F7FF468
:10E0B80063AE5B4B4FF4AC725A4913E01846DDF877
:10E0C8001080FCF77BF965E7BDF83E30A9F86830A9
:10E0D8000B9B002B39D00A9B002BB7D1504B40F239
:10E0E800E3225149514818F0BDFF002018F03AFCCE
:10E0F800012008F0BFFC0BF05BFFD9F86C40002C46
:10E10800C3D1474B40F215324949EBE70C9B002B32
:10E11800A6D00A9B5968E9B10A68002A48D00C9829
:10E1280000E01A460B8903440B8111461368002B43
:10E13800F7D113890C990B44138153890B445381EC
:10E148000A9A13890B4413818AE70C9BA3B10A9B93
:10E15800002BDED1324B40F2E9223649C2E76FF09C
:10E168000A0035E72E4B40F24D223349BAE7079BA8
:10E17800099A1344436045E70A9B002B7FF470AF6C
:10E18800C9F86C806FE7099B1BBB0C9540E7B9F891
:10E198001A304FF0FF3043F08003A9F81A3017E720
:10E1A8006FF00F0014E71E4B4FF41D72234999E7D7
:10E1B8000A46BEE71A4B40F2AE22214992E7184BB5
:10E1C80040F269221F498DE7154B40F2E9121E49BA
:10E1D80088E7134B4FF40D721C4983E7104B40F24C
:10E1E8005B121B497EE7B9F86830002BBAD1BAF147
:10E1F800000F7FF4B1ADBDF83E305746A9F868303E
:10E20800BEE7074B40F2032212496BE7044B40F28A
:10E21800FB12114966E7024B40F22A32044961E7D2
:10E22800D0610020E46700206C690020CC44002005
:10E23800DC690020A4690020D86800204869002013
:10E24800586900200869002054680020AC68002044
:10E25800206800208C6800206C6800202DE9F04FB1
:10E26800054683B0002800F0A680C66E002E00F098
:10E2780086800C46002900F08F80B6F80890894502
:10E2880076D9438E8B42C0F09B8096F80AA0A9EB02
:10E2980001084FF4207238204FEA8A0B1FFA88F8D9
:10E2A8000BF0040B08EB0B0189B2FCF7F1F80746F9
:10E2B800002864D070683289038979689B1A4246BD
:10E2C800594423449BB2FCF7FBFA404554D1F36808
:10E2D8009A8952BA5FFA82F812F0080254D108F00B
:10E2E8003F0818F0010F03D008F0FE0842F00102C1
:10E2F8005B6839462846CDF800A01BBA2344FFF7CF
:10E3080041FB074600283AD07068A4EB0904FCF7E3
:10E31800BBF97268B5F86630A4B2118998FA98F812
:10E328001B1A104621441FFA88F8A5F8663089B2EE
:10E33800FCF73CF9338970681C44F36834819A8986
:10E3480048EA0208A3F80C80FCF79EF9B5F8663095
:10E3580003447868A5F86630FCF796F9B5F8663096
:10E3680018443368A5F866003B6037603B687BB1AA
:10E37800002003B0BDE8F08F3846FCF71FF84FF0D7
:10E38800FF3003B0BDE8F08F08F037080822A8E78F
:10E398001846A5F86830F4E70C4B40F256320C49A1
:10E3A8000C4818F05FFE002018F0DCFA012008F095
:10E3B80061FB0BF0FDFD054B40F24E320649EFE7DD
:10E3C800024B40F25E320549EAE700BFD061002007
:10E3D80070670020CC4400204C6700209467002020
:10E3E80070B511F0030682B07AD00446002868D0D0
:10E3F80011F002060D464FF4207237D1314638200D
:10E40800FCF746F80146002845D0E36D2A46204629
:10E418000096FFF7B7FA00283DD0C36813F003064B
:10E4280054D10389002B56D1E36E53B31A461B68A7
:10E43800002BFBD11060E36D00220133A4F86820A3
:10E44800E365EB0703D5638B43F0200363834068E0
:10E45800FCF71AF9B4F86630184480B2A4F86600DC
:10E4680010B1206F78B1002002B070BD04213820AF
:10E47800FCF70EF8014670B14389032B12D9012627
:10E48800C3E7E066D7E7E46E002CEDD1174B40F206
:10E49800694217490AE0638B4FF0FF3043F080036D
:10E4A8006383E1E7114B40F23D421249124818F0EC
:10E4B800D9FD002018F056FA012008F0DBFA0BF01D
:10E4C80077FD0A4B40F215420C49EFE7074B40F243
:10E4D80046420B49EAE7054B40F247420949E5E75E
:10E4E800024B40F213420849E0E700BFD061002028
:10E4F800445D0020C45C0020CC440020A45C0020C3
:10E50800005D0020185D00204C5C002010B504461A
:10E51800D0B1C36E4BB11A461B68002BFBD1D16832
:10E528008A8990B252BA520705D020460121BDE827
:10E538001040FFF755BF628B40F4807042F0200214
:10E5480088811846628310BD074B40F2EF320749B5
:10E55800074818F087FD204618F004FA012008F053
:10E5680089FA0BF025FD00BFD06100206865002006
:10E57800CC44002038B5044660B3016F71B10A4637
:10E5880013683BB15268927B012A07D11A46136877
:10E59800002BF7D15068807B012803D06FF005036A
:10E5A800184638BDE06ED5681060608BC4E91B134F
:10E5B80040F4006161831189AA89686852BA63636B
:10E5C80000BA12F003020144184618BF01220A4497
:10E5D800E26438BD074B40F267620749074818F004
:10E5E80041FD204618F0BEF9012008F043FA0BF06F
:10E5F800DFFC00BFD0610020D0640020CC440020A4
:10E6080038B5044660B3056F25B36B689B7B012B57
:10E6180020D1C26E6C302B68236762B1EB685968F1
:10E6280009BA02E0104612682AB1D3685B681BBABF
:10E638005B1A002BF6DB2A6005602B686BB194F837
:10E648004230FF2B02D0013384F8423000231846B1
:10E65800636338BD6FF0050038BDA4F86830EEE795
:10E66800074B40F2C5620749074818F0FBFC2046F3
:10E6780018F078F9012008F0FDF90BF099FC00BFBB
:10E68800D061002058640020CC44002010B5044616
:10E6980038B3036F13B1438B5B0700D510BDFFF789
:10E6A800AFFF0028FAD1B4F86010B4F84830628E91
:10E6B80099424FEA420028BF19464B08B0EB510F68
:10E6C800A4F84A3002D983B2A4F84A30618B0244D4
:10E6D80041F0040113440022A4F8483061832286E3
:10E6E80010BD074B40F2FD620649074818F0BAFC16
:10E6F800204618F037F9012008F0BCF90BF058FC57
:10E70800D061002070640020CC44002070B582B035
:10E718001C460D468446BDF81C301146069E284608
:10E7280000932246BDF82030654601933346FFF733
:10E7380075FA40B1014633462246284602B0BDE884
:10E748007040FFF71DBA02B070BD00BFF0B585B0CC
:10E758008C461F4611460A9EBDF82C30BDF8302065
:10E76800C8B104466046CDE9003233463A46FFF761
:10E7780055FA054678B102940023062432463946F4
:10E78800CDE90034FF2305F021F8284605B0BDE89F
:10E79800F040FBF713BE05B0F0BD00BF38B5044626
:10E7A800F8B1026D002112BAFFF780F9054690B161
:10E7B800FFF7CCF9231D224629462046FFF7E0F94A
:10E7C800638B20B923F003039BB2638338BD43F006
:10E7D8000303638338BD638B6FF0010043F00303C9
:10E7E800F3E7074B4FF403620649074818F03AFC71
:10E7F800204618F0B7F8012008F03CF90BF0D8FBD8
:10E80800D061002048650020CC4400202DE9F04F5D
:10E81800044685B0B14A40F2E341B14808F036F900
:10E82800002C00F08D81257D012D00F08E81AD4BEF
:10E838001B68A34200F05A81E56EB4F84890B4F81A
:10E8480060601DB3207A04F1040B002840F0528167
:10E85800584604F0CDFD8246BAF1000F00F0598108
:10E86800236813B9DAF800302360B145626C2B894C
:10E8780028BFB146EE689B1A726812BA13444B451A
:10E888000FD9B4F860304B4500F01581608B8107D3
:10E8980000F10B8120F080030020638305B0BDE800
:10E8A800F08F002384F89930236F002B00F0138138
:10E8B80098461B68002BFBD153460027B2461E46DC
:10E8C800BAF80C305ABA9BB2520700F12581226F70
:10E8D80062B1618B11F0440F8C4607D1E06E0028BD
:10E8E80000F0BF800268002A00F0B580227D022A6D
:10E8F80000F08F8043F480536868AAF80C30837B5B
:10E90800012B3DD02868E066638B23F00303638303
:10E91800E968B5F808C08B8949685BBA226D09BAFD
:10E9280013F0030318BF0123634401EB030CA2EBAC
:10E938000C02002AB8BFC4F850C0002B70D0236F57
:10E948002F60002B00F08380D8F80C20526812BA90
:10E958008A1A002AC0F29980C8F80050A8460546CD
:10E96800002D00F0CB80D5F80CA02B89DAF8041024
:10E97800626C09BA9B1A0B444B45A1D9608B89E795
:10E98800636A628D19BA134452BACAF80810AAF811
:10E998000E20E362AB7A13F0010146D10AF1140AA2
:10E9A800B4F93030626B002BEB68B8BF27862AB900
:10E9B8004D4A126862635A6812BAA2634268002913
:10E9C8004189A3EB0202436092B2A1EB02014181AB
:10E9D8000189A1EB0202028114BF182214221F74BC
:10E9E8005F7413449A4540F0A680062302965A465F
:10E9F80021460193A37A0093E37A04F0E7FE002806
:10EA080040F08280237D2868022BE0667FF47CAF8B
:10EA18007EE76868837B012BB2D02868E06677E7D9
:10EA28002846FCF7E9FBE56E9AE731465A4640F27C
:10EA3800B4500AF1180AFDF71FFB40F0017000BA44
:10EA48004AF8040CAB7A686803F00101A8E7A84605
:10EA58002567054684E7B0F808E0628E9645BFF45E
:10EA680045AFB4F86420002A3FF440AFB4F86620FC
:10EA78000F2A3FF63BAF11F0A00F7FF437AF0346E4
:10EA88006046002B7FF406AF39E004F1700002E025
:10EA980018461B682BB1DA68526812BA521A002A53
:10EAA800F6DB2B600560E56E5AE7204605B0BDE849
:10EAB800F04FFFF773BE236F002B7FF4E7AE94F897
:10EAC8009930002B7FF4E2AE4FF4807284F89A30CC
:10EAD800A4F89820DAE69846EEE600BF642B0020FA
:10EAE800D061002038B6002040B60020002005B0D4
:10EAF800BDE8F08FFBF77EF88246ADE6618B002318
:10EB08000846A4F86830C5E6638B43F08003638346
:10EB1800C4E66FF00300C1E60E4B40F23A520E49CC
:10EB28000E4818F09FFA002017F01CFF012007F08C
:10EB3800A1FF0BF03DFA074B4FF4C4620849EFE719
:10EB4800044B40F2E5420749EAE7024B40F2E7424C
:10EB58000549E5E7D0610020DC600020CC440020B6
:10EB6800F46000209C600020B460002008B550B11B
:10EB780090F84230FF2B02D0013380F84230BDE8D4
:10EB88000840FFF743BEFEF77BFF00BF10B5044601
:10EB980078B1FFF7EFFC00B110BD94F84230FF2BBD
:10EBA80002D0013384F842302046BDE81040FFF718
:10EBB8002DBE074B40F2B1620649074818F052FAD9
:10EBC800204617F0CFFE012007F054FF0BF0F0F9B4
:10EBD800D061002090640020CC44002070B5044629
:10EBE800A0B1026D0021013A12BAFEF75FFF054697
:10EBF80048B1FEF7ABFF231D224629462046BDE853
:10EC08007040FEF7BDBF4FF0FF3070BD074B40F6B8
:10EC18006A020749074818F025FA204617F0A2FEAD
:10EC2800012007F027FF0BF0C3F900BFD0610020D7
:10EC3800F85F0020CC44002070B50446002848D076
:10EC4800C66E002E43D090F89A30FF2B02D00133C5
:10EC580080F89A30F26893895BBADB0722D531894C
:10EC680001BB52682046FEF721FF054608B36A68D3
:10EC7800938923F47C5343F488539381F36828469B
:10EC8800226D5B681BBA0133D21A002AB8BF23650C
:10EC9800FEF75CFF231D224629462046BDE870404A
:10ECA800FEF76EBF526801212046FEF7FFFE0546BB
:10ECB80010B94FF0FF3070BD7068328903896968F8
:10ECC8009B1A012214319BB2FBF7FAFDD6E73046B6
:10ECD80070BD074B40F695020649074818F0C2F97F
:10ECE800204617F03FFE012007F0C4FE0BF060F944
:10ECF800D0610020FC690020CC440020F8B505460E
:10ED080008200F461646FAF7EDFE044690B1002398
:10ED18000F498760C660C0E900350B681BB907E07A
:10ED280019461B681BB15A68AA1A002AF8DA236028
:10ED38000C60F8BD074BBE220749084818F092F945
:10ED4800204617F00FFE012007F094FE0BF030F973
:10ED580084B30020045A0020485A0020CC440020E4
:10ED680038B5436804469847FAF7D6F8094B25683A
:10ED78001B6809492B441A1A002A224604DA284437
:10ED8800BDE83840FFF7BABF1846BDE83840FFF77E
:10ED9800B5BF00BF70AC002081C3000008B5FDF707
:10EDA8004FF90C4B1B6873B10B4A40F227110B4803
:10EDB80007F06CFEFAF7B0F800220949FA30BDE80E
:10EDC8000840FFF79BBF074B1B68002BECD1064A96
:10EDD800136008BD30B60020642D0020045A0020BE
:10EDE800BDC3000044B6002050B60020104AA82138
:10EDF800104810B507F04AFE0F4B1A68BAB90F4A07
:10EE0800126882B101240E4A40F2271109481C6099
:10EE180007F03CFEFAF780F800220A49FA30BDE80C
:10EE28001040FFF76BBF084A1268002AEAD110BDEC
:10EE3800A82D0020045A002050B6002030B600202B
:10EE4800642D0020BDC3000044B600202DE9F8431E
:10EE5800174C4FF47A75174F174E04F13009DFF845
:10EE6800648001E054F8085F3A4640F227113046C2
:10EE780007F00CFEB5F1804F0AD2FAF74DF822469A
:10EE880041462844FFF73AFF4C45EBD1BDE8F883EB
:10EE9800094B40F229120949094818F0E3F8002003
:10EEA80017F060FD012007F0E5FD0BF081F800BFC9
:10EEB800A04C0020642D0020045A0020885A00200D
:10EEC800CC44002081C3000070B504460D461646A8
:10EED80040F227110F4A104807F0D8FDB4F1804FCF
:10EEE80008D2FAF719F8324629462044BDE870409E
:10EEF800FFF704BF084B40F229120849084818F0E8
:10EF0800B1F8002017F02EFD012007F0B3FD0BF03B
:10EF18004FF800BF642D0020045A0020885A0020B2
:10EF2800CC44002038B5114A04460D46104840F23A
:10EF3800411107F0ABFD0F490B68A3B1002003E0B6
:10EF48001A681846134672B19A68A242F8D1DA686C
:10EF5800AA42F5D11A6838B1026019460820BDE8FE
:10EF68003840FAF7D3BD38BD0A60F6E71C2D0020FB
:10EF7800045A002084B300202DE9F843194A4FF4BD
:10EF8800B271194807F082FD184EF9F7C5FF184C01
:10EF9800184F054617E0236808201946EBB15A6850
:10EFA800A5EB020CBCF1000F17DBD3F80880D3F8EF
:10EFB80000C0D3F80C903A60C4F800C0FAF7A6FD78
:10EFC800B8F1000F0BD13378002BE4D0FBF7F8F839
:10EFD800236808201946002BE1D1BDE8F88348468C
:10EFE800C047F0E7242C0020045A0020EAB600208D
:10EFF80084B3002070AC002008B507F07BFD024BFD
:10F00800024A0343138008BD00C0FFFF9C7D002017
:10F018002DE9F04F054687B088466A4ACD216A48EF
:10F0280007F034FD002D00F0C380B8F1000F00F0A8
:10F03800C3806B89072B40F28880DFF8A8916C6841
:10F04800D9F80010D9F8140004F0D6FB6388268894
:10F0580007465E4A5BBA76BA14689BB2B6B20594A4
:10F06800002C00F0A2804FF0000CD9F804A0039502
:10F07800D9E9042E0492624604E0E1682246002998
:10F088004FD00C46618A9942F7D1207A28B19AF874
:10F0980040100131C9B28842EFD12068002F38D022
:10F0A80048B1BEF1FF3F06D080EA0E0BD8F8041035
:10F0B8001BEA010FE1D1217C490709D4BCF1000FFB
:10F0C80049D017B1BEF1FF3F4AD0002818BFA44667
:10F0D800A18AB142D1D1616811B104988142CCD1E1
:10F0E800039D2AB1394B1C60E368D360059BE3603C
:10F0F80008212846FBF7F8F8002847D1276A27B3E4
:10F10800606A2A462146324B0096B84707B0BDE8E8
:10F11800F08F0028CFD07045CDD0E1682246002975
:10F12800AFD1039DBCF1000F4AD1D8F80030734528
:10F138000BD108212846FBF7D7F838BB2FB9D9F8E7
:10F14800143003F0F003E02B14D1284607B0BDE8D3
:10F15800F04FFBF733B9A18AA446B1428DD1BAE783
:10F16800D8F80010DCF800508D42B1D0814208BFB9
:10F17800A446ADE7B9F80C102846083109B2FBF7E8
:10F18800E1F80321284603F0CDFEDEE70E4B4FF4ED
:10F19800B8721049104817F065FF002017F0E2FB1D
:10F1A800012007F067FC0AF003FFD9F814E0BCE778
:10F1B800054BCF220949EDE7034BD0220849E9E77F
:10F1C800644695E7982E0020206A002058B6002053
:10F1D80010B30020946A0020CC440020606A00200C
:10F1E800786A002000B300202DE9F0410E4615464C
:10F1F80004464FF46B713A4A3A4807F047FC002E30
:10F2080041D0002C68D0DFF8E4C0DCF80070002F93
:10F218002ED0BC4239D0384601E0844235D0C0688F
:10F228000028FAD1002D33D036683B4601E0DB6870
:10F23800C3B19C42FBD0617A490702D55A7A52077A
:10F24800F5D45A8AAA42F2D11A68B24218BF002AE3
:10F2580001D0002EEBD16FF00700BDE8F0813668D1
:10F26800AEF800502660658238B10020BDE8F08114
:10F27800002D2FD03368658223600020E760CCF82A
:10F288000040BDE8F081184EBBE70120002DCBD12E
:10F29800DFF85CE04FF480414FF6FF78BEF800508D
:10F2A800454514D00135ADB2002FD8D03B4602E019
:10F2B800DB68002BD3D05A8AAA42F9D1013989B226
:10F2C8000029EDD16FF00700AEF80050CEE74FF4FB
:10F2D8004045E9E73846DBE76FF00F00C6E700BFB7
:10F2E8003C2E0020206A0020BC4B002058B600208D
:10F2F8009C7D00202DE9F04F85B00D46174640F261
:10F30800CF21DDF838900446DDF83CA098464B4AFA
:10F318004B4807F0BBFBB9F1000F18BFBAF1000F5B
:10F328000CBF01210021002F08BF41F00101002D71
:10F3380008BF41F0010100296BD1002C69D0628A15
:10F34800002A43D02A894FF6F7739A4264D80821D5
:10F358002846FAF791FF00284CD12E467389072BCF
:10F368005DD9628A98FA98F8736852BAA3F802804D
:10F378001A8000229A71DA71227C12071DD4328910
:10F3880052BA9A803B6803F0F003E02B30D0E37A5E
:10F398001120CDF80890A27A51460190304600928B
:10F3A8003A4604F001FAAE42834602D03046FBF7F3
:10F3B80005F8584605B0BDE8F08F3A6802F0F0024B
:10F3C800E02A0ED0328952BA9A80E0E721462046D8
:10F3D800FFF70AFF83460028B4D0584605B0BDE8B9
:10F3E800F08F727B42F004027273328952BA9A80AB
:10F3F800637FCDE74FF4207208212420FBF748F8FB
:10F40800064648B12B89002BA8D02946FBF798F966
:10F41800A4E76FF00F0BCCE74FF0FF3BC9E7084BB1
:10F4280040F20D320749084817F01CFE002017F07B
:10F4380099FA012007F01EFB0AF0BAFD642E00209D
:10F44800206A0020B06A0020CC44002070B582B049
:10F45800069C002C18BF002A0CBF4FF0010C4FF07F
:10F46800000C002908BF4CF0010CBCF1000F13D1AF
:10F4780090B1056835B92546CDE90045FFF73AFF53
:10F4880002B070BD05F0F00CBCF1E00FF3D02668B7
:10F49800B54204D10546EFE76FF00F00F0E76FF0D3
:10F4A8000300EDE7002918BF002A3BD02DE9F04101
:10F4B800044682B080B3007A984615460F4608BBCA
:10F4C800136803F0F003E02B0DD1207FF0B9A36996
:10F4D8004BB1164A1268934205D004F1180003F0A4
:10F4E80087FF064626B9284603F082FF0646B6B1CE
:10F4F80043462A46394620460096FFF7A7FF02B042
:10F50800BDE8F081FAF776FB0646F0E7FAF772FBFA
:10F518000646002EECD1E6E76FF00F00EFE76FF03C
:10F528000300ECE76FF00F00704700BFC04B0020EE
:10F5380070B504460D46164640F23741154A16483E
:10F5480007F0A4FA14B30DB3628AC2B12A68237C07
:10F55800124943F0040362600A68A682237442B128
:10F5680094420AD0134601E09C4206D0DB68002B87
:10F57800FAD10020E2600C6070BD002070BD214609
:10F588002046FFF731FE0028E0D070BD6FF00F0075
:10F5980070BD00BFD82D0020206A002058B600207A
:10F5A80070B5134604460E46054A40F28C4105489C
:10F5B8001D4607F06BFA0CB1C4E9086570BD00BFC1
:10F5C800702D0020206A002010B50446114A40F230
:10F5D800A341114807F05AFAD4B1104B1A68A24255
:10F5E80006D03AB1D3682BB1A34209D01A46F8E73E
:10F5F800E2681A6021460120BDE81040FAF786BA91
:10F60800E36821460120D360BDE81040FAF77EBACE
:10F6180010BD00BF2C2D0020206A002058B6002005
:10F6280010B50A4A40F2CB41094807F02FFA0120E9
:10F63800FAF758FA044630B12822002117F0DCFF07
:10F64800FF23E3726377204610BD00BF382C0020EB
:10F65800206A002010B50D4A40F2F2410C4807F02C
:10F6680015FA0C4A40F2CB41094807F00FFA01207D
:10F67800FAF738FA044630B12822002117F0BCFF07
:10F68800FF23E3726377204610BD00BF702B002074
:10F69800206A0020382C002010B1026801B102B99C
:10F6A80070470B68002BFBD0084B1B68002BF7D06A
:10F6B80010B400E002681C68944201D10A681A601C
:10F6C800DB68002BF6D15DF8044B704758B6002074
:10F6D80000F11003DBB2102B04D8034B404253F85F
:10F6E8002000704705207047F8450020194A00237C
:10F6F8004FF0100C10B4127800EB8202D269CB6084
:10F708008B608B6181F80EC0C1E90033C1E9043315
:10F71800136C0BB181F80FC0546C1CB14FF0100C76
:10F7280081F810C0946C1CB14FF0100C81F811C016
:10F73800006808B1012088740BB140230B75536C25
:10F748000BB140234B75936C0BB140238B755DF85F
:10F75800044B7047E9B60020024B1B7800EB83008E
:10F76800C0697047E9B60020014B1868704700BFB0
:10F7780044B300202DE9F0410446204A40F68311A5
:10F788001F4807F083F954B3DFF8888098F80030F1
:10F7980004EB8303DE69FEB106F13C0506F1480778
:10F7A80021461848FFF7BEFB55F8040F08B1FAF7D1
:10F7B80017F9BD42F8D11449204603F0A3FD30469D
:10F7C800FAF70EF998F8003000220633104604EBD9
:10F7D80083046260BDE8F0816FF00500FAE7084B2A
:10F7E80040F6841209490A4817F03CFC204617F0F5
:10F7F800B9F8012007F03EF90AF0DAFB142E0020D0
:10F80800104D0020D9CE0000646B00205C4D002014
:10F81800CC440020E9B6002010B5044688B0224A3E
:10F8280040F6A421214807F031F95CB1204B1B7840
:10F8380004EB8303DB692BB193F84D20032A01D92C
:10F8480022680AB908B010BD0022032101200592E0
:10F858008DF81610196C039201928DF80E00029221
:10F868000492CDE9062211B1F0228DF818205A6CC5
:10F8780012B1F0228DF819209B6C13B1F0238DF88A
:10F888001A3041F2E9410B4A842301A8ADF80C1063
:10F89800214602928DF8063000F014FF204608B089
:10F8A800BDE8104000F056BF402C0020104D00204D
:10F8B800E9B60020E00000FB354B30B51B7889B075
:10F8C800044600EB8303DD6995F84D30022B20D9FF
:10F8D800033B012B1BD895F84C204AB9042385F823
:10F8E800CC2085F84D302B4B1B680BB10121984774
:10F8F8002046FFF791FF95F84C300133DBB2012B1E
:10F9080085F84C3039D94FF4A063A5F84C3009B0CC
:10F9180030BD0368ABB995F84C30022B0CD81BB13D
:10F9280095F8CC30012B2DD022461B49FA2009B07E
:10F93800BDE83040FFF7C8BA4FF44073A5F84C3023
:10F94800F2E701A9FFF7D2FE41F2E9430022084697
:10F95800ADF80C302146114BADF80420029300F0AD
:10F96800B1FE95F84C300028D7D101330222DBB222
:10F9780085F84D2085F84C30CFE7224606494FF4EC
:10F988007A70D4E72246044941F28830CFE700BFB5
:10F99800E9B6002040B30020D9CE0000E00000FB0B
:10F9A8002DE9F84F994680468A461646B9F1060F62
:10F9B8004046514639D0FBF757F804460AF101058D
:10F9C800404604F0C001A7B2ADB204F1010BC02952
:10F9D8003A462B463AD03F2C27D8B6F800C104EB5C
:10F9E8000C010CF1010E0BEB0C0A1FFA8EFEFF291D
:10F9F80006EB0E0119DCECB1BAF1FF0F15DC06F8C5
:10FA08000C4005EB070AA6F800E1FAF759FF874210
:10FA18001FFA8AFA3CD1B6F80031B9F1060F5146FF
:10FA280040463B44A6F80031C5D14FF6FF7528463D
:10FA3800BDE8F88FBCF1FF0FF7D80CF1010306F809
:10FA48000C402846A6F80031BDE8F88FB8F8083011
:10FA5800AB42EAD92946FBF707F8230203F47C53A3
:10FA6800184303B281B20B2BDFDDB8F808308B42A4
:10FA7800DBD909F1010332464046FFF791FF4FF603
:10FA8800FF739842D1D00AF1020A1FFA8AF5CEE72D
:10FA9800B6F800314FF6FF75013BA6F80031C6E70E
:10FAA8002DE9F04FC7B00D88934604464FF4827293
:10FAB800029105A80021CDF800B017F09DFD0023A4
:10FAC8002946204605AAFFF76BFF4FF6FF739842B9
:10FAD8003ED0029B009E1B88B6F80081C01A039393
:10FAE800C3B20193B8F1000F2ED05FFA88F9BDF8C0
:10FAF80014B10027ABEB090A3C465FFA8AFA07E023
:10FB08003278013214441644E7B247453C461BD2CA
:10FB1800A9EB0402D2B2022AF2D90AEB04055A452B
:10FB2800EDB2EDD8009BA91C1819019B994205ABB1
:10FB380003EB050108DA17F0B3FC0028E0D1039BBA
:10FB4800B846029A2B441380404647B0BDE8F08F70
:10FB5800009BB3F80081404647B0BDE8F08F00BF76
:10FB68003F2A23D838B514460546AAB1B0F8000193
:10FB7800531C50FA83F3FF2B1BDC2A54013080B24C
:10FB8800A5F80001284409F025F9B5F8003100204E
:10FB98002344A5F8003138BDB0F80031FF2B08D850
:10FBA8005A1CEC542046A5F8002138BD6FF005001A
:10FBB80070476FF0050038BD38B5B1F800510446FC
:10FBC80085B1B0F800016B1C0344FF2B14DC2A46F6
:10FBD800204409F0FFF8B4F8003100201D44A4F8CF
:10FBE800005138BDB0F80031FF2B05D85A1CC55458
:10FBF8002846A4F8002138BD6FF0050038BD00BFC5
:10FC080000285BD0F0B50E46B1FA81F183B04909FE
:10FC1800002E50D0351D2B4F4FF48272044617F03A
:10FC2800EBFC042115F8013D3A460DEB010017F0F5
:10FC380069FA01A818F034FB024601A92046D2B29D
:10FC4800FFF78EFF034680BBB542EAD1B4F8001136
:10FC5800F7292DD807204A1C605492B21A49A4F8F3
:10FC68000021A5180868A0508A88AA808A79AA71F4
:10FC7800B4F80011CA1D92B2FA2AA4F8002117D8C4
:10FC880004200831A05489B2104AA4F80011106861
:10FC98006050B4F800110A1D92B2FF2AA4F800219E
:10FCA80006D80531A354A4F80011184603B0F0BDD6
:10FCB8006FF00503F9E76FF00F03F6E76FF00F0336
:10FCC80018467047FC4C0020004D0020084D0020CD
:10FCD80038B50D464FF482720021044617F08CFCAB
:10FCE80055B3284618F0DCFA024629462046D2B217
:10FCF800FFF736FF034608B1184638BDB4F80011BF
:10FD0800F92919D805204A1C605492B20C49A4F864
:10FD18000021A5180868A0500A792A71B4F80011C2
:10FD28004A1D92B2FF2AA4F8002105D80631A3542F
:10FD38001846A4F8001138BD6FF00503DCE700BFD2
:10FD4800F44C002038B504464FF482720021234D4C
:10FD580017F052FC22460921214B02F8011B03CB64
:10FD6800C4F8010093F800C007232868516082F89E
:10FD780008C00422A979C4F80B00A3721223A8882A
:10FD88006174A4F80F002046A4F800311549FFF764
:10FD9800E7FE034608B1184638BDB4F80011F92942
:10FDA80018D805204A1C605492B20F49A4F80021C3
:10FDB800A5180868A0500A792A71B4F800114A1DDC
:10FDC80092B2FF2AA4F8002104D80631A354A4F85B
:10FDD8000011E0E76FF00503DDE700BFE44C002009
:10FDE800D84C0020EC4C0020F44C002070B5144690
:10FDF80082B00E464FF482720021054617F0FCFBD4
:10FE080064B106F582710846019118F049FA019922
:10FE1800C2B22846FFF7A4FE034660B906F5A271F0
:10FE28000846019118F03CFA0199C2B22846FFF73A
:10FE380097FE034610B1184602B070BDB6F88C2183
:10FE4800174B53F822100846019118F029FA024678
:10FE580001992846D2B2FFF783FE03460028EAD16B
:10FE6800B5F80011F92918D805204A1C685492B22F
:10FE78000C49A5F80021AC180868A8500A79227125
:10FE8800B5F800114A1D92B2FF2AA5F8002104D83E
:10FE98000631AB54A5F80011CDE76FF00503CAE7AA
:10FEA800F4440020F44C002070B5154682B00C468E
:10FEB8004FF482720021064617F09EFB55B120468A
:10FEC80018F0EEF9024621463046D2B2FFF748FE56
:10FED800034630B904F140013046FFF76DFE034692
:10FEE80010B1184602B070BDB4F84C21174B53F846
:10FEF80022100846019118F0D3F9024601993046BC
:10FF0800D2B2FFF72DFE03460028EAD1B6F8001159
:10FF1800F92918D805204A1C705492B20C49A6F841
:10FF28000021B4180868B0500A792271B6F8001197
:10FF38004A1D92B2FF2AA6F8002104D80631B3540C
:10FF4800A6F80011CDE76FF00503CAE7F4440020D6
:10FF5800F44C00202DE9F04391F8023183B00E46AD
:10FF68000546B1F800712BB1002F3AD1002003B03B
:10FF7800BDE8F08300F10C04984600F1200908E080
:10FF8800FFF78EFDB84202D2BDF8068007464C4501
:10FF98000ED034F8023FADF80630002BF7D02868B1
:10FFA80032460DF106010028EAD1B6F80001E9E76A
:10FFB800CFB9B8F1000FD9D019490222AB8848EA65
:10FFC8000101286849BAADF806100DF10601FAF7E3
:10FFD80001FD0028CBD1AB880233AB8003B0BDE86C
:10FFE800F0834FF00008AB8831463A462868FAF7A4
:08FFF800F1FC0028BBD105F16A
:02000004600199
:100000000C0333F8022F4AB101300A28F9D1AB882A
:100010001F44AF80B8F1000FD2D1ABE7AB8805EB3E
:100020004000C381F4E700BF00C0FFFF08B5FFF741
:1000300097FB002380F8513008BD00BF08B5FFF7DB
:100040008FFB002380F8703008BD00BFF0B5044678
:10005000006883B00F4616461D46002834D0A3889A
:100060000289B7F80001043013FA80F0904237DCBF
:1000700039462046FFF772FF08B103B0F0BD76BAEB
:10008000A38802220DF106012068ADF80660FAF798
:10009000A5FC0028F1D1A3880222002D0DF1060154
:1000A00013440CBF4FF480704FF4C0709BB2ADF896
:1000B0000600A3802068FAF791FC0028DDD1A38810
:1000C0000233A38003B0F0BD4FF4207240F2AA5176
:1000D0003820FAF7E1F9206010B10C23A380BFE7C4
:1000E0004FF0FF30C9E700BF2DE9F043044685B06B
:1000F00000680D461646DDF834800F9F002853D067
:10010000A288B5F800C10CF10A0C1FFA8CFCB8F1FA
:10011000000F03D00E998C441FFA8CFC27B1B7F85E
:1001200000118C441FFA8CFC94440289944549DCEC
:10013000324629462046FFF789FF0C9B03A9206819
:100140001ABAA38803920422FAF748FC48BBA6888F
:1001500006F106091FFA89F9A4F80490B8F1000F16
:100160000BD00E9B414620689DB24B462A46FAF7BB
:1001700035FCB0B9A3881D44A58027B13946204677
:10018000FFF7ECFE68B9A188331D02222068A1EBBD
:1001900009019BB249BAADF80A100DF10A01FAF74C
:1001A0001DFC05B0BDE8F0834FF4207240F2AA5167
:1001B00038200193FAF770F9019B206010B10C22EE
:1001C000A2809EE74FF0FF30EBE700BF10B5C2B052
:1001D000044601A8FFF780FD0123FF2201A9204664
:1001E000FFF734FF42B010BD10B5C2B00446012283
:1001F00001A8FFF7FFFD0123FF2201A92046FFF719
:1002000025FF42B010BD00BF30B5ADF5077D0D46EE
:100210000446114604A80022FFF7ECFD45A8FFF7AD
:1002200095FD2B7BDBB1E38873B10A2200232046C6
:1002300004AC45A9CDE90023CDE902340C22FFF737
:1002400053FF0DF5077D30BD0C2245A92046FFF771
:10025000FDFE0028F5D101230A22E380E6E741F202
:100260009412E3E7F0B5C7B00D46044610461646B3
:10027000FFF776FA014605A8FFF72EFD2B7BDBB1D1
:10028000E38873B10A27204601960424AB7A00253F
:10029000012205A90097CDE90245FFF725FF47B0E8
:1002A000F0BD012205A92046FFF7D0FE0028F6D1B7
:1002B00001230A27E380E6E77827E4E7F0B5ADF508
:1002C000097D17460D4601221946044606A81E461A
:1002D000FFF790FD394647A8FFF7FEFC2B7B33B3B1
:1002E0000127E3888DF81E72BBB10A2347AA009349
:1002F00006A903922122B6F88E01AB7A45BA2046B0
:1003000004ACADF81450062501940295002504951F
:10031000FFF7EAFE0DF5097DF0BD212206A9204672
:10032000FFF794FE0028F5D10A23E780DEE7782363
:10033000DCE700BF70B51446ADF5067D0E46002221
:100340002146054604A8FFF755FD2146012245A890
:10035000FFF750FD337BDBB1EB8873B10A2200233A
:1003600045AC04A92846CDE90023CDE902340C228E
:10037000FFF7BAFE0DF5067D70BD0C2204A92846D4
:10038000FFF764FE0028F5D101230A22EB80E6E79F
:100390007822E4E770B5ADF5067D144605461046B3
:1003A0000E46FFF7DDF9014604A8FFF795FC21464C
:1003B00045A8FFF729FC337BE3B1EB887BB10A2228
:1003C00004ACB37A45A900920394002428460C2279
:1003D000CDE90144FFF788FE0DF5067D70BD0C22C6
:1003E00045A92846FFF732FE0028F5D101230A224D
:1003F000EB80E5E77822E3E730B50C46C3B089B17E
:1004000005460A7801A8FFF753FD002394F84E2112
:1004100001A92846FFF71AFE10B9EB880133EB80DB
:1004200043B030BD084643B030BD00BF70B5144680
:10043000C6B0012205460E4605A82146FFF7DAFCA4
:100440004FF482720021204617F0DAF8D4F8843194
:100450001BB1D4F8881120469847337BE3B1EB8871
:100460007BB10A2300931022B37A05A90194284690
:10047000B4F80041029400240394FFF735FE46B01F
:1004800070BD102205A92846FFF7E0FD0028F6D12F
:100490000123EB800A23E5E77823E3E72DE9F04F1A
:1004A000154687B00C460746FFF75AF90190A16937
:1004B0002846FFF7A1FF064618B1304607B0BDE851
:1004C000F08F3846FFF74CF9A37B8046DB0600F13E
:1004D000C38008F13C0A04F10F0908F148085AF8F2
:1004E000041F19B199F80030D8065DD4C24509F14E
:1004F0000109F4D1A37C13F0010240F0C4800392FF
:100500009A0762D4019B04F11409DDF80C8003F111
:100510003C0ACB464833CDE904672646544602934D
:1005200054F8047F4FB19BF80020D30659D49006AD
:1005300065D4510671D412067ED4029B0BF1010BD7
:100540009C42EDD13446059F049E94F90230CDF8CB
:100550000C80002B31DB6B89A346039ADDF8088001
:100560001A446A815AF8044FB4B199F800209306EE
:1005700004D5500640F19180110677D512F0600F36
:100580009BF8123002D113F0050F05D0DB0703D41E
:100590003B68002B40F08F80C24509F10109E1D191
:1005A000304607B0BDE8F08F2846FFF71DFE002853
:1005B0004DD1EB880133EB8098E72B894246A34667
:1005C000DDF808801A442A81CCE73A4621462846BD
:1005D000FFF7E0FE00283AD1039B01339BB203935F
:1005E00090E73A4631462846FFF70EFE78BB9BF867
:1005F000002008F1010890061FFA88F899D53A46BC
:1006000031462846FFF796FE08BB9BF8002008F10C
:10061000010851061FFA88F88DD53B46019A3146EC
:100620002846FFF74BFE90B99BF8002008F101081F
:1006300012061FFA88F880D53A4631462846FFF759
:10064000F5FE20B908F101081FFA88F875E706469B
:10065000304607B0BDE8F08F01462846FFF7B6FDEB
:100660000028F4D1EB880133EB8032E7224659466B
:100670002846FFF7DBFE0028E9D1AB890133AB81C7
:1006800099F800207AE73A4621462846FFF7EAFD26
:100690000028DCD1A37C012231E72346019A594688
:1006A0002846FFF70BFE0028D1D1AB890133AB817F
:1006B00099F8002060E73A4659462846FFF7D2FDF0
:1006C0000028C4D1AB890133AB8165E770B58EB02A
:1006D00005460E462422002105A816F091FF05AA22
:1006E00029463046FFF7DAFE044680BB059890B3F2
:1006F000BDF81A3002A9AA785BBA8DF80B408DF8C4
:100700000A20BDF81C20ADF80C30BDF81E3052BADE
:100710005BBAADF80E20BDF82020ADF810302B8864
:1007200052BA5BBAADF812200C22ADF80830FAF7D5
:1007300001F9BDF818100598F9F73CFFFFF718F814
:100740002B892A1D05990096FEF784FE044605981C
:1007500008B1F9F737FE20460EB070BD38B5054632
:10076000FEF7FEFF90F85130044663B32946274850
:10077000FEF7DCFB2A4625494FF47A70FEF7A8FB0A
:10078000012294F8523084F851204BB32946204876
:10079000FEF7CCFB2A461E49FA20FEF799FB012200
:1007A00094F8703084F8522033B329461948FEF784
:1007B000BDFB2A46174947F23050FEF789FB01235B
:1007C00084F8703038BD2A4610494FF47A70FEF72D
:1007D0007FFB012294F8523084F85120002BD5D1B0
:1007E0002A460B49FA20FEF773FB012294F8703079
:1007F00084F85220002BD8D12A46064947F23050BF
:10080000FEF766FB012384F8703038BD45D6000042
:1008100031DE000055D6000038B50546FEF7A0FFD2
:10082000002290F8503080F8522003B938BD0446B9
:1008300029465430FFF74AFF03460028F6D12846E0
:10084000A4F8543084F85630A4F85E30A4F8683028
:1008500084F86A3084F85030C4E91833BDE8384071
:10086000FFF77CBF70B515460C460646114A7C2141
:10087000114806F00FF97DB1B26C256142B1944286
:1008800008D0134601E09C4204D01B68002BFAD12B
:100890002260B464002070BD074B7D2207490848E0
:1008A00016F0E4FB284616F061F8012006F0E6F8A1
:1008B00009F082FB542C0020483200208C320020AA
:1008C000CC44002038B5002501234A600C460B813A
:1008D0000D7306F013F9064B02462846A3FB0213DC
:1008E000DB0803EB8303A2EB4302628138BD00BF48
:1008F000CDCCCCCC836C23B100221A721B68002BA8
:10090000FBD17047394B2DE9F041D3F80080B8F1A5
:10091000000F34D0D8F84840002C30D00025344F98
:10092000344E0DE0013B227A9BB2042A638128D821
:10093000022A33D8013A012A00D883B12468F4B1DD
:10094000237B0BB1013B23736389002BEAD1237A0C
:10095000042B1BD8022B24D8013B012BEED80223F9
:10096000211D4046237202F0BBF9637A0133DBB2EA
:10097000022B63722DD9A6602468002CE0D1BDE85B
:10098000F081072ADAD1002BD8D101E0072BD5D18D
:1009900023690121404625729847CFE76389002BE0
:1009A000CCD1637A13B9637304232372211D4046AB
:1009B00002F0AEF9637A142201336281DBB2012BBB
:1009C0006372BBD9052300214046A3602369984781
:1009D000B4E706F093F8A7FB0023DB0803EB8303DF
:1009E000A0EB43000A306081A8E700BF7CB3002081
:1009F000CDCCCCCC030014002DE9F047804682B06A
:100A0000D0F83600B8F83A30D8F84840D1F80E603F
:100A1000D1F818900090ADF80430002C43D001F1CB
:100A200008074FF0640A03E0EDB92468002C3AD0BF
:100A3000257A032DF8D92B1F022BF6D86368B34211
:100A4000F3D106223946684616F02EFD0028ECD078
:100A5000062D32D0237BA3B9211D404602F058F960
:100A600084F80CA0E1E76368B3420AD0002EDCD121
:100A70004B45DAD106223946684616F015FD0028A6
:100A8000D3D0637B022140460133637323699847C7
:100A9000637B092B0AD9072323724FF416736381F2
:100AA0002468002CC4D102B0BDE8F08700230121E6
:100AB0004046237223699847B7E700230221404646
:100AC000237223699847B0E771B30B68F0B50D4600
:100AD00083B03BB3B2FA82F676091AB3116809B350
:100AE000846CFCB14FF6A96702E02468D4B12B688E
:100AF00061689942F9D19BB2BB42F6D11388BB42DF
:100B0000F3D0237A052B10D8032B11D8013B022BED
:100B1000EBD8236902212672019200909847DDE903
:100B20000002E2E703B0F0BD7047072BDDD1F0E72C
:100B300006232372D9E700BF38B505460C46144A90
:100B40006421144805F0A6FF5DB1E4B12B6AB3B986
:100B500023606360A360E36023616361A3612C622F
:100B600038BD0C4B65220C490C4816F07FFA00206A
:100B700015F0FCFE012005F081FF09F01DFA054B80
:100B800067220749F0E7034B66220649ECE700BFFE
:100B90007C2D0020AC320020F4320020CC44002018
:100BA000143300200433002030B5044683B0254AB6
:100BB000F9212548256A05F06DFF94F83D30DB07E3
:100BC0003AD55DB32B7913B1002003B030BD05F1E8
:100BD00008011E4A20460191FFF744FE2A884FF67D
:100BE000A96301999A4208D101232A6820462B71F2
:100BF000FFF768FE002003B030BD628F144B134432
:100C0000226A52791A44134B92B21343124A934206
:100C10000CD803F57E431BBA2B60E5E71C210120AD
:100C2000F8F708FF054650B12062CBE70B4A934224
:100C300088BFA3F57E43EEE76FF00F00C5E74FF0E6
:100C4000FF30C2E75C2C0020AC32002079E20000CB
:100C50000001FEA90000FEA9FF00FEA9FFFEFEA9FB
:100C6000012970B5056A82B004D0022917D049B1B4
:100C700002B070BD6B7901336B7102B0BDE870409A
:100C8000FFF792BF4FF6FF720224019101AB009271
:100C900029466A462C71F9F76DF802B070BD6B7980
:100CA000002604460B4A013340F259110A486B7181
:100CB0002E6005F0EFFE4FF6A9632E7122889A424E
:100CC000D6D1064B20461A46194602B0BDE8704000
:100CD000F9F750B8802B0020AC320020BC4B00202C
:100CE000704700BF70B5056A0DB12B7903B970BDAF
:100CF00004460A4A40F25911094805F0CBFE002289
:100D00004FF6A9632A7122889A42F0D1054B2046FA
:100D10001A461946BDE87040F9F72CB8802B002020
:100D2000AC320020BC4B0020006A20B10A68036886
:100D30009A4201D0002070470079A0F10200B0FA79
:100D400080F04009704700BF2DE9F843002974D0B6
:100D5000B0FA80F504466D0900286ED00E46914623
:100D60004FF49A714FF4207238209846F9F794FBAB
:100D70000746002861D04389B3F59A7F74D3B9F14F
:100D8000030F42D0B379002B69D03F4B18687D68C0
:100D90004FF49A7230600021284616F031FC01238E
:100DA0002B706B7094F83C30AB704FF488733268E2
:100DB00023FA09F312BADB076A6042D52368EB60B5
:100DC00004F1350105F11B0C3B3411F801EFA14290
:100DD0000CF801EFF9D163236FF07D0285F8F290F2
:100DE000384685F8EC3085F8EF30352385F8ED206E
:100DF000532285F8F030012385F8EE2085F8F13094
:100E00000323A8F80030BDE8F8837379032B1FD0C3
:100E100029467D684FF49A72284616F0F1FB0123AB
:100E20002B706B7094F83C30AB7033681BBA6B60FE
:100E30007379043B012BC3D8C0E700273846BDE8CF
:100E4000F883B9F1070FB9D0B9F1030FB8D1EFE7C3
:100E5000B37923B10C4B29461B683360D9E705F001
:100E60004DFE094B186092E7084B40F27B7208492F
:100E7000084816F0FBF8284615F078FD012005F02B
:100E8000FDFD09F099F800BF94B60020903E0020C7
:100E9000D43E0020CC44002070B5194D2C78CCB93C
:100EA000184E3368D3B9FEF7BFFB306028B3427ADF
:100EB000154942F0200242724422FEF799F9124984
:100EC00043223068FEF738FB224610493068FEF7AF
:100ED0006BFB2C78013400202C7070BD0C4B4FF450
:100EE0008A720C490C4816F0C1F8204615F03EFDF8
:100EF000012005F0C3FD09F05FF84FF0FF3070BD31
:100F0000E0B6002074AC0020BC4B00201DEC0000BB
:100F1000903E00203C3F0020CC44002000287FD0A1
:100F2000C16900297CD08B6A002210B55C1C82B09C
:100F30004A820DD01E33B3F5701F67D2A2F177320B
:100F4000A2FB03235B09012B38BF01239BB28B82D9
:100F5000CB6A5A1C3AD01E33B3F5701F4ED2314AB9
:100F6000A2FB03235B09012B38BF01239BB20A6B51
:100F70004B81541CCB812DD01E32B2F5701F40D254
:100F8000284CA4FB02425209012A38BF012292B226
:100F900002F1FF3C1FFA8CFC63458A810A8221D84A
:100FA000CB79DB0723D50B6A4A7900930A2A4B6A6F
:100FB000019304D000230A228B714A710B8101AB8B
:100FC0006A461C31F8F7D6FE02B010BD0A6B4B8999
:100FD000541CD1D1B1F80CC00CF1FF3C1FFA8CFCB1
:100FE0006345DDD900234B81CB79DB07DBD491F955
:100FF0001C300A7F002B0CDBFF23D5E74FF6FF7375
:10100000B5E74FF6FE7C4FF6FF72C5E74FF6FF736C
:101010009DE7C02A4FF6FF7328BF6FF07F43C3E7F9
:10102000704700BF8988888808B540F2B552064BE2
:101030000649074816F01AF8002015F097FC012021
:1010400005F01CFD08F0B8FF903E00204C40002049
:10105000CC44002008B540F2A152064B064907488F
:1010600016F004F8002015F081FC012005F006FDC3
:1010700008F0A2FF903E0020783F0020CC440020E2
:1010800008B540F2AD52064B0649074815F0EEFF91
:10109000002015F06BFC012005F0F0FC08F08CFF3F
:1010A000903E0020BC3F0020CC440020034604308A
:1010B000442810B515D8140E03F1010E03F1020CEB
:1010C00080B2CC541FFA8EFE140C03331FFA8CFC32
:1010D00001F80E409BB24FEA122E01F80CE0CA5400
:1010E00010BD074B40F2BE520649074815F0BEFF3F
:1010F000002015F03BFC012005F0C0FC08F05CFF6F
:10110000903E002010400020CC44002038B50E4B0B
:101110001C7854B1013CE4B21C7004B138BD0B4DD5
:101120002868FEF755FA2C6038BD094B4FF49772CA
:101130000849094815F09AFF204615F017FC0120D0
:1011400005F09CFC08F038FFE0B6002074AC0020ED
:10115000903E0020143F0020CC44002030B5244CA9
:10116000002383B0E278C0E9083312B1214BDB6879
:1011700083622379002B38D01E4B1B696279C362CE
:10118000002A2DD01B4B5B690363A3790A69C261F6
:1011900013B3184AC379926943F0010312BA026289
:1011A000C371E3791BB1134BDB691BBA4362237A2A
:1011B00083B1104D002001A92B6A1BBA0193F8F7E7
:1011C00011FA637A33B16B6A01A901201BBA01934A
:1011D000F8F708FA03B030BDC37903F0FE03DFE788
:1011E000836AC3EBC303DB08CEE7836A5B08C5E70A
:1011F00078AC002084AC002070B5044662B3104681
:101200000D46164617F050F830B3C4F1410398422A
:1012100033D8FF2836D8A11CC2B24318442B35D886
:10122000631C4FF00C0C9BB205F804C08CB2EA545E
:101230003346432C13F801CB10D889B23218013948
:10124000294403E0442C13F801CB07D00134934226
:1012500001F801CFA4B2F5D1204670BD0C4B40F28D
:10126000AD520C490C4815F001FF002015F07EFB33
:10127000012005F003FC08F09FFE054B40F2D2521E
:101280000649EFE7024B40F2D452F9E7FFF7E2FEDE
:10129000903E0020BC3F0020CC440020F43F0020C2
:1012A0002DE9F041C56984B00646AB79082B00F200
:1012B000AD806A790023062AEB6103D00622AB7168
:1012C0002B816A710DF10E03012229463046FFF78A
:1012D0003BFD044600287CD0BDF80E30D0F80480D9
:1012E000181D03F1020C08F1F007442800F2918068
:1012F0004FF0390E5A1C1FFA8CF107F803E092B236
:101300004FF0020E07F802E0ADF80EC001EB0E0C34
:10131000B28EBCF1440F7ED803334FEA122C80B258
:101320009BB207F801C03946FA54326BADF80E0093
:10133000FFF762FF00F1060CADF80E00BCF1440FA0
:1013400067D8821C431C4FF0370E1FFA8CFC92B2F8
:1013500007F800E09BB2042002F1EF01432ADFF816
:10136000CCE0F85441444FF00100ADF80E200CD809
:10137000531C01F8010F9BB29C45ADF80E3006D00E
:101380001A461EF8010F432AF2D9FFF779FE901C86
:10139000FF2380B207F80C30432807D8C2F142027D
:1013A0003844002192B216F02BF9442000F1F001EC
:1013B00020461A4F89B2F9F7FDF819484323194A14
:1013C00000682146CDE90067FDF798FF2046F8F751
:1013D000F9FFAB79FF2B13D00133DAB2052AAA71DA
:1013E0000ED84FF47A7310490020934003F2F313A0
:1013F0009BB2A1FB03135B092B8104B0BDE8F08114
:10140000782300202B8104B0BDE8F081FFF7CCFBEE
:101410004FE7FFF71FFEFFF707FE00BFBC4B0020A2
:1014200074AC0020C04B0020D34D6210383F002028
:10143000002800F0D8802DE9F043C56985B0064644
:10144000002D00F0CB806B79012B04D0002301220A
:10145000AB716A712B810DF10E03032229463046D0
:10146000FFF772FC0446002800F0A580BDF80E00CE
:10147000D4F80480031D811C08F1F007442B00F20E
:10148000B3804FF0390E421C1FFA81FC07F800E0D0
:1014900092B24FF0020E07F802E00CEB0E02ADF82C
:1014A0000E10442AB18E00F2A180C21C4FEA112E08
:1014B00092B207F80CE0B95400F10A02ADF80E3010
:1014C000442A00F29180421D32214FF00409063077
:1014D00092B2F95480B2394607F80290EA69ADF841
:1014E0000E0012BAFFF7E2FD831DADF80E00442B8B
:1014F0007AD8421C831C362192B239549BB207F829
:1015000002903946AA691846ADF80E3012BAFFF7B4
:10151000CDFD00F1060CADF80E00BCF1440F63D810
:10152000831C411C4FF0370E1FFA8CFC9BB289B212
:1015300007F800E003F1EF02432B07F801904FF0AA
:10154000010142442A48ADF80E300BD8013302F8AD
:10155000011F9BB26345ADF80E3005D0432B10F848
:10156000011FF3D9FFF78CFD1846326B3946FFF7A0
:1015700043FE431CFF22ADF80E009BB23A54432BAE
:1015800007D8C0F143020021F81892B216F038F8DB
:101590004423F0332046174F99B2F9F70BF8164859
:1015A0004323164A00682146CDE90067FDF7A6FEF1
:1015B0002046F8F707FFAB79FF2B12D00133DAB2E0
:1015C000052AAA710DD84FF47A730D49934003F29E
:1015D000F3139BB2A1FB03135B092B8105B0BDE89C
:1015E000F0837823F9E77047FFF734FDFFF71CFD20
:1015F000383F0020BC4B002074AC0020C04B0020C2
:10160000D34D6210704B51682DE9F04FD3F804A010
:101610008BB09346DAF81C90B9F1000F43D099F8DB
:101620000430002B3FD053892B2B3CD90A78022A57
:1016300039D19AF83C7087B10AF1350401F11B00E9
:10164000002214F8016F013210F8015FD2B2AE42ED
:1016500029D1062A01D0BA42F3D34A68D9F800103A
:1016600012BA8A421FD100225849CDF808B00A8127
:101670000492C1E90022F022BBF808800392CDE970
:1016800006A9DDE9026400E07389A342A4EB03022A
:10169000A8EB03030DD8366894B21FFA83F8002E26
:1016A000F2D1DDF808B058460BB0BDE8F04FF8F7BE
:1016B00089BE73684445019368D2019B195DFF2977
:1016C00064D0A31C1FFA83FBA345EAD3671C72896D
:1016D000974254DA019B181945783B2900F2F980AA
:1016E000DFE811F03C000101F7009701F700F70077
:1016F0008001F700F700F700F700F700F700F700A8
:10170000F700F700F700F700F700F700F700F70021
:10171000F700F700F700F700F700F700F700F70011
:10172000F700F700F700F700F700F700F700F70001
:10173000F700F700F700F700F700F700F700F700F1
:10174000F700F700F700F700F70073015F01B4013D
:10175000A701F700F700F70053014601BCB294421D
:1017600012D3A41AA8EB0202A4B21FFA82F84445CD
:1017700097D23668002E94D0736801939DE7306845
:1017800040B340680578A8E7A04596D80F4B1B7872
:1017900063B100230D4A13700D4B1B68012B00F041
:1017A0007781022B06D0032B00F07081049B002B65
:1017B00000F0738100234FF06C0804932C230393F3
:1017C000029B5B895DE700BF00B3002078AC00207E
:1017D00084AC00203B297BD801A050F821F000BF49
:1017E00075ED0000BBEC0000E9EE0000BBEC000072
:1017F000E9EE0000E9EE00007DF00000E9EE0000F7
:10180000E9EE0000E9EE0000E9EE0000E9EE00007C
:10181000E9EE0000E9EE0000E9EE0000E9EE00006C
:10182000E9EE0000E9EE0000E9EE0000E9EE00005C
:10183000E9EE0000E9EE0000E9EE0000E9EE00004C
:10184000E9EE0000E9EE0000E9EE0000E9EE00003C
:10185000E9EE0000E9EE0000E9EE0000E9EE00002C
:10186000E9EE0000E9EE0000E9EE0000E9EE00001C
:10187000E9EE0000E9EE0000E9EE0000E9EE00000C
:10188000E9EE0000E9EE0000E9EE0000E9EE0000FC
:10189000E9EE0000E9EE0000E9EE0000E9EE0000EC
:1018A000E9EE0000E9EE0000E9EE0000BBEC00000C
:1018B000BBEC0000BBEC0000BBEC0000E9EE00005C
:1018C000E9EE0000E9EE0000BBEC0000BBEC00001C
:1018D00000252C444FF6FD718C423FF7E2AE0BEB36
:1018E00005039CB23BE7042D7FF4DBAE4FF6F972A3
:1018F00094423FF6D6AE06344FF00609A4B2934B9D
:101900000022059403EB0907914B099203EB890A26
:1019100023E05B46224609A93046F8F7D5FF84420A
:101920007FF4BFAE042D40F29F8015F0030FA5F1A8
:10193000040509F10109EDB27FF4B3AE4FF00103E4
:101940000BF1040207F8013C92B2099B5A459346F9
:101950001BBA4AF8043BFFF4A4AE042D17F8013B70
:101960002C4628BF0424002BD3D0059C7289F6E6B0
:10197000042D7FF496AE4FF6F97294423FF691AE85
:1019800006344FF00509A4B2B9E7042D7FF489AEFF
:101990004FF6F97294423FF684AE0634A946A4B2DB
:1019A000ADE7039BF02B7FF47CAE013D18BF012512
:1019B000002D7FF476AE4FF6FE7297423FF471AE83
:1019C0000334A9460125A4B299E7042D7FF469AE3A
:1019D0004FF6F97294423FF664AE06344FF00309B5
:1019E000A4B28CE7AB077FF45CAE082D2C444FF615
:1019F000FD71284628BF08208C423FF752AE0BEB02
:101A00000504A4B2002D3FF4AAAE05464FF0080924
:101A100075E7032D7FF645AE2C444FF6FD729442D8
:101A20003FF73FAE0BEB05044FF007090425A4B2C6
:101A300065E7042D7FF435AE4FF6F97294423FF618
:101A400030AE06344FF00209A4B258E7012D7FF4FE
:101A500028AE4FF6FE7297423FF423AE0334A946F8
:101A6000A4B24CE75C467AE6059C0CD0012D7FF4CD
:101A700018AE9DF82430364A42F829300123334A03
:101A800002F8093072E7099B1BBAF4E701230493BB
:101A90006C234FF0EC08039392E62C4BDDF808B072
:101AA0005B78DDE906A9002B3FF4FDAD284ADBF8A1
:101AB00004101379052B1BD0062B2BD0022B7FF49F
:101AC000F2AD99F80530062B7FF4EDAD1F4B9878F9
:101AD000DAF81C3000283FF4E6AD9268049812BA98
:101AE000188150469A610A69DA61FFF7A1FCDAE5CC
:101AF00099F8053003F0FD02012A03D0043B012BC5
:101B00003FF6D1ADDAF81C00FFF728FB5046FFF78F
:101B100005FAC8E599F80530DA1E022A02D9012B28
:101B20007FF4C1ADDAF81C305A790C2A04D00022B7
:101B30000C219A7159711A81064B50461A46194662
:101B4000F8F718F95046FFF7ABFBACE578AC00208E
:101B500084AC0020BC4B00202DE9F043C66985B061
:101B600005467379032B04D000230322B3717271ED
:101B700033810DF10E03032231462846FFF7E4F8C6
:101B80000446002800F09A80BDF80E00D4F80480C6
:101B9000021D00F1020E08F1F007442A00F2AB80AA
:101BA0004FF0390C431C1FFA8EF107F800C09BB2AE
:101BB0004FF0020C07F803C001EB0C03ADF80EE088
:101BC000442B00F29A80C31C07F801C040219BB24D
:101BD000F95400F10A03ADF80E20442B00F28B807B
:101BE000431D32214FF0040906309BB2B95480B234
:101BF000394607F80390F269ADF80E0012BAFFF704
:101C000055FA00F1060CADF80E00BCF1440F72D885
:101C1000831C411C4FF0370E1FFA8CFC9BB289B21B
:101C200007F800E003F1EF02432B07F801904FF0B3
:101C3000010142443248ADF80E300BD8013302F8AE
:101C4000011F9BB26345ADF80E3012D0432B10F844
:101C5000011FF3D92B4B40F2AD522B492B4815F005
:101C600005FA002014F082FE012004F007FF08F0BE
:101C7000A3F918462A6B3946FFF7BEFA431CFF2228
:101C8000ADF80E0099B23A54432907D8C0F1430287
:101C90007818002192B215F0B3FC4421F0312046AF
:101CA00089B2F8F787FC1A4843231A4A006821468C
:101CB0000095FDF7CFFB2046F8F784FBB379FF2BA7
:101CC00014D00133DBB2092BB3710FD8C3EB43112E
:101CD000114A03EB8103DB0003F2F3139BB2A2FB77
:101CE00003235B09338105B0BDE8F08314233381FE
:101CF00005B0BDE8F083FFF7ADF9FFF795F900BF38
:101D0000383F0020903E0020BC3F0020CC44002003
:101D100074AC0020C04B0020D34D621038B505468E
:101D20000C46154A40F2F721144804F0B3FE55B1B1
:101D3000ECB1E969B1B93422204615F061FC022307
:101D4000E371EC6138BD0D4B4FF43E720C490D4808
:101D500015F08CF9002014F009FE012004F08EFE2D
:101D600008F02AF9054B40F2FA220749EFE7034B46
:101D700040F2F9220549EAE7E42D0020903E0020D8
:101D8000F4320020CC4400209840002088400020FD
:101D9000C26932B308B55379052B03D8022B14D886
:101DA000CBB908BD0A2B10D00C2B14D90D4B40F227
:101DB000BE320D490D4815F059F9002014F0D6FD3A
:101DC000012004F05BFE08F0F7F800239371BDE8F2
:101DD0000840FFF7C1BE00239371BDE80840FFF73C
:101DE0005FBA7047903E0020643F0020CC44002042
:101DF0002DE9F041064684B0634A40F28F41F5690F
:101E0000624804F047FE6B79052B04D000230522BD
:101E1000AB716A712B810DF10E0303222946304606
:101E2000FEF792FF0446002800F0A680BDF80E20C1
:101E3000416802F1040C901C01F1F007BCF1440F61
:101E400000F29D804FF03908531C1FFA80FE07F8FE
:101E500002809BB24FF0020807F803800EEB0803E4
:101E6000ADF80E00442BB08E00F28B80D31C4FEAED
:101E700010289BB207F80E80F85402F10A00ADF862
:101E80000EC044287BD8931D4FF0370E053280B228
:101E90009BB207F80CE092B203F1EF0C432B6144C4
:101EA0004FF0040C07F802C04FF00102DFF8F0C059
:101EB000ADF80E300BD8013301F8012F9BB29842D8
:101EC000ADF80E3012D0432B1CF8012FF3D92F4B55
:101ED00040F2AD522E492F4815F0C8F8002014F0FA
:101EE00045FD012004F0CAFD08F066F8326B394662
:101EF000FFF782F9431CFF22ADF80E0099B23A5465
:101F0000432907D8C0F143027818002192B215F096
:101F100077FB4421F031204689B2F8F74BFB1E488D
:101F200043232146006805F118020096FDF792FA56
:101F3000034620461C46F8F745FAAB79FF2B15D02F
:101F40000133DBB2092BAB7110D8C3EB4311134A39
:101F5000204603EB81031B0103F2F3139BB2A2FBA8
:101F600003235B092B8104B0BDE8F08128232046C0
:101F70002B8104B0BDE8F0814FF0FF34DDE7FFF7BF
:101F800069F8FFF751F800BF6C2C0020903E00204C
:101F9000BC3F0020CC44002074AC0020D34D621024
:101FA000383F00202DE9F041054684B0434A40F215
:101FB0003351EC69424804F06DFD002C6AD063791E
:101FC000002B67D00023EA69A169A3620391E38132
:101FD0002361A382C4E90633C4E90833C4E90B339F
:101FE000002A5AD053791A1F012A01D90A2B54D139
:101FF00000270DF10A030722214628466771A771C1
:102000002781FEF7A1FE064600283BD07368BDF885
:102010000A0003F1F008831D442B4CD8431C3622E0
:10202000414608F800209BB20422023008F8032041
:1020300080B2039AADF80A0012BAFFF737F8431CD2
:10204000FF21ADF80A009BB2024608F80010432BAE
:1020500008D8C2F1430208EB0300394692B215F0EA
:10206000CFFA4423F033304699B2F8F7A3FA154A71
:10207000009543231068314603AAFDF7EBF930467B
:10208000F8F7A0F9104B28461A461946F7F772FEE2
:1020900023794BB904B0BDE8F08100236371A371CB
:1020A00023812379002BF5D0FFF730F8002323712B
:1020B00004B0BDE8F081FEF7CDFF00BF8C2B0020FF
:1020C000903E002074AC0020BC4B002070B505464B
:1020D000264A40F22D31264804F0DCFC002D41D088
:1020E00095F83D30DA073DD5AB8EEC69B3F5107F3E
:1020F00035D35CB3237933BBE67906F0020634228C
:102100000021204615F07CFAE671FEF7C5FE064672
:1021100028BB0123237195F83D305B0708D4637910
:10212000022B03D00223A07120816371304670BD61
:102130002846FFF7B5F80028F8D028464FF0FF36BC
:10214000FFF730FFF2E7FEF7E1FFD5E73420F7F7BE
:102150002DFC044618B10026C671E861CFE74FF0A8
:10216000FF36E3E76FF00F06E0E700BF902D002099
:10217000903E0020824B2DE9F0411D6884B0ADB146
:10218000EC699CB163798BB1A18A31B1628A013269
:1021900092B29142628200F08C80228A4AB9E2892E
:1021A00022B1511E012AE18100F08C8004B0BDE80B
:1021B000F081511E012A2182F1D15A1ED2B2092A80
:1021C000F4D8704941FA02F212F00102EED1042B68
:1021D00003D00423A271228163710DF10E03032247
:1021E00021462846FEF7B0FD0646002800F0A480F0
:1021F000BDF80E20416802F1040C901C01F1F007BB
:10220000BCF1440F00F2B8804FF03908531C1FFA9C
:1022100080FE07F802809BB24FF0020807F80380A7
:102220000EEB0803ADF80E00442BA88E00F2A6803A
:10223000D31C4FEA10289BB207F80E80F85402F125
:102240000A00ADF80EC0442800F29680931D4FF0AE
:10225000370E053280B29BB207F80CE092B203F160
:10226000EF0C432B61444FF0040C07F802C04FF011
:102270000102DFF82CC1ADF80E300BD8013301F8A4
:10228000012F9BB28342ADF80E302ED0432B1CF8A9
:10229000012FF3D93C4B40F2AD523C493C4814F07D
:1022A000E5FE002014F062FB012004F0E7FB07F0DC
:1022B00083FE2846FFF776FE284604B0BDE8F041CD
:1022C000FFF704BF03F0FB02012A02D00A2B7FF4C0
:1022D0006DAF2846FFF78CFDA389628A9B1A012BFC
:1022E0007FF764AF5B10E38160E718462A6B3946DD
:1022F000FEF782FF431C0246ADF80E0098B2FF21A4
:102300004328B95407D8C2F143023844002192B29D
:1023100015F076F9442000F1F001304689B2F8F763
:1023200049F91C4A00954323106831461A4AFDF7C3
:1023300091F83046F8F746F8A379FF2B1AD001330D
:10234000DBB2092BA37115D8C3EB4311134A03EB7E
:102350008103DB0003F2F3139BB2A2FB03235B09AF
:10236000A28A618A2381531A012B7FF71FAF5B106A
:1023700023821BE71423F3E7FEF76CFEFEF754FEFF
:102380007CB30020E6FDFFFF903E0020BC3F002014
:10239000CC44002074AC0020C04B0020D34D621010
:1023A000383F0020174B186840B1C36933B11A8910
:1023B000012A02D9013A1A81704700D070475A7930
:1023C00000210C2A198108D0062A06D0012A06D03D
:1023D000032AF3D19B79012B11D9FEF761BF9B79B9
:1023E000052B01D8FFF724B800B583B00190FFF7A3
:1023F000D9FD019803B05DF804EBFFF767BEFFF766
:10240000ABBB00BF7CB300202DE9F04F83B0064684
:10241000DDE90C9ABDF83C4000284BD08846934635
:102420001C214FF4207210201F46F8F735F805469E
:1024300000283CD043891B2B50D963BA4468E38001
:1024400096F83C30062B44D13A6804213046A2600D
:10245000BA88A281DAF80020C4F81220BAF8042061
:10246000E282D9F80020C4F80E200E9A1268237177
:102470000023617140F60601A261B9F800202370C3
:10248000E370012363700823A3704FF6A9630091E2
:1024900029469A4242460CBF134B5B4601F0E0FED0
:1024A0002846F7F78FFF002003B0BDE8F08F4FF00C
:1024B000FF30F9E70D4B4FF48C620D490D4814F0D5
:1024C000D5FD002014F052FA012004F0D7FA07F0ED
:1024D00073FD064B40F272420749EFE7034B40F2AF
:1024E0006B420649EAE700BFEC4700202C4700207A
:1024F000F4320020CC440020A8470020744700207C
:102500002DE9F04F00234FF00A0E83B0504E0446E1
:10251000F3463246984670469A4689460193CDF86E
:1025200000E004E06046013318320A2B17D00A2875
:102530000FFA83FC117D31D10029F3D01CB125683D
:102540005768BD426AD001292BD0518A4145EAD350
:10255000013388461832CDF800C00A2BE7D14D462A
:10256000009F012D5CD10A2823D000EB4003804658
:1025700006EBC3031B7D002B55D174B308EB480257
:1025800021684FEA480306EBC2025160434400222F
:1025900006EBC306728203B0BDE8F08F0029C2D0FB
:1025A000CCE7116889B3518A5145BCD38A46E646C7
:1025B000B9E70A2F14D007EB4703B8464FEA47099B
:1025C00056F83330002B3DD1B9440023384606EB92
:1025D000C90989F81430002CD0D14FEA4803D5E757
:1025E000BBF10A0F18D1BEF10A0F19D0774607EBDD
:1025F0004705B8464FEA4709ED0070590028E3D077
:10260000F7F7E0FE00237351DEE7518A019DA942EE
:1026100089D3E346019186E75F46E8E76046BAE77B
:102620004FF0FF30B7E70B4B40F285120A490B48D9
:1026300014F01CFD002014F099F9284604F01EFA4D
:1026400007F0BAFC034B4FF4B7720549EFE700BF40
:102650003CAB00202C47002054460020CC440020F6
:102660003C4600202DE9F043354E02EB420785B091
:1026700006EBC7073B7D012B52D9022B04460D46C2
:1026800012D0182304F1360803FB026303F10C098E
:102690004FF400664B46424629462046009601F01C
:1026A000DFFD05B0BDE8F0837B8AB3F58E7F1DD8D2
:1026B000B3F5877FE5D302EB4202012300F1360830
:1026C0000090D20003931F4B414602F10C0902F126
:1026D000040C01934346B14466444A460296FFF710
:1026E00093FE0028D4D103233B75D1E702EB4202CD
:1026F000012300F1360800904FEAC2090393124A01
:10270000414609F1040309F10C093344B144029331
:102710000C4B01934346FFF777FE0028E3D0B7E761
:102720000A4B40F2EF220A490A4814F09FFC0020AD
:1027300014F01CF9012004F0A1F907F03DFC00BFE2
:102740003CAB00206C480020EC4700202C470020C8
:10275000D0460020CC4400202DE9F041204C84B02C
:102760000026DFF884801F4F04F1F0050CE0012AF9
:1027700001D1042B12D8032A1ED0042A1FD0012A0B
:1027800020D01834AC4214D0227C002AF9D0E3893E
:1027900001339BB2B3F5967FE381E8D354F8040C80
:1027A00018B1F7F70FFE44F8046C26741834AC42E5
:1027B000EAD104B0BDE8F08104232374E1E70223E9
:1027C0002374DEE76068CDF8048000F136030090E2
:1027D000CDE9024219463A46FFF716FED1E700BF9F
:1027E00040AB0020EC4700206C480020F8B50A4CB4
:1027F0000027064604F1F005237D13B1A368B34218
:1028000003D01834AC42F7D1F8BD206810B1F7F707
:10281000D9FD27602775F4E73CAB00202DE9F04F88
:102820000D4689B00446564A40F28921554804F0C5
:1028300031F9002D7FD066683388B3F5807F02D1EF
:102840003379062B05D0204609B0BDE8F04FF7F7E5
:10285000B9BD7379042BF6D17388082BF3D13146B7
:102860002846FEF7C9F8D6F80EB02A68B369CDF845
:102870001CB0002A62D1904606F108074FF0020909
:10288000059295F83C30062B6BD1BBF1000F3AD086
:102890002946584600F0B4FF8246A0BB0BF0F00377
:1028A000E02B30D0494607A8FFF72AFE00282ADB94
:1028B000354900EB400202234FF0180E01EBC20C29
:1028C000D2008CF814300C23CCF8085010FB0E33D7
:1028D0003868C8500B44B888988051F802B0ACF8FA
:1028E00012A0BBF1000F0ED04FF4006341F802A01C
:1028F000284605F13602009359463B4601F0B0FCEC
:102900005846F7F75FFDF388B3F5807F9BD188F0D9
:102910000108059B13EA080F95D0022105F1360343
:102920003A462846039107A9019702911946009556
:10293000FFF76AFD87E709B0BDE8F08FA2EB0B084F
:102940009A4206F10807B8FA88F84FEA581804D0F6
:1029500000234FF00209059393E70123994605935D
:102960008FE7084B4FF4D5720849094814F07EFBF5
:10297000002013F0FBFF012004F080F807F01CFB9F
:10298000782C00202C4700203CAB0020A0460020E3
:10299000CC440020002900F09F802DE9F04F06462E
:1029A000086885B00D46002800F081803146174642
:1029B00000F026FF8046002879D12B6803F0F00351
:1029C000E02B74D001212846FFF79AFD041E40DB5E
:1029D0007E2C72DCDFF8788104EB440A06F1360BBA
:1029E0004FEA440908EBCA0A9AF8142052B1002FA2
:1029F00000F08480012A4FF0FF3019D82DD005B0A7
:102A0000BDE8F08F0123029500965946CAF8086088
:102A1000304603938AF81430464B474A01935B468D
:102A2000FFF7F2FC002FEAD09AF81420012AE5D92A
:102A300018234FF400655A46394604FB0383304699
:102A400000953E4D0C332C7001F00AFC05B0BDE83A
:102A5000F08F60B205B0BDE8F08F3B4604E01A7B12
:102A600052060AD41B68F3B159891A899142F6D1EA
:102A70001A68A2BB1B7B5B0615D53A464FF4207142
:102A80001020F7F7E3FF0746A0B109EB040358F85D
:102A9000330008B1F7F796FCA144002048F83970DC
:102AA00005B0BDE8F08F3846F7F7FEFDEDE76FF0B3
:102AB0000F00A4E74FF0FF30A1E7214B40F2C232F4
:102AC0002049214814F0D2FA404613F04FFF01206C
:102AD00003F0D4FF07F070FA6FF00F007047184B47
:102AE00040F2FA321949184814F0C0FA002013F0E5
:102AF0003DFF012003F0C2FF07F05EFA0D4B0122FB
:102B00003046594601935B46039202950A4A009665
:102B1000FFF77AFC00287FF472AF182303FB0483CD
:102B20001B7D012B7FF46BAF1823002203FB048372
:102B30005A8264E76C480020EC470020E3B600208E
:102B40002C47002000470020CC44002010470020E4
:102B50003CAB0020F0B5064685B00F46154640F266
:102B60001E31564A564803F095FF002E00F096801D
:102B7000002F00F08480002D72D03146286800F0CC
:102B80003FFE00285BD12B6803F0F002E02A39D029
:102B9000326871685A400A420ED09BB24FF6A96261
:102BA000934209D07B68DB689BB2934204D0B36840
:102BB000002B52D006F10805DFF820C1414B9CF8EC
:102BC000002002EB420103EBC103197D012903D967
:102BD0005B68296899423DD03A4C0023207DDAB2E7
:102BE000012803D92868616888422AD00133183443
:102BF0000A2BF3D13A462946304605B0BDE8F040ED
:102C0000FFF7C8BE6B7801225E2103F07F03ADF8A9
:102C10000820EA788DF80B30AB788DF80A108DF823
:102C20000C3002AB8DF80D204FF4006406F1360233
:102C300039463046009401F013FB05B0F0BD224B3D
:102C4000F2E7394630468CF8002005B0BDE8F04088
:102C5000FFF708BD39463046F7E76FF00300ECE7B1
:102C6000174B40F221321949194814F0FFF9284650
:102C700013F07CFE012003F001FF07F09DF9104BDB
:102C80004FF448721349124814F0F0F9384613F023
:102C90006DFE012003F0F2FE07F08EF9084B40F2C2
:102CA0001F320D490A4814F0E1F9304613F05EFE78
:102CB000012003F0E3FE07F07FF900BFA42B002002
:102CC0002C4700203CAB0020EC4700208046002031
:102CD000CC440020C4460020F4320020E3B600209B
:102CE00010B5012284B000F13603064CCDE9021282
:102CF000054A1946CDE90024044AFFF785FB04B0D4
:102D000010BD00BF6C480020BC4B0020EC470020E9
:102D100030B500F1360385B0064A0C460125194648
:102D20000192054A039502940094FFF76DFB05B0EC
:102D300030BD00BF6C480020EC4700202DE9F04773
:102D4000068986B0074689461B2E904637D806F17D
:102D50000805ADB24FF4207229462420F7F79CFBFA
:102D6000044648B34389AB422CD34568324600261B
:102D7000D7F804A00823394685F8009085F801802B
:102D80002E716E71AE71EE71F7F7ECFCDAF80C3063
:102D900005A8059300F030FB58B10123AE70EE702A
:102DA00005AA0290314601932046FF23009600F0C9
:102DB00011FD2046F7F706FB06B0BDE8F087242595
:102DC0001C26C7E7074B4FF4BB720749074814F0AE
:102DD0004DF9002013F0CAFD012003F04FFE07F06B
:102DE000EBF800BF0449002048490020CC440020F3
:102DF0002DE9F043474F87B00546D7F8088098F88B
:102E0000004004F00F04A400132C13D94389032BB2
:102E100010D943681B78082B0CD1786900F0F003B7
:102E2000E02B07D00E46396800F0EAFC10B92B8978
:102E3000072B05D8284607B0BDE8F043F7F7C2BA1C
:102E400004F1100128460591F7F71AFA05990028B0
:102E500044D02B89191989B28B42EBD84FF42072D8
:102E60001020F7F719FB81460028E3D0428904F1CE
:102E700008039A4245D341462246406805F0AEFF1A
:102E800021464846F7F734FA00283ED129464846FD
:102E9000F7F712FD002834D128464D46F7F792FA8D
:102EA000214628466C68F7F7EBF90028C2D16A681A
:102EB0007B691949D3603B691361FF232070E87374
:102EC000A070E0709072D072137201220090CDE970
:102ED00001260246284600F07DFCABE72846F7F7BE
:102EE00007FA0028DCD00D4BCC220D490D4814F018
:102EF000BDF8002013F03AFD012003F0BFFD07F0FC
:102F00005BF84846F7F75EFA94E7044BBB220649A4
:102F1000ECE700BF00B3002014B3002004490020F8
:102F2000D0480020CC4400209C4800200A460321C1
:102F3000FFF704BF0A460B21FFF700BF70B5866A92
:102F40000C465EB30A68304601E0006818B1436879
:102F50009342FAD170BD0720F6F7C8FD08B90020EA
:102F600070BD23680025C0E901351B4B05731B6844
:102F700022689A4203D033680360306070BD174BFB
:102F80004FF489721649174814F070F8002013F0B6
:102F9000EDFC012003F072FD07F00EF80546072056
:102FA000F6F7A4FD0028DAD05CB90473C0E9014447
:102FB000094B22681B689A4208D100230360A8626B
:102FC00070BD2368866006734360F1E7034B4FF4DE
:102FD00086720549D7E700BF2CAB0020744900205A
:102FE000EC490020CC440020B849002038B5437A91
:102FF00004460D46022B04D0012B00D038BD438976
:1030000033B9022D07D8012363810123637238BDD0
:103010008B42F3D9F5E703F071FDB0FBF5F303FB49
:10302000150060810028EED0EFE700BF2A4B2DE9A4
:10303000F0411B688AB01646074688464FF4207256
:10304000082138200893F7F727FA002831D0438960
:1030500004464568072B2FD93B68162E0893D8F8ED
:1030600004306B6001D01D4A04E0012308F1040222
:1030700088F808302E700026082128466E70AE7041
:10308000EE700792F6F774FC40F2944168800220DB
:10309000079A0991042101900123049109A920466E
:1030A0000297039108A9009600F068FB2046F7F705
:1030B00089F90AB0BDE8F081094B40F202320949B2
:1030C000094813F0D3FF002013F050FC012003F057
:1030D000D5FC06F071FF00BFBC4B002028AB0020E0
:1030E00074490020304A0020CC44002003490448A1
:1030F000044B054A08601A60704700BF2CAB0020E3
:10310000E000000128AB0020E000000210B50B49F0
:103110000446FFF713FF70B1037B022201334272B2
:103120000373636C2BB101220449204698470020A9
:1031300010BD184610BD4FF0FF3010BD2CAB002065
:1031400070B50023846A836274B10646736C2546A9
:103150000022304624680BB1291D984729460720D4
:10316000F6F7D8FC002CF1D1002070BD836A1BB3A8
:1031700070B51C68FCB1114E012501E02468D4B182
:10318000637A022B06D0012BF8D16389013B9BB2F5
:10319000042BF3D903F0B2FCA6FB0032657222F0D7
:1031A000030303EB9203C01A012838BF012060819A
:1031B0002468002CE4D170BD704700BFCDCCCCCCCE
:1031C000806A30B10A6801E0006810B14368934238
:1031D000FAD17047F8B50D4641890446072917D939
:1031E000476816463846F6F7C3FB88B9A86A78B12F
:1031F0003168034601E01B6853B15A688A42FAD12C
:103200003A78112A0DD0162A02D15A7A012A04D00E
:103210002046BDE8F840F7F7D5B84FF400729A6041
:10322000F6E7124A12688A427A6806D0002AEFD07E
:1032300079781846FFF7DAFEEAE78AB97B780BB9A6
:103240000A237B700568002DE2D028467978FFF7C5
:10325000CDFE2D68002DF8D1DAE700680028D7D020
:1032600043689A42F9D10346E2E700BF2CAB002045
:1032700070B50E46214A054640F2E911204803F098
:1032800009FC336803F0F002E02A31D11D4A1268CC
:1032900093422DD095F83D309B0629D531462846DE
:1032A000FFF74CFE044630B3437AE3B9037B2BB9F6
:1032B0006B6C1BB1012231462846984716222146E5
:1032C0002846FFF7B3FE03F019FC01220E4B627291
:1032D000A3FB002323F0030202EB9303C01A01288F
:1032E00038BF01206081237B00200133237370BD30
:1032F0006FF0050070BD4FF0FF3070BD382D00201D
:10330000744900202CAB0020CDCCCCCCF8B50F46B6
:103310000646224A40F24921214803F0BBFB3D68A2
:1033200005F0F003E02B2BD11E4B1B689D4227D0EC
:1033300096F83D309B0623D5B36A0BB31C4601E0DB
:103340002468ECB162689542FAD1227B012A03D944
:10335000013A00202273F8BD1A461B689C4212D025
:10336000002BF9D1237A9BB9736C1BB1002239462B
:103370003046984721460720F6F7CCFB0020F8BDE1
:103380006FF00500F8BD23681360237A002BEBD0A3
:10339000172221463046FFF749FEE5E7B42B00200F
:1033A000744900202CAB0020F8B5114B1D68F5B115
:1033B000AC6AE4B10F4E022701E02468BCB1628917
:1033C000531E002AF9D09BB26381002BF5D1637A9A
:1033D000012BF2D160682146336816229842ECD066
:1033E00067722846FFF722FE2468002CE7D1F8BD5B
:1033F0007CB300202CAB00200B4B1B685BB193F817
:103400003D2002F00502052A07D11A6842B1027870
:103410007F2A08BF002318467047002318467047CC
:1034200013461846704700BF7CB300202DE9F047D3
:103430000446734A0F46734840F2D91103F02AFB41
:10344000D4F8049099F800301A09042A66D1B9F822
:10345000025003F00F036DBA4FEA83082389ADB21F
:103460004646AB4260D86389B34257D32389AB4207
:1034700054D3132E52D9D9F81030634D03F0F00213
:103480006B61E02AD9F80C00286152D197F83D30E1
:10349000990600F1A78099F80930112B63D02869AB
:1034A00000283BD00026394600F0AAF9B0BB2B69B2
:1034B00003F0F003E02B31D086B3B9F8063023F0E7
:1034C000C00333B1204600F08BFB044648B3D0F86C
:1034D0000490C5F8089039462046C5E9006799F878
:1034E000003003F00F039B00AB81F7F7EDFA0128E2
:1034F000824658D041462046F6F7FAFE99F8093040
:10350000013B102B37D8DFE803F0635D36363668B1
:103510003636363636363636363658002046F6F7E4
:1035200051FF0020BDE8F08729462046F7F742F812
:1035300099E797F83D20D207ADD53A68002AAAD07E
:1035400093420CD01846394600F05AF930B905F1CB
:1035500014013846FDF7E8FB00289CD028690028B4
:103560004BD13E46A9E709EB08035B88B3F5884FCA
:1035700095D13E46A0E7BAF1020F11D031466869F5
:1035800000F03EF960B96B6903F0F003E02B07D05F
:1035900041462046F6F7DAFE02212046FFF7C6FC38
:1035A0002046F6F70FFF00230020C5E90033AB608B
:1035B000AB81C5E90433BDE8F08739462046FBF707
:1035C0002BFDF0E7114A39462046FFF703FEEAE7F4
:1035D00039462046FFF70CFCE5E739462046F9F767
:1035E000BBFBE0E705F114013846FFF7E9FD0028D1
:1035F0003FF451AFD5E90402B1E73E4653E700BFBF
:10360000882C00209C4A002000B3002014B3002026
:103610002DE9F04F87B004469A460E469DF840309B
:10362000154640F275314E4A4E4801939DF844B01C
:10363000DDF84890BDF8507003F02CFAA37B012B05
:1036400079D1002D58D0002F53D0282F70D807F1F2
:103650000308204628F003081FFA88F808F114032D
:1036600041469BB20293F6F70BFE00285DD1039012
:103670003A461399606805F0B1FB4745039B46D372
:1036800014212046F6F7FCFD074600284DD162893B
:103690006368132A5ED9029A83F808A0920883F817
:1036A00009B0286842F0400C019A2F495A7083F8FB
:1036B00000C02289186152BA9F71DF715A800A884E
:1036C00050BA013298800A80F6B13268DA6000227E
:1036D0009A72DA72B9F8343013B122899A421ED83C
:1036E000D9F810302A4621464846984707B0BDE829
:1036F000F08F14230293C3E76389132B15D96368F2
:1037000005AD1B690593E5E7184A1268DEE76068B6
:10371000A8EB07021946384413F072FFB0E72A46B7
:103720004946204600F056FCE0E76FF00100DDE777
:103730006FF00500DAE70B4B40F276320C490D488A
:1037400013F094FC002013F011F9012003F096F916
:1037500006F032FC034B40F2AA320749EFE700BF04
:10376000CC2B00209C4A0020A8B60020BC4B002097
:10377000E04A0020CC440020EC4A0020F0B59E46F0
:103780009DF814509DF81860BDF824C0DDE9074786
:103790001AB109B10B6803B9214673460595CDE905
:1037A000087CCDE90664BDE8F040FFF731BF00BFFB
:1037B00010B586B09DF8204000940024CDE9034464
:1037C0009DF8244001940A9C0294FFF721FF06B063
:1037D00010BD00BFF0B587B09DF830509DF8346043
:1037E0000E9C1AB109B10F6807B921460095CDE9C1
:1037F00001640024CDE90344FFF70AFF07B0F0BDE0
:10380000431E033314D891F83D3013F002030DD05A
:103810000B6883420FD04A68434013420BD1D34315
:1038200020EA0200C31AB3FA83F35B091846704713
:103830000123184670470023184670472DE9F043CE
:10384000594D85B090F800C015F80C305B0740D595
:10385000E84603AF4646BCF1300F3ED04FF00A0EAB
:10386000431C002408E0BEF1080F1FD004FB0EC467
:1038700093F800C0303C013315F80C20581E12F0AC
:10388000040FF0D1BEF1100F15D112F0440F12D079
:1038900002F003020CF10A0093F800C0022A0CBFE8
:1038A00061224122821A42EA0414E4E7ACF13009B1
:1038B000B9F1070FDAD9BCF12E0F1ED1BE4208D0E4
:1038C00090F801C0013046F8044B15F80C305A0747
:1038D000C1D4002005B0BDE8F08390F801C00CF021
:1038E000DF03582B03D001304FF0080EB8E790F8F3
:1038F00002C04FF0100E0230B2E7BCF1000F01D051
:103900001307E6D5A6EB08008010013004283CD848
:1039100001A353F820F000BFED0E0100550F010088
:10392000450F0100830F01005F0F0100B4F1807F9C
:10393000CFD2009BFF2BCCD844EA036419B324BA3E
:1039400001200C60C6E7FF2CC3D80098FF28C0D820
:10395000019BFF2BBDD8029AFF2ABAD81B0443EA69
:10396000006343EA02231C43E8E7B4F5803FB0D28A
:10397000009AFF2AADD8019BFF2BAAD81B0443EA6B
:1039800002631C43DAE70120A4E7084BFB22084945
:10399000084813F06BFB002012F0E8FF012003F051
:1039A0006DF806F009FB00BFA1300020684B002035
:1039B000B04B0020CC44002008B540F24712064B23
:1039C0000649074813F052FB002012F0CFFF0120F8
:1039D00003F054F806F0F0FAC44B00200C4C002021
:1039E000CC44002010B5044648B1406908B1F6F750
:1039F000E9FC21460620BDE81040F6F78BB8074BDE
:103A00004FF434720649074813F030FB204612F099
:103A1000ADFF012003F032F806F0CEFAC44B0020CF
:103A20008C4C0020CC44002081422DE9F04170D024
:103A30000746884611B10B68834266D17D68002D28
:103A400047D06B689A8842B3002601E06368254638
:103A500028461C68F6F71CFE3318B3F5803F40DAA1
:103A600028469EB2F6F7AEFC002CEFD12B4B1A681D
:103A7000974233D0B8F1000F41D03B68C8F800300E
:103A800039460520F6F746F8254A1388B34238D35D
:103A90009B1B30461380BDE8F0811A68386979694C
:103AA0007A60FC68BA6898602846D96001211A607B
:103AB0005C60BA691A61FFF73DFA2846F6F7E8FD3F
:103AC00006462846F6F77EFC7D68002DCED06B6852
:103AD000BEE7124B2E461A689742CBD13A681A605D
:103AE000CEE7104BCE221049104813F0BFFA002049
:103AF00012F03CFF012002F0C1FF06F05DFAFFF773
:103B00005BFF084BD4220A49EEE7064BAD22094978
:103B1000EAE7044BAB220849E6E700BFA8B400205F
:103B2000AAB60020C44B0020484C0020CC44002002
:103B3000684C0020344C0020284C00202DE9F8432C
:103B40000027DFF8688005460E46D8F80030F3B14C
:103B50000024D5F80CE02146A44620465A69724557
:103B600018D0013420B193F81F90C27F914501D83D
:103B7000614618461A689C461346002AEED110B1D9
:103B8000FFF752FF0744B74201DA012CDDDC38466B
:103B9000BDE8F8839A69D5F810904A45E1D1B3F8A9
:103BA0000C90AA889145DCD1E4E700BFA8B40020BE
:103BB00038B50A4B186840B10024C37F5A1E2BB198
:103BC0000446C27700680028F7D138BD0568214651
:103BD000FFF72AFF28460028EFD1F6E7A8B4002017
:103BE0002DE9F04FD0F804B085B006469BF80030C0
:103BF00003F00F03052B40F0B380BBF80230BBF895
:103C000006A05BBA9BB2132B40F2AA80143BA64FCE
:103C10009BB20093F6F73CFD3B88814603440A2B98
:103C200000F3BF80DFF88482D8F80040002C00F059
:103C3000C480DBF80C2003E02468002C00F0BD8079
:103C400063699342F8D1DBF81030A1699942F3D14E
:103C5000A189BBF804309942EED1BBF806305ABABC
:103C60009BB2C2F30C02002A00F0828065689AFAC7
:103C70009AF213F02003C2F30C0201934FEAC2023E
:103C800008D1009BD3189BB29A425CD84FF6EB71D7
:103C90008B4258D87068438801785BBA029001F073
:103CA0000F019BB24FEA810CB3EB810F4BD3A3EB17
:103CB0000C03B0F806C09CFA9CFCCCF30C0C4FEA49
:103CC000CC0C6344A0F804C0C3809BB21946039394
:103CD00000238C45037043708370C37033D8002D6C
:103CE00000F03E814FF0010B0EE039D0B3F806A092
:103CF000D44535D321B1C988714518BF4FF0000BA9
:103D00001D68002D00F0CB8019466B68B3F804E005
:103D1000F445EAD20560002976D0CB889C451FD3B4
:103D2000039D75451CD89C450E6071D0019B002BEE
:103D300000F0AA80A37FDB0700F11C813B880026EE
:103D40004B443B8010E05DB9D8F80030A34240F00E
:103D50001B81236821460520C8F80030F5F7DAFEFC
:103D600030460026F6F72EFB304605B0BDE8F08F52
:103D7000E28952BAC2F30C02002A3FF477AFDBF8B3
:103D80000030DBF80400DBF80810DBF80C20A3603F
:103D9000E06021616261DBF81030A361BBF806309E
:103DA00064E701465846FFF7C9FE0028D8D03B8893
:103DB0004B440A2B7FF736AFD2E70520F5F796FE86
:103DC000044600284CD0D8F800300025C8F8004040
:103DD00023600F23A560E56025616561A561E5614C
:103DE0006560E377DBF80030DBF80400DBF80810EF
:103DF000DBF80C20A360E06021616261DBF8103029
:103E0000A361BBF8063032E7039B7345A8D8666010
:103E1000019B002B32D0A37FDD078FD5BBF1000FB4
:103E200000F0A8806368002B00F0A4805B6899888C
:103E300061B9016800293CD0039D03E001680029B5
:103E400036D0C58848688188A942F7D03B884B4462
:103E50003B80019BDBB10026304605B0BDE8F08F0A
:103E600049465846FFF76AFE81453FF779AF05207E
:103E7000F5F73CFE04460028A5D171E7BBF1000F21
:103E800002D06368002BD1D13B884B443B80A37F99
:103E9000009943F001030A44A377A283DBE7D445EA
:103EA0001E607FF443AFB3E7AAB60020A8B4002099
:103EB00002900299994276D0398849443980019913
:103EC000002955D1009B1A44A37F43F0010392B20D
:103ED000A3776368A2835B68A0681432E6682569EB
:103EE00052BA61699D605E60D96000211D681860EA
:103EF000A0695A80186199716668D9719972D972EE
:103F00006DB1A1466C6828461421F6F7F1F92946EF
:103F10003046F6F7D5FB2568002DF3D14C46D8F88E
:103F20000030A34206D0002B42D01A68A24214D01F
:103F30001346F8E72368C8F8003021460520F5F756
:103F4000E9FD3046F6F7A4FB3B88834232D31B1AC7
:103F500030463B8005B0BDE8F08F22681A60ECE780
:103F6000019B666053B1A37FD9073FF55BAFE5E6E0
:103F7000A28BB1E73B884B443B806CE781880346CA
:103F800000293FF456AF7FE70D4B40F2AD220D49BB
:103F90000D4813F06BF8002012F0E8FC012002F04D
:103FA0006DFD06F009F8064B4FF4F1720749EFE793
:103FB000FFF702FD024B40F29D220549E8E700BFF2
:103FC000C44B0020484B0020CC4400201C4B002058
:103FD0002C4B00202DE9F04F8B8E8DB006460A92B7
:103FE000B3F11402089148BFA3F10D024368C2F374
:103FF000CF02029306921A461B7803F00F03052B9B
:104000004FEA830540F0AF804389132B40F2AB8029
:104010000389143B99B20391D3885BBAC3F30C02B2
:1040200003F4005305920B93002900F08580069B52
:104030000024DFF87091DB009BB207934FF42072ED
:1040400014211020F6F728FA079B039A8046934222
:1040500028BF13460493002800F082804389132B65
:1040600040F29380029943680A684F688868C9687B
:104070001A60D96002995F6098600A691A61D8F87D
:1040800004300993049B53B31F4673895C1BAB42F6
:10409000A4B26BD3BC4228BF3C46002C4ED00620B5
:1040A000F5F724FD834600284FD001944122736820
:1040B00021462B44009303460020F6F7C5F88246BC
:1040C00000283ED03F1B3046F6F7EEFA5146BFB20D
:1040D0004046CBE90496F6F7F3FA002F2ED1089B61
:1040E000254403999A8EADB2059B133AC3F30C0392
:1040F0008A4232DD0B9A82BB099A5BBA049F414621
:10410000D38007F1140308985BBA5380002393729D
:10411000D3720A9A036998474046F6F753F9039B0E
:10412000A3EB070BDDE9053213441FFA8BF29BB2B8
:1041300003920593002A81D100200BE03668002508
:10414000A3E759460620F5F7E5FC4046F6F73AF9AD
:104150004FF0FF300DB0BDE8F08F43F40053CBE7D4
:104160004FF0FF30F6E76FF00500F3E7094B40F240
:104170002F320949094812F079FF002012F0F6FBAE
:10418000012002F07BFC05F017FF024B40F22632C3
:104190000349EFE7C44B00208C4A0020CC440020A8
:1041A0006C4A0020FD0F010070B504460D46294AF7
:1041B0005921294802F06EFC6389102B1BD96068D5
:1041C000E37BC6891BB995F840300133E3738378EC
:1041D000D9070BD5012B31D0062202301F4913F02D
:1041E00063F918B9637B43F008036373082E16D094
:1041F000B6F5C16F04D02046F6F7E4F8002070BD94
:1042000095F83D301B07F6D510212046F6F770F8DB
:104210000028F0D129462046FEF700FBEEE795F88E
:104220003D301A07E7D510212046F6F761F800283F
:10423000E1D129462046FFF7F9F8DFE7C378002BE4
:10424000D4D103795E2BD1D1637B43F01003637328
:10425000CCE700BF942C0020F4470020EC4700205E
:104260002DE9F0470C46BDF820100546164691FA98
:1042700091F9204610211F46F6F702F8E0B940F206
:1042800033118046164A174802F004FC6168A1F811
:104290000E903B68C1F80230BB88CB8033688B60DE
:1042A000B3888B8195F83C30062B09D16B69214688
:1042B0002846BDE8F04718476FF00100BDE8F087D9
:1042C000084B4FF49D720849084812F0CFFE404653
:1042D00012F04CFB012002F0D1FB05F06DFE00BF97
:1042E000E42B0020F447002038480020CC44002074
:1042F000084609B102F020BF6FF00F00704700BF01
:1043000008B50B461AB1012A01D0002008BD73B1CF
:1043100093F801C0114607480CF07F02C2709A78EA
:104320000271DB78437102F04DFF0028EDD16FF090
:10433000070008BD107D002000487047187D002050
:1043400008B102F045BD704708B102F043BD7047A7
:1043500070B50024084E2146304602F091FD01342C
:104360003146054638B1F36898470028F3D028460F
:10437000F6F728F8EFE770BD187D002008B5FAF7CA
:10438000FFFD0248BDE8084002F064BE187D002031
:104390002DE9F043DFF8808083B00546894698F820
:1043A000004016461F4644B91021164802F0A8FBEB
:1043B000102818D1012388F80030134B0C22A3F8E1
:1043C00000905F80316859600421286800929860ED
:1043D00002200C4A04F070FB044602F04DFB20441E
:1043E00003B0BDE8F083094B28220949094812F0BF
:1043F0003DFE204612F0BAFA012002F03FFB05F024
:10440000DBFD00BF50B5002070B500206C330020EC
:10441000B8330020CC440020EEB600200B6810B565
:1044200004683BB1626801211846117004F0D4FCA5
:10443000A3685860236801221A7010BD012A38B59C
:10444000044603D10B680360002038BD022A0CD05B
:10445000032A03D0002AF7D10260F5E7006800289C
:10446000F2D00C2107F010FBEEE70D680C2007F0EE
:1044700005FB034695E80700236083E80700E3E7B0
:1044800012B330B5144683B00D46F4F749FDD4E9B4
:104490000423801A98420CD3A3681BB1032221463F
:1044A000204698471821204603B0BDE8304007F069
:1044B000EBBAA368019543B1E36801A92046984788
:1044C000A368002BEAD1EDE7704708F00BFB00BFB3
:1044D0002DE9F043804687B018200D46914607F03D
:1044E000CDFA0023044602AE02930593039304938E
:1044F000C0E90033C0E90233C0E90433AB68002BE4
:104500005AD02946022230466F469847E268A3688F
:1045100005920493EA6896E80300E260AA6887E8D7
:10452000030094E80300A26086E8030097E8030014
:1045300084E803001BB10322314630469847F4F764
:10454000EFFC2346214A3946C4E904094046F5F701
:10455000CDF910F1050F80462AD0A36898B91BB198
:1045600003222146204698471821204607F08CFA5E
:10457000AB68029743B32846EB6831469847012061
:1045800007B0BDE8F0831BB10322214620469847BF
:104590001821204607F078FA4046FBF79DF80446BC
:1045A00013F022FC034600201C6007B0BDE8F08336
:1045B000012007B0BDE8F08396E803006F4684E869
:1045C000030087E80300BAE708F08CFA991A0100A3
:1045D000012801D90020704700B583B04B68C0B2F4
:1045E00001A90193F4F7FEFF012003B05DF804FB7D
:1045F00070B5002386B004460C208DF806300E46B8
:104600008DF80730154602930593CDE9033307F083
:1046100035FA0DF1070386600360234B0290059382
:10462000224B04930DF1060343605CB320462A46F7
:1046300002A9FFF74DFF049B04461BB102A9032208
:1046400008469847DCB1F4F76BFC9DF80730044648
:1046500093B9F4F765FC001BA84209D207F0EAFE03
:104660009DF8073043B9F4F75BFC001BA842F5D373
:1046700013F0BAFB742303609DF80640E4B22046B1
:1046800006B070BD13F0B0FB1622049B026033B17C
:1046900002A9032208469847204606B070BD1C4672
:1046A000204606B070BD00BF351A0100551A010042
:1046B0001F4B00201F4A196810B51F4CC2E900406B
:1046C0004A1C1A60C1B11D4A1D491E4808F0A8F9CC
:1046D0001D4A1368591C11601BB3184A1B491C481A
:1046E00008F09EF91B48F0F77DFE144A1A49194854
:1046F000BDE8104008F094B9184C4FF4EE72204613
:1047000012F07EFF04F1440002F02AFA04F1CC001A
:1047100002F026FA04F5AA7002F022FA104B1C608F
:10472000D1E7104C20461BF0B7F90F4B1C60D4E7C3
:104730009CA000204C9E0020D0280020F076002075
:10474000650B0000F8A2002080A200203D0B0000B5
:1047500020A30020D8A20020150B0000A4A0002058
:10476000A0A0002088A2002084A2002090F81CC0F5
:104770004160BCF1020FC26001D18368184706F0A6
:104780009FBC00BF38B5064B04460360EFF31085AD
:1047900072B606F035FD05B962B6204638BD00BFD9
:1047A0004828002070B5204E0C4682B03368D3F8FC
:1047B0001C11814201D002B070BD1546620710D5B0
:1047C000D3F834216AB165B12A7803F596700DF1FA
:1047D0000701003A18BF01228DF80720D3F83821CD
:1047E000904714F0F00F08D03068D0F8443123B16E
:1047F000D0F8483100F59E7098472307DBD5306824
:10480000D0F85431002BD6D0002DD4D02B780DF118
:104810000701D0F8582100F5A670003B18BF01230E
:104820008DF807309047C6E7D0A20020184B70B52E
:104830001D680446FFF78CFDF4F772FB2B69C01A64
:104840007C2814D82368134A1B68934219D1227F0D
:104850000023022A6360E36004D1A3682046BDE818
:10486000704018472046BDE8704006F029BCFFF7AD
:1048700085FDF4F755FB2368064A1B6828619342BF
:10488000E5D0002220461146BDE87040184700BF21
:10489000D0A20020851D01002DE9F0410446D0F88A
:1048A0001C0128B1F5F73CFCD4F81C01F5F788FB96
:1048B000FFF742FDC4F81C0190F83E3084F8203127
:1048C00090F83F3084F8213190F84030092B4CD9D2
:1048D000642B34BF022503253D4A042104F5917061
:1048E00012F014FCA84263D1237D04F11506002BBD
:1048F0003DD02246374930461BF0D2F8054630B944
:10490000C4F81C0184F820012846BDE8F081304637
:10491000FFF71AFD0646002833D0E37ED4F81C01C9
:104920005BB308B11B340463F5F718FB2A4B1D7801
:10493000002DE9D101271F70EFF3108872B6274CC4
:10494000204606F05DFC264A264B2777A3601378A5
:1049500043F004031370B8F1000F1ED06560E560EA
:104960001E48354606F0ACFBCEE70125B4E73046DD
:10497000FFF7E6FC01232375BBE70028D4D00363CF
:10498000D2E71BF081F8C4F81C6184F82061354639
:1049900013F02AFA0E230360B6E762B6237F656040
:1049A000022BE560DCD1A368204635469847ABE78B
:1049B0000D4B40F235120D490D4812F057FB002007
:1049C00011F0D4FF012002F059F805F0F5FA00BF0C
:1049D00038240020BD1D0100D1B60020C87600207B
:1049E000FFB60020451E01003C2400208C2400203E
:1049F000CC44002010B50446FFF7AAFCF4F790FA67
:104A00002369C01A7C2800D810BDFFF7B7FCF4F763
:104A100087FA206110BD00BF38B50446D0F81C01EC
:104A200048B103683BB10022012384F8282184F8AF
:104A30002721184638BD94F82631BBB194F82831A7
:104A4000002BF6D1FDF742FB0123002884F8273123
:104A500018BF002384F82831EBD0FAF73DFE054655
:104A600013F0C2F994F828310560E2E701231846F3
:104A700038BD00BF10B5044684B0496852685B6811
:104A8000D0F81C010393CDE9011218B194F8283134
:104A900003B1F1B9E06802F0F1F902F0D9F9A8B177
:104AA0002046FFF7F9FE88B1069B1BB1194600208E
:104AB000FFF78EFD03AB02AA01A9D4F81C01F5F79C
:104AC00059F92046FFF7A8FF04B010BD002004B03C
:104AD00010BDFDF767FA002384F82831DAE700BF3C
:104AE00010B5002482B00094FFF7C4FF02B010BDDF
:104AF00038B5D0F81C3133B31F4B04461A785ABB73
:104B00001E4B186802F014F81D490020FFF760FDE5
:104B100094F82831C3B91B4BD4F81C011A46194626
:104B2000F5F728F90025D4F81C0184F82751F5F78A
:104B3000F7FAD4F81C01F5F743FA1AF0A5FFC4F808
:104B40001C5184F8205138BDD4F81C01FDF72AFA15
:104B5000002384F82831E5E700220B481A7006F09C
:104B600015FBEFF3108572B6074806F049FB002DE0
:104B7000C6D162B6C4E700BFD1B60020CCA20020E7
:104B8000549E0020BC4B0020C876002010B504467F
:104B900002F016F950B9D4F81C314BB193F83D002E
:104BA000C0F38000C0F10200C0B210BD002010BDF3
:104BB000022010BDD1F81C3123B11A68044BC0E9A2
:104BC00000327047024A034B02605B6843607047E3
:104BD000D0280020549E002010B5D0F81C4182B08F
:104BE0004CB14B68204601A90193FEF741FB50B937
:104BF000012002B010BD13F0F7F8732203462046DF
:104C00001A6002B010BDFAF767FD044613F0ECF825
:104C1000034600201C6002B010BD00BF10B5D0F8E4
:104C20001C4182B04CB14B68204601A90193FEF7AC
:104C30006DFB50B9012002B010BD13F0D5F87322FE
:104C4000034620461A6002B010BDFAF745FD04463F
:104C500013F0CAF8034600201C6002B010BD00BF6C
:104C6000244B0020244A196810B5244CC2E90040A6
:104C70004A1C1A6009B3224A2249234807F0D0FE91
:104C8000224A1368591C116063B31D4A2049214808
:104C900007F0C6FE2048F0F7A5FB194A1F491E4839
:104CA00007F0BEFE1E491F4B0968154A19601E48D1
:104CB0001E49BDE8104007F0B3BE1D4C4FF4EE7224
:104CC000204612F09DFC04F1440001F049FF04F17C
:104CD000CC0001F045FF04F5AA7001F041FF154B2F
:104CE0001C60C8E7144C20461AF0D6FE134B1C601B
:104CF000CBE700BF9CA00020549E0020D0280020BD
:104D0000F0760020650B0000FCA2002080A20020AD
:104D10003D0B000024A30020DCA20020150B0000A6
:104D20003C9F0020D0A20020C87600209D1D0100DD
:104D3000A4A00020A0A0002088A2002084A200201F
:104D4000416170474069704741767047407E7047C7
:104D5000C06920B1406810B10368012099727047A2
:104D6000C06918B1406808B10368987A704700BFFD
:104D7000C06920B1406810B103680120D972704742
:104D8000C06918B1406808B10368D87A704700BF9D
:104D9000C06820B1406810B1036801209972704763
:104DA000C06820B1406810B103680120D972704713
:104DB000C06818B1406808B10368D87A704700BF6E
:104DC000C06818B1406808B10368987A704700BF9E
:104DD00038B5124B0446056A03F17802036002619C
:104DE000A5B16B68013B6B6083B92B680C4A9B686B
:104DF00093420DD1AB68013BAB603BB92B680949CD
:104E0000DA688A4207D15B6828469847204638BD51
:104E100028469847EEE728469047F7E7B429002050
:104E2000090100001101000038B5144B0446056A61
:104E300003F1780203600261A5B16B68013B6B600E
:104E400083B92B680E4A9B68934211D1AB68013B32
:104E5000AB603BB92B680B49DA688A420BD15B68BF
:104E6000284698472046242106F00EFE204638BDED
:104E700028469847EAE728469047F3E7B4290020F8
:104E800009010000110100000EB400B582B003AAB0
:104E900052F8041B019212F009FA02B05DF804EB1B
:104EA00003B070470C4A4FF47A7330B4002402F117
:104EB00078058360047344604FF48074026043613A
:104EC0000A684B6805610483C0E9072313B15A6877
:104ED00001325A6030BC7047B4290020C2690346D1
:104EE000516810B549B15278144982F0010208683E
:104EF0001A76FFF77FFD012010BD046AC0E9071193
:104F0000A4B16368013B636083B923680C4A9B6862
:104F100093420DD1A368013BA3603BB923680949C3
:104F2000DA688A4207D15B6820469847002010BDA6
:104F300020469847EEE720469047F7E7D0A20020AA
:104F40000901000011010000C36973B1037E10B5AF
:104F500004460BB9002010BDFFF7C0FF0028F9D0B0
:104F6000E369587880F0010010BD0020704700BF51
:104F700038B5C36993B1027E04465AB95A781AB952
:104F8000D3E9041399420ED0174B1868FFF732FD8E
:104F9000012038BDFFF7A2FF034608B9184638BD07
:104FA000E369587838BD056AC0E90722A5B16B6886
:104FB000013B6B6083B92B680C4A9B6893420DD10F
:104FC000AB68013BAB603BB92B680949DA688A42A0
:104FD00007D15B6828469847002038BD2846984787
:104FE000EEE728469047F7E7D0A20020090100002D
:104FF00011010000C36970B543B1027E044672B965
:105000005D7835B9D3E904239A4210D000252846AB
:1050100070BD184B1868FFF7EDFC284670BDFFF710
:105020005DFF0028F2D0E3695D78284670BD066A0E
:10503000C0E90755002EEAD07368013B7360002B6E
:10504000E5D133680C4A9B6893420DD1B368013BAC
:10505000B360002BDBD133680849DA688A4206D195
:105060005B6830469847D2E730469847EEE73046CF
:105070009047CCE7D0A200200901000011010000F8
:105080002DE9F04104460E461746FFF7B3FFD0B1B5
:10509000E5696B68BBB1D7B11868B0F86440ECB192
:1050A000A7421D4A28BF2746D2F80080BAB2186826
:1050B00031460123F8F70CFE28BB4046FFF79AFC67
:1050C0003846BDE8F08100273846BDE8F081124B34
:1050D0001868FFF78FFC3846BDE8F081F9F79AFBB6
:1050E0000D4BD3F800804046FFF784FC6B68002B23
:1050F000E9D01A68B2F86440A74228BF2746BAB27E
:10510000002FDAD0D3E7FAF7E7FA0546002712F0C6
:105110006BFE0560D1E700BFD0A2002000B583B0D0
:105120000B4601220DF107018DF80730FFF7A8FFAC
:1051300003B05DF804FB00BF10B50446FFF75AFF4B
:1051400080B1E46963686BB11868B0F864305BB132
:10515000074B1868FFF74EFC63681BB11B68B3F878
:10516000640010BD002010BDF9F754FBF0E700BF4C
:10517000D0A2002010B50446FFF73CFF58B1E36908
:105180005B6843B11868F9F745FB034BBDE8104075
:105190001868FFF72FBC10BDD0A200202DE9F04108
:1051A000C5694DB1037E04462BBB0E469046D5E93A
:1051B00004138B4224D012B90020BDE8F0815B1AA1
:1051C000EF68D81B90420FD3002E41D117441046F0
:1051D0009F42EF60F1D3D5E90432934218BF6B616F
:1051E0000023EB60BDE8F081002E62D00028EFD0F4
:1051F000394480462DE0FFF771FE0020BDE8F081C4
:105200006B78002B32D06B68002BD5D02A4B1868F6
:10521000FFF7F0FBB8F1000FCED06F68002FCBD0B6
:105220003969D7E901C3A3EB0C039942C4D2581AD8
:10523000404528BF4046044636B1614430462246C8
:1052400012F062F96F683969214420463961B4E788
:1052500039443046424612F057F9E1694046CF687A
:10526000D5E9044347440D461B1BB1E7056AC0E975
:105270000733002DA0D06B68013B6B60002B9BD1E6
:105280002B680E4A9B6893420DD1AB68013BAB6023
:10529000002B91D12A680A49D3688B4206D1536802
:1052A0002846984788E728469847EEE728469847D3
:1052B00082E7EB608FE700BFD0A200200901000069
:1052C0001101000010B5C46954B1027E32B9D4E9AD
:1052D0000421914207D0E368D05C10BDFFF7FEFDCA
:1052E0004FF0FF3010BD62788AB16368002BF7D0B1
:1052F000184B1868FFF77EFB6368002BF0D0196924
:10530000D3E90102131A9942EAD2405C10BD046A43
:10531000C0E90722002CE3D06368013B6360002BE7
:10532000DED123680C4A9B6893420DD1A368013BF0
:10533000A360002BD4D122680849D3688B4206D1E0
:10534000536820469847CBE720469847EEE720462B
:105350009847C5E7D0A20020090100001101000014
:1053600010B5C46964B1037E02463BB9D4E90403B5
:10537000834207D0181AE368C01A10BDFFF7AEFDCC
:10538000002010BD63788BB16368002BF8D0194BF7
:105390001868FFF72FFB6368002BF1D0D3E90120D9
:1053A0001B69801A8342EBD2C01A10BD146AC2E98D
:1053B0000733002CE4D06368013B6360002BDFD12E
:1053C00023680D4A9B6893420DD1A368013BA360FB
:1053D000002BD5D122680949D3688B4206D1536886
:1053E00020469847CCE720469847EEE72046984766
:1053F000C6E700BFD0A20020090100001101000093
:1054000038B5C4698CB1057E6DB9D4E904128A42FD
:105410000ED0E068521A431C9342E360085C01D34B
:105420006161E56038BDFFF759FD4FF0FF3038BDD1
:1054300062789AB16368002BF7D01A4B1868FFF7AF
:10544000D9FA6368002BF0D01969D3E90102121A66
:105450009142EAD24A1C1A61405C38BD046AC0E934
:105460000722002CE1D06368013B6360002BDCD194
:1054700023680D4A9B6893420DD1A368013BA3604A
:10548000002BD2D123680949DA688A4206D15B68C9
:1054900020469847C9E720469847EEE720469047C0
:1054A000C3E700BFD0A200200901000011010000E5
:1054B0002DE9F041C56982B0002D40D06B680446EB
:1054C0000BB3027E0E46002A3CD06A78002A54D0E4
:1054D0001868F6F7F7FC0746002842D196B1F3F7B3
:1054E0001FFDE369054653B90CE0F3F719FD636945
:1054F000401B984277D206F09DFFE36913B15B78B9
:10550000002BF2D10023256AC4E90733BDB16B68D3
:10551000013B6B609BB92B68384A9B68934253D11F
:10552000AB68013BAB6053B92B683549DA688A42F6
:105530005ED15B68284602B0BDE8F041184702B072
:10554000BDE8F0816A78002ADCD01868F9F762F9C2
:105550002C4B1868FFF74EFA6B68002BB8D100236C
:10556000D1E76B681868F6F7D1FA3846FAF7B4F85D
:10557000054612F039FC0560C4E71868F6F7A2FC8E
:10558000074620BB6F6800216960002FBAD03868D9
:10559000F5F76EFEFB6963B107F114083B6A01A9D8
:1055A000019740469847FB691BB10322414640469C
:1055B0009847786818B1F968091A06F065FA242145
:1055C000384606F061FAC7E728469847A8E76B68AF
:1055D0001868F6F79BFA3846FAF77EF8074612F095
:1055E00003FC0760CEE712F0FFFB7423036089E73A
:1055F000284602B0BDE8F041104700BF0901000095
:1056000011010000D0A20020F0B585B01646044676
:105610001D4601910021FFF74BFF02F0A7F9334629
:105620000146019A02A802F037FF0023266ADDE94D
:105630000202CDE90233E06122621EB17368013BD0
:1056400073603BB120B185F00103237645BB012097
:1056500005B0F0BD33682E4F9B68BB4251D1B36893
:10566000013BB360002B3ED0039EBEB17368013B8B
:1056700073609BB933689B68BB423FD1B368013B01
:10568000B3605BB933682349DA688A4204D15B6846
:1056900030469847E069D5E730469047E069D1E762
:1056A000F3F73EFCE369054653B910E0F3F738FC25
:1056B0006369401B98421FD206F0BCFEE36933B118
:1056C0005A78002AF2D013B15B78002BBFD10021A9
:1056D0002046FFF7EDFE12F087FB74220346002000
:1056E0001A6005B0F0BD33680A49DA688A420BD106
:1056F0005B6830469847B7E7E369E4E73046984788
:10570000BCE730469847AAE730469047ACE700BF71
:10571000090100001101000010B50B4682B05C6861
:1057200001A9437E0194FFF76FFF02B010BD00BFD7
:10573000F0B585B00B4F002604461546084641F2E9
:10574000883202A9CDE90276FEF752FF38B1039EF6
:105750002A46637E01A920460196FFF755FF05B052
:10576000F0BD00BFD0280020417EFFF7A1BE00BFE2
:10577000C3691BB35B6870B5044613B11868F6F7CC
:10578000C5F90023256AC4E90733B5B16B68013B4D
:105790006B6093B92B680D4A9B6893420FD1AB683D
:1057A000013BAB604BB92B680949DA688A4209D1E1
:1057B00028465B68BDE87040184770BD70472846B2
:1057C0009847ECE72846BDE8704010470901000003
:1057D0001101000020B584B00546FFF70BFC60B155
:1057E000EB69586848B10DF10E03002201210068F1
:1057F000F6F7AAFC18B9BDF80E0004B020BD0948A0
:1058000040F26D13084A094900902846FFF73CFB17
:10581000002011F0ABF8012001F030F92846FFF725
:10582000A7FFE8E7D0240020B4240020CC440020C7
:1058300010B584B00446FFF7DDFB60B1E36958683A
:1058400048B100220DF10E0300681146F6F77CFC0A
:1058500018B9BDF80E0004B010BD094840F26D1330
:10586000084A094900902046FFF70EFB002011F07E
:105870007DF8012001F002F92046FFF779FFE8E703
:10588000D0240020B4240020CC4400202DE9F04195
:1058900082B00746884615461E46FFF7ABFB044616
:1058A00048B1FB69586850B133462A464146006802
:1058B000F6F74AFC40B9204602B0BDE8F081044644
:1058C000204602B0BDE8F0810A4940F26D130A4A51
:1058D000384600910949FFF7D7FA002011F046F841
:1058E000012001F0CBF83846FFF742FF204602B016
:1058F000BDE8F081D0240020B4240020CC44002056
:1059000010B5002382B00446084601AA1946FFF7E5
:10591000BDFF38B9084B2046084A5B68C4E900233C
:1059200002B010BD01A803F057FA044BC4E90030DF
:10593000204602B010BD00BF5C9E0020D028002091
:1059400010B582B004460023084601AA0121FFF7E2
:105950009DFF38B9084B2046084A5B68C4E900231C
:1059600002B010BD01A803F037FA044BC4E90030BF
:10597000204602B010BD00BF5C9E0020D028002051
:105980001F4B00201F4A196810B51F4CC2E9004088
:105990004A1C1A60C1B11D4A1D491E4807F040F853
:1059A0001D4A1368591C11601BB3184A1B491C4837
:1059B00007F036F81B48EFF715FD144A1A49194845
:1059C000BDE8104007F02CB8184C4FF4EE7220469A
:1059D00011F016FE04F1440001F0C2F804F1CC000D
:1059E00001F0BEF804F5AA7001F0BAF8104B1C6083
:1059F000D1E7104C20461AF04FF80F4B1C60D4E74B
:105A00009CA000205C9E0020D0280020F076002082
:105A1000650B000000A3002080A200203D0B0000C9
:105A200028A30020E0A20020150B0000A4A0002065
:105A3000A0A0002088A2002084A2002038B5C3893D
:105A40000BB9012038BD0D46044601F08FFF2A46F0
:105A5000E189BDE8384002F015BA00BFC38970B5CE
:105A600015460BB9104670BD0E46044601F07EFF88
:105A70002B463246E189BDE8704002F0CDB900BF47
:105A800010B50446C08900B910BD01F06FFFE1896F
:105A9000BDE8104002F026BAC38903B9704710B5BB
:105AA000044601F063FFE189BDE8104002F0F8B957
:105AB00038B50D4B0446036012F096F9E38905688A
:105AC0002BB912F091F9034620461D6038BD01F054
:105AD0004DFFE18901F06AFF0023E38112F084F9B0
:105AE000034620461D6038BD442A002038B50D4BC2
:105AF0000446036012F078F9E38905684BB912F0A7
:105B000073F90346102120461D6005F0BDFF2046B5
:105B100038BD01F02BFFE18901F048FF0023E3814C
:105B2000EDE700BF442A002000224FF0010C418124
:105B30000273C28180F808C010B4034CC0E900426F
:105B40005DF8044B704700BF442A0020C389F0B5BC
:105B5000044683B00D4616466BB121B1007A10B1F0
:105B600063898B421DD012F03FF9E389076883B93E
:105B700012F03AF9076001F0F9FE3246294602F0C8
:105B80003DFE030C00F0010008BF002068B903B01F
:105B9000F0BD01F0EBFEE18901F008FF0023E38195
:105BA000E6E7237B9342DED1F1E7002DE381267304
:105BB00018BF1D4601236581237203B0F0BD00BFED
:105BC000027A02B9704700224189FFF7BFBF00BFC8
:105BD000CB8930B5044685B093B9242200212046F4
:105BE00011F00EFD434A4FF47A73012102F178005F
:105BF0002260A3606176C4E90403204605B030BD8D
:105C00000D4601F0B3FE01466846EA8901F09AFFAD
:105C1000394B1868FEF7EEFE009A002A3CD0019B33
:105C2000CDE9022313B15A6801325A6002A9204615
:105C3000FFF738F9039DA5B16B68013B6B6083B931
:105C40002B682E4A9B68934241D1AB68013BAB6005
:105C50003BB92B682A49DA688A4241D15B682846F9
:105C60009847019D002DC8D06B68013B6B60002BED
:105C7000C3D12B68214A9B6893422BD1AB68013B6F
:105C8000AB60002BB9D12B681D49DA688A4224D158
:105C90005B6828469847B0E7019D002D9DD06B6852
:105CA000013B6B60002B98D12B68144A9B68934290
:105CB00019D1AB68013BAB60002B8ED12B6810492A
:105CC000DA688A4212D15B682846984785E72846F9
:105CD0009847BAE728469847D0E7284690478CE788
:105CE00028469047BDE728469847E2E72846904770
:105CF00073E700BFB4290020D0A2002009010000F2
:105D0000110100001D4B19684A1C10B51A60C1B181
:105D10001B4A1C491C4806F083FE1C4A1368591C88
:105D200011601BB3164A1A491A4806F079FE1A4840
:105D3000EFF758FB124A19491748BDE8104006F022
:105D40006FBE174C4FF4EE72204611F059FC04F16F
:105D5000440000F005FF04F1CC0000F001FF04F561
:105D6000AA7000F0FDFE0F4B1C60D1E70E4C2046E0
:105D700019F092FE0D4B1C60D4E700BF9CA00020E0
:105D8000F0760020650B000004A3002080A2002014
:105D90003D0B00002CA30020E4A20020150B000006
:105DA000A4A00020A0A0002088A2002084A200209F
:105DB000B0F8500080B27047406900B1807A7047F7
:105DC000406900B1C07A7047C26D002A06DBD0E995
:105DD0001003181A824201D2801A704700207047BF
:105DE000C36D002B08DBD0E91012521A934203D284
:105DF0005A1CC265C85C70474FF0FF30704700BF47
:105E0000C36D002B06DBD0E91012521A934201D267
:105E1000C85C70474FF0FF30704700BF704700BF4D
:105E2000EAB138B5C36D0446002B16DB0846D4E949
:105E30001015A5EB010C63450FD2ACEB030C944598
:105E4000654628BF154620B119442A4611F05CFB6F
:105E5000E36D2B442846E36538BD002038BD10466D
:105E6000704700BF10B50446406930B1A37E2BB91E
:105E7000F9F7AEFB00236361238310BD064B04F1E9
:105E80001C011868FEF7CAFE044B002260695B68BB
:105E9000A2762362ECE700BFD0A20020649E00201F
:105EA00010B5044601F14C0002F096FF024B024689
:105EB0002046C4E9003210BDD028002090F86030A0
:105EC00053B14FF6E272D0E91A135B1A934203D82A
:105ED0004FF6E370C01A7047002070479A4254D0C2
:105EE0002DE9F84FA3EB0208174604460E46D0E909
:105EF0000152521B904517D8A5EB0109C84545D260
:105F0000A5EB080942462846494611F0FDFA6368A8
:105F1000B9EB06024344636067D1424639463046D6
:105F2000BDE8F84F11F0F0BAD0F800906FF00042E1
:105F3000A5EB0905531B98456DD8A845434638BFC6
:105F40002B46ED186AD2ADB9AA46B6EB090236D196
:105F5000394642465046D04402F040FF6768BF1BB6
:105F60004ED1B844B9F1000F38D1A560C4E900A8FA
:105F7000BDE8F88F954228BF1546284605F07EFDFE
:105F8000D4F8009082460544DFE7704707EB09012B
:105F90005A1A3BD1A8EB090028446060B9F1000F00
:105FA000E6D04A46314611F0AFFA636839463046CA
:105FB0004B444A466360BDE8F84F11F0A5BA0AEBBE
:105FC000020B4946504611F09FFA39464246584660
:105FD00002F004FF6768D844BF1B11D1A16848468E
:105FE000A1EB090105F050FDBFE7A81A314611F0F9
:105FF0008BFA424639463046BDE8F84F11F084BA74
:1060000031463A46404602F0E9FEAAE7284611F03A
:106010007BFA6568BEE7024806F030FD1546ACE73E
:106020001426002038B590F8604094B10D4691B127
:106030008AB10446C16E54F8683FCB1A20464FF629
:10604000E374E41A944228BF14462A462B19FFF73A
:1060500045FF204638BD0024204638BD406800B1C9
:10606000C07A7047406800B1807A70474369002B5E
:106070004BD0274B70B5044688B01868FEF7BAFCC1
:10608000216B00293CD0A36B013900202163591CEE
:106090005E01D4E90952521B05EB43135211B1FBC7
:1060A000F2FC02FB1C119A8A92B2A163A95BADF8C3
:1060B00014205D689A685860DE689860D860186936
:1060C00004909869DB690690206CA1870793A16C06
:1060D000A664C4E9105220B1091A05F0D5FCD4E930
:1060E0001052BDF81430501B0499A4F85030E164EC
:1060F000DDE9063263650023A265E36508B070BD83
:106100004FF0FF331846E365F8E74FF0FF30704774
:10611000D0A2002070B546690D4616B10120B572B7
:1061200070BD04462E20F9F799FA064660610028F2
:10613000F4D1054B1868FEF75DFC11F055FE0C22FA
:10614000034630461A6070BDD0A2002070B5466983
:106150000D4616B10120F57270BD04462E20F9F7E8
:106160007DFA064660610028F4D1054B1868FEF7F9
:1061700041FC11F039FE0C22034630461A6070BD16
:10618000D0A2002070B546680D4616B10120B57248
:1061900070BD04462E20F9F761FA064660600028BB
:1061A000F4D1054B1868FEF725FC11F01DFE0C22FA
:1061B000034630461A6070BDD0A2002070B5466814
:1061C0000D4616B10120F57270BD04462E20F9F778
:1061D00045FA064660600028F4D1054B1868FEF7C2
:1061E00009FC11F001FE0C22034630461A6070BD16
:1061F000D0A20020EAB138B5C36D0446002B16DBEF
:106200000846D4E91015A5EB010C63450FD2ACEBA1
:10621000030C9445654628BF154620B119442A460B
:1062200011F072F9E36D2B442846E36538BD002078
:1062300038BD1046704700BFF8B5436904464F6843
:10624000154663B16767A4F87850D4E91A329342CF
:1062500018BFE3660123184684F86030F8BD2E208D
:10626000F9F7FCF9064660610028EBD1054B186888
:10627000FEF7C0FB11F0B8FD0C22034630461A6051
:10628000F8BD00BFD0A20020F0B583B0184C0023A9
:1062900005461646084641F288326946CDE9004374
:1062A000FEF7A6F908B903B0F0BD6B69019F6BB1A9
:1062B0006F67A5F87860D5E91A32934218BFEB668C
:1062C0000123184685F8603003B0F0BD2E20F9F7A1
:1062D000C5F9044668610028EAD1064B1868FEF744
:1062E00089FB11F081FD0C22034620461A60DAE793
:1062F000D0280020D0A200201F4B70B503F1680207
:10630000054640692B602A6130B1AB7E3BBBF9F793
:106310005FF900236B612B83A86E18B1296F091AEE
:1063200005F0B2FB286C18B1A96C091A05F0ACFB9A
:10633000D5E90946B4420AD0636818461BB1E16842
:10634000C91A05F0A1FB2034A642F5D16E6A26B128
:10635000E96A3046891B05F097FB284670BD074B5C
:1063600005F11C011868FEF759FC054B002268690D
:106370005B68AA762B62CAE734290020D0A20020ED
:10638000649E002010B50446FFF7B6FF8C2120461E
:1063900005F07AFB204610BD2DE9F04F85B0BDF821
:1063A00038B0002945D005461746002A7BD09946CB
:1063B0008846F2F7B5FD2A6B0090D5E909431B1B0F
:1063C000B2EB631F4FEA631136D06B6B013204EB03
:1063D00043142A6301330026B3FBF1FC01FB1C3399
:1063E000D4E901206B63434B824226801B683E89BF
:1063F0002361A3614FF0000318BFA260A382E36191
:1064000056BBD9F800303846009A23613A4BA4F8BD
:1064100014B05B69E261A36198F80A30237098F8C0
:106420000B306370F3F7CEFFD5F888300133C5F831
:10643000883005B0BDE8F08FAB6BD5F88420013310
:106440000132C5F88420B3FBF1F201FB1233AB63D8
:106450006B6B04EB4314BDE7E36804F1040A9B1A79
:106460009E420BD83E46726850467389A168134419
:10647000FFF734FD3668002EF5D1C2E7A368304639
:106480009B1A019305F0FAFA0290D4E90132D21A6C
:10649000002A15DC5BBBDDE901321344164462605F
:1064A000A360E660DEE740690028C2D0AB7E93B906
:1064B000F9F78EF800236B612B8305B0BDE8F08FF0
:1064C0001946039311F020F8E168039BC91A184696
:1064D00005F0DAFADFE7094B05F11C011868FEF751
:1064E0009DFB074B68695B68AF762B62E0E7E1686C
:1064F000C91AECE7BC4B002000B30020D0A200205A
:10650000649E002090F86030002B3FD0D0E91A3113
:10651000F0B5C91A83B00446B1F5803F7AD28DB286
:106520004FF4207238202946F3F7B6FF06460028BC
:1065300053D0D4E91A13994204D02A46F4F7FAF951
:10654000074628BBB4F8783004F17402314660691C
:106550009BB20025F8F7AAFF0023A26E074684F835
:1065600060303046A4F86430E36EA4F878509A4264
:10657000304BC4F880501B6818BFE2666367E3675E
:10658000F3F720FFF7B9012003B0F0BD18467047BC
:1065900030460025F3F716FF0023A4F8785084F85E
:1065A0006030A4F86430234BC4F880501B68D4E9F1
:1065B0001A2163678A42E36718BFE2661E4A1068C1
:1065C000FEF718FA3846F9F787F8044611F00CFC84
:1065D000034628461C6003B0F0BDD4E91A320025FA
:1065E00084F860009342144AA4F8640018BFE3667C
:1065F000104B10681B68A4F878506367E367C4F811
:106600008050FEF7F7F911F0EFFB0C220346284605
:106610001A60B9E7094C4FF4C973094A0949009453
:10662000FEF732FC002010F0A1F9012000F026FA5C
:1066300003F0C2FCBC4B0020D0A20020B4230020F9
:106640009C230020CC4400202DE9F0410023064685
:10665000324A4FF47A70337332603383B376C6E9CB
:10666000013002F168002E4AC6E90403C6E9072397
:1066700000294BD0B1F1806F4CD24F01B8460025B4
:106680004046C6E90955F56205F0F8F900EB080344
:1066900004460744DFF89080F362706220222046AF
:1066A0000021144410F0ACFFD8F800304FF0000285
:1066B000A74224F80C5C44F8083C44F8045C44E924
:1066C000075544E90553E9D14FF0FF31A6F8505082
:1066D0003046B565B762A6F878503563B5877365FF
:1066E000F16586F86020A6F86450F367C6F880501C
:1066F000C6E90D55C6E91055C6E91253C6E91A5543
:10670000C6E91C53C6E92155BDE8F0814FF02008C9
:106710004746B4E7034806F0B1F900BF342900202A
:10672000D028002004240020BC4B002010B50446D3
:106730000121FFF789FF204610BD00BFF8B5057E97
:1067400004460F46164675B34069428A8A4202D112
:10675000627EB24225D0A37E002B3DD1F8F738FFF0
:106760000023636123832E20F8F778FF05466061DC
:1067700000284BD026B16B7A43F004036B72656935
:106780003A4627492846F8F733FD074688B90125D8
:1067900022462449606966762576F8F705FFC4E944
:1067A00021772846F8BD4569002DDCD0002EE7D0C2
:1067B000E1E7606930B1A37EDBB9F8F709FF002398
:1067C0006361238338460025F8F786FF044611F0FD
:1067D0000BFB04602846F8BD134B04F11C0118683C
:1067E000FEF71CFA114B002260695B68A2762362F7
:1067F000B4E70D4B04F11C011868FEF70FFA0B4BC0
:10680000002260695B68A2762362D6E7064B1868AF
:10681000FEF7F0F811F0E8FA0C220260C1E700BFC1
:10682000BC4B0020B1390100D0A20020649E0020A2
:106830000022FFF783BF00BFF8B514460D460022C3
:1068400021460446FFF77AFF08B90020F8BD124B35
:1068500029461F683846FEF7BFF9064620B10120D9
:10686000A0766B682362F8BD60690028EDD0A37E36
:1068700033B9F8F7ADFE0023184663612383F8BDF2
:1068800004F11C013846FEF7C9F9044B60695B68E6
:10689000A6762362EDE700BFD0A20020649E002010
:1068A0002DE9F84FD0E9007A88466FF00041AAEB55
:1068B00007038B424FD0012B93461A46064638BF3A
:1068C00001229C1843D2A8EB0705BCBBA1469BF84C
:1068D0000030002D09F8053020DCAAEB080A01354C
:1068E000BAF1000F4D4410DC554427B9B460C6E935
:1068F0000095BDE8F88FB168C91B384605F0C4F8AB
:10690000B460C6E90095BDE8F88F28464146524676
:10691000554402F063FA002FE8D0ECE7AAEB080A2E
:106920002A4639464846013510F0EEFDBAF1000F0F
:106930004D44EADCB1685544C91BDEE78C4228BFF0
:106940000C46204605F09AF881460444BFE70C4601
:10695000A8EB0705F5E7014806F090F84826002067
:1069600000B5034683B090F860008DF8071038B189
:106970004FF6E270D3E91A218A1A824203D9002025
:1069800003B05DF804FB1A6F914209D09DF807200F
:1069900001200A70DA6E0244DA6603B05DF804FB87
:1069A00003F168000DF10702FFF77AFF0120E7E726
:1069B0001F4B00201F4A196810B51F4CC2E9004048
:1069C0004A1C1A60C1B11D4A1D491E4806F028F82C
:1069D0001D4A1368591C11601BB3184A1B491C48F7
:1069E00006F01EF81B48EEF7FDFC144A1A49194838
:1069F000BDE8104006F014B8184C4FF4EE72204673
:106A000010F0FEFD04F1440000F0AAF804F1CC00FF
:106A100000F0A6F804F5AA7000F0A2F8104B1C6074
:106A2000D1E7104C204619F037F80F4B1C60D4E723
:106A30009CA00020649E0020D0280020F07600203A
:106A4000650B000008A3002080A200203D0B000081
:106A500030A30020E8A20020150B0000A4A0002015
:106A6000A0A0002088A2002084A20020014B18686A
:106A7000704700BF28B6002002F09EBC38B1044B1E
:106A8000421E012A98BF18460368DB681847704702
:106A9000106D002008B5EFF3058303B908BD134658
:106AA0000A460146074810F0E1FA074B9C220749C5
:106AB000074810F0DBFA00200FF058FF04F0B6FA98
:106AC00003F07AFAB8520020C85200201C5300206C
:106AD000CC44002008B501F06DFF00B108BDBDE851
:106AE000084018F0E1BF00BF08B501F063FF00B92E
:106AF00008BDBDE8084018F0DBBF00BF01F0C6BF0D
:106B000001F068BF80B1094BD3F83022D3F82032AE
:106B10004FEA122C4270190E43711A0C80F800C013
:106B20001B0A8170C2700371704700BF00441F4090
:106B300038B50A4D2B7803B938BD04460068F8F71C
:106B40001DFE00232B70236023710028F4D0F8F77A
:106B5000C3FD044611F048F9046038BDD0B60020EA
:106B600038B50025044640220530294640F8055C2A
:106B700000F8015C10F044FD4022294604F1450074
:106B800010F03EFD204684F88550A4F8865038BDAC
:106B9000F8B5194B1D686A1C1A604DB1174C184A9C
:106BA0001849194805F03CFF184B22681A60F8BDD7
:106BB000174E4FF4EE722946344606F5CC77304630
:106BC00010F01EFD656404F1490084F8485040222D
:106BD000002110F015FD04F18900883440220021C5
:106BE00010F00EFDBC4284F84150A4F84250E9D1A7
:106BF000024C2660D3E700BF9CA00020A0A000208C
:106C0000F0760020650B00000CA30020CCA2002031
:106C1000A4A0002000293BD082682DE9F843D0E9E8
:106C200000530C466FF00041D21A5D1B0646944299
:106C3000A1EB050023D9A04251D3AC42234638BF73
:106C40002B46EF184ED257BBB8460021012C08EB5B
:106C5000050008F8051001D0621E38D1D6E900926F
:106C6000A2EB0902002A23DCB9F1000F33D125443D
:106C7000C6F80080B76045447560BDE8F883002120
:106C80001846012C00F8011B03D17060BDE8F883A1
:106C90007047621E03EB040515D12846F5E78F42C5
:106CA00028BF0F46384604F0E9FE80460744CCE78B
:106CB0004946404610F028FCB168A1EB090148465E
:106CC00004F0E2FED3E710F09BFC2846DDE701303C
:106CD00010F096FCC2E7B168A1EB0901EFE70248AA
:106CE00005F0CCFE0F46DDE72C2600201D4B196871
:106CF0004A1C10B51A60C1B11B4A1C491C4805F05A
:106D00008FFE1C4A1368591C11601BB3164A1A499E
:106D10001A4805F085FE1A48EEF764FB124A194935
:106D20001748BDE8104005F07BBE174C4FF4EE72DB
:106D3000204610F065FC04F14400FFF711FF04F158
:106D4000CC00FFF70DFF04F5AA70FFF709FF0F4B0A
:106D50001C60D1E70E4C204618F09EFE0D4B1C60C7
:106D6000D4E700BF9CA00020F0760020650B000057
:106D700010A3002080A200203D0B000034A30020BF
:106D8000ECA20020150B0000A4A00020A0A0002071
:106D900088A2002084A20020074B5A68920100D4E8
:106DA00070474FF00070054A00215860BFF35B8FB9
:106DB0001170BFF35B8F704700802D4080B50020BD
:106DC000024B1878B0FA80F040097047EFB6002007
:106DD000FFF798BE0D4BDA6E034612F4406014D0F4
:106DE0000B49D1F8E420D1F8E8104FEA126CDA70C0
:106DF000100C83F800C0120A4FEA116C5870090C8D
:106E000001209A7083F804C05971704700C00F4088
:106E100000802D400C4BDB6E13F4406312D072B631
:106E2000036848F6080209491BBAC1F8E4304379FF
:106E300000791B0443EA00631A43C1F8E82062B6F4
:106E4000012070471846704700C00F4000802D4059
:106E500010B5094C2378012B04D0023B022B03D838
:106E6000012010BD002010BD18F00AFE2078013866
:106E700018BF012010BD00BFEFB60020704700BF53
:106E800070B5664D82B02B68002B60D100294AD0C6
:106E9000092958DC62490A68144606E063889D04A3
:106EA00054BF20345F4CA2424DD063881804F5D4FF
:106EB00053889B0474D4203260880A6010F0370035
:106EC0006CD121884FF4C17289B2F3F7E5FA054617
:106ED000002863D0028961681F3221F01F0322F06D
:106EE0001F020A44BFF34F8F4FF0E021C1F85C3F0F
:106EF00020339A42FAD8BFF34F8FBFF36F8F616888
:106F000028462A89F3F716FD002877D163884FF0C9
:106F10008071454A284603F4005343F400436380DC
:106F2000116102B070BD414A4FF00101BFF35B8FA8
:106F3000D2E84F3FC2E8401F0028F9D1DBB2BFF3CF
:106F40005B8F002BA6D00025284602B070BD384AC2
:106F50001278042A1FD1012B24D0022B09D1324BE5
:106F60005A68160248D51C6C324A14804FF400024D
:106F70005A60314B1C7890F83D30C3F38003A34234
:106F800009D024BB2D4B1B782BB90191F3F7C8F81E
:106F90002346019900E000232B6077E70025B5E741
:106FA000204A89E7204A54682602F5D5136C224E00
:106FB00003F00403002B4FF4000314BF012400244A
:106FC00053603470D7D053601D4B1364C7E7194B1F
:106FD0001C4A1B88019113F0020F14BF0A24642479
:106FE0001460C3F38004C3F3803314719371F3F717
:106FF0005FF800230199CFE70223CDE7124B40F25F
:10700000A6221249124810F031F800200FF0AEFC11
:107010000120FFF733FD02F0CFFF00BF08B50020CD
:10702000647D0020C082002000802D4080B50020BB
:10703000EFB60020AEB60020E8B60020F1B6002082
:107040000000426060B5002080450020D845002047
:10705000CC44002038B52F4B2F4D1A782B68042ACA
:1070600027D1012B28DD022B28D12C4B5A68120284
:107070002ED5196C2A4A11804FF40001294A596013
:10708000147890F83D30C3F38003A34211D0C4B10B
:10709000234B254A1B8813F0020FC3F38004C3F36C
:1070A000803314BF0A216421147111609371F2F7C7
:1070B000FFFF00242C6038BD002B0BDA194B1C7825
:1070C000DFE71A4B1B78002BF3D1F3F729F8F1E730
:1070D0000224EFE7012B05D0104B4FF40001144AB6
:1070E00059601A640D4B5A68110210D51A6C4FF48E
:1070F000000102F004025960002A0A4A14BF012468
:1071000000241470BDD00B4A59601A64ADE7012405
:10711000D0E700BFEFB6002008B5002000802D406A
:10712000AEB60020E8B6002060B50020F1B6002021
:10713000000006600000426070B51F4D06462C68D6
:1071400063881B04FCD40023616832893046F3F75E
:10715000BBFB338983422BD100F11F02616822F00F
:107160001F0221F01F030A44BFF34F8F4FF0E021AD
:10717000C1F8703F20339A42FAD8BFF34F8FBFF364
:107180006F8F20804FF0807163880C4A03F40053A6
:1071900043F40C4363805161608810F4005003D0C5
:1071A000074B00202B6070BD2B6820332B6070BD17
:1071B0006FF0010070BD00BF687D002000802D4091
:1071C0008083002000284DD04FF0FF3230B5851D60
:1071D0008646254C1EF8013B4FF0080C5A4042F3FE
:1071E0000003BCF1010C03EA040383EA5202F6D166
:1071F000AE45EFD1C2F3846401230078002A03FA7C
:1072000004F300F0010011DB00281848184C08BFF7
:1072100004461848184A08BF024691B1106818423F
:107220001BD0226808461A43226030BD002813484C
:10723000134C08BF04461348134A08BF02460029EE
:10724000ECD12168106861EA0301014011602268F5
:1072500013420CBF0120002030BD146808462343B0
:10726000136030BD704700BF2083B8ED68AC0020CC
:1072700060AC00201C812D4024812D406CAC00208E
:1072800064AC002018812D4020812D40704700BF44
:1072900010B50446282104F0F7FB204610BD00BFBE
:1072A000282104F0F1BB00BF064B994210B500F154
:1072B0000C0405D0084605F025FC002808BF002472
:1072C000204610BDF42A002008B540F29512064B66
:1072D000064907480FF0CAFE00200FF047FB0120C7
:1072E000FFF7CCFB02F068FE242500208425002057
:1072F000CC440020012A38B5044603D10B68036052
:10730000002038BD022A0CD0032A03D0002AF7D16E
:107310000260F5E700680028F2D00C2104F0B4FB0D
:10732000EEE70D680C2004F0A9FB034695E8070082
:10733000236083E80700E3E7012A02D1016000200F
:107340007047022A05D0032AF9D0002AF7D102603B
:10735000F5E70B880380F2E7012A38B5044603D12C
:107360000B680360002038BD022A0CD0032A03D02A
:10737000002AF7D10260F5E700680028F2D00C215E
:1073800004F082FBEEE70D680C2004F077FB034667
:1073900095E80700236083E80700E3E730B40C1AA0
:1073A000034608464FEA641CBCF1000F3DDD03EBC9
:1073B0004C1C14680BE09D68AC420ED01D69AC42B9
:1073C0000FD09D69AC4210D020339C4511D01D6870
:1073D000A542F0D1184630BC704703F1080030BC1C
:1073E000704703F1100030BC704703F1180030BC47
:1073F0007047CC1AE410022C0BD0032C0FD0012CB8
:10740000E9D112681C68944214BF0846184630BC83
:107410007047126818689042DCD00833F2E71268AF
:1074200018689042D6D00833F4E7E410E3E700BFD1
:107430002DE9F04FD0E90473002104469F424368D0
:1074400083B018BF47619D68C1601E695B68E81A18
:10745000864202D303B0BDE8F08F1E44D4F81480F6
:10746000B542F7D0A369AD1BA3EB08039D4208D832
:107470002A463146404610F047F863692B44636161
:10748000E8E7A8EB070A6FF00042A2EB0A039D426F
:107490004CD8AA45534638BF2B4613EB0A0343D2B8
:1074A000ABB999469B46BAF1000F1DD131462A4629
:1074B00058465D4401F092FC6369B3EB08062CD199
:1074C000554427BBC4F81890C4E904B5C2E79342F9
:1074D00028BF13469946484604F0D0FA27698346E8
:1074E0008144A8EB070ADEE70BEB0A035246394654
:1074F0005846019310F008F8019B31462A46184679
:107500005D1901F06BFC6669B6EB080605D1A1694F
:107510003846C91B04F0B8FAD4E74146284632463B
:10752000B24601F05BFCCBE79146D4E7014805F099
:10753000A5FA00BF142600209A4254D02DE9F84F36
:10754000A3EB0208174604460E46D0E90152521B2F
:10755000904517D8A5EB0109C84545D2A5EB080908
:107560004246284649460FF0CFFF6368B9EB060252
:107570004344636067D1424639463046BDE8F84F20
:107580000FF0C2BFD0F800906FF00042A5EB0905E4
:10759000531B98456DD8A845434638BF2B46ED1878
:1075A0006AD2ADB9AA46B6EB090236D1394642468F
:1075B0005046D04401F012FC6768BF1B4ED1B8445E
:1075C000B9F1000F38D1A560C4E900A8BDE8F88F73
:1075D000954228BF1546284604F050FAD4F800908A
:1075E00082460544DFE7704707EB09015A1A3BD191
:1075F000A8EB090028446060B9F1000FE6D04A46C4
:1076000031460FF081FF6368394630464B444A46A5
:107610006360BDE8F84F0FF077BF0AEB020B4946F5
:1076200050460FF071FF39464246584601F0D6FBEE
:107630006768D844BF1B11D1A1684846A1EB090176
:1076400004F022FABFE7A81A31460FF05DFF424668
:1076500039463046BDE8F84F0FF056BF31463A463E
:10766000404601F0BBFBAAE728460FF04DFF6568D6
:10767000BEE7024805F002FA1546ACE714260020E2
:1076800030B50446C06983B018B1616A091A04F0C4
:10769000FBF92469FCB100212068F3F7E9FDE369F7
:1076A00063B104F11405236A01A90194284698479F
:1076B000E3691BB10322294628469847606818B140
:1076C000E168091A04F0E0F92421204603B0BDE87E
:1076D000304004F0D9B903B030BD00BF30B50D68FB
:1076E00083B0044600220DF1060301212846F4F779
:1076F0002BFD60B9BDF8063022889A4201D003B054
:1077000030BD284603B0BDE83040F7F783B8FFF737
:10771000DBFD00BFF8B50746C06818B17969091AE2
:1077200004F0B2F9D7E90056B54215D06C680835B7
:107730007CB163682046013B636053B923689B6852
:107740009847A3682046013BA36013B92368DB6810
:107750009847AE42EAD13E6826B1B9683046891BE7
:1077600004F092F93846F8BD30B50D6883B004686E
:1077700000220DF1060301212846F4F7E5FC98B933
:10778000BDF8063022889A4201D003B030BD62684D
:107790000120B5F86430A1681488A34228BF2346AD
:1077A0001380087003B030BDFFF78EFD002939D07B
:1077B000002A0CBF01230023F0B5144683B00270E9
:1077C000437026D00E46456800214160DDB128682F
:1077D000F3F74EFDEB6963B105F114072B6A01A9BC
:1077E000019538469847EB691BB103223946384664
:1077F0009847686818B1E968091A04F045F9242126
:10780000284604F041F90F3403D03046F4F75AFB10
:1078100010B9002003B0F0BD3046F4F777F96FF0EF
:107820000C00F7E76FF00F00704700BF30B50C6831
:1078300083B0056800220DF1060301212046F4F70C
:1078400083FC00BBBDF806302A889A4208D1B4F800
:1078500064302A8993420DD39A4228BF1A460AB946
:1078600003B030BD01236968204603B0BDE8304055
:10787000F6F72EBA2046F6F7CDFF0028F0D1B4F87F
:1078800064302A89E8E7FFF71FFD00BF002832D0E7
:10789000B1FA81F342685B0930B5044683B00170E8
:1078A000437002B109B903B030BDFFF7C1FD65688F
:1078B00000216160002DF6D02868F3F7D9FCEB6950
:1078C00063B105F114042B6A01A90195204698477C
:1078D000EB691BB10322214620469847686818B11E
:1078E000E968091A04F0D0F82421284603B0BDE85D
:1078F000304004F0C9B87047012A38B5044603D1B6
:107900000B680360002038BD022A1FD0032A03D071
:10791000002AF7D10260F5E70468002CF2D0A568D0
:107920007DB16B68013B6B605BB92B6828469B6837
:107930009847AB68013BAB601BB92B682846DB68F6
:1079400098470C21204604F09FF8DBE70D680C20D7
:1079500004F094F8AB68D5E900128360C0E9001226
:1079600013B15A6801325A602060CBE70B490B68AB
:1079700013F0010301D00A48704710B508480124EC
:10798000084A0C600849C0E90033C0E90233C0E985
:10799000043305F045F8024810BD00BFE49A00200A
:1079A0008CA70020F07600202D4D01002DE9F0413C
:1079B000D0E9034882B00746A8EB04030D461E1128
:1079C000002E40F3A58004EB06162DE0606860B140
:1079D0000DF1020300220121F4F7B6FB002840F06C
:1079E0009980BDF802309D4243D0A06858B101ABE8
:1079F00000220121F4F7A8FB002840F08B80BDF89D
:107A000004309D4242D0E06858B10DF106030022D7
:107A10000121F4F799FB00287CD1BDF806309D4286
:107A200036D01034B4423CD020680028CED06B460B
:107A300000220121F4F788FB00286BD1BDF800304B
:107A40009D42C3D13A69A24217D0214651F8045B46
:107A50008A4204D0521A20460FF056FD3969043983
:107A600028463961F4F72EFAA0B9012002B0BDE82A
:107A7000F08104343A69A242E7D110F0B5F98022CE
:107A8000034600201A6002B0BDE8F0810834D9E74F
:107A90000C34D7E72846F4F739F8012002B0BDE8E6
:107AA000F081A8EB04039B10022B13D0032B03D00F
:107AB000012B12D04446C5E7206850B10DF10203F6
:107AC00000220121F4F740FB98BBBDF802309D4233
:107AD000B8D00434206880B9043420680028E9D084
:107AE0000DF1060300220121F4F72EFB08BBBDF8BF
:107AF00006309D42A6D04446A4E701AB00220121F6
:107B0000F4F722FBA8B9BDF804309D42E4D199E70F
:107B10009B10C9E7084B40F29512084908480FF03E
:107B2000A5FA00200EF022FF0120FEF7A7FF02F0C9
:107B300043FAFFF7C9FB00BF24250020842500205D
:107B4000CC4400202DE9F04FD1E9004A83B08846AB
:107B5000AAEB0403814616465F11002F40F3D9803B
:107B600004EB471736E0D4F808B0DBF804506DB1E9
:107B70000DF10203002201212868F4F7E5FA00283C
:107B800040F0D280BDF802309E424ED02569686830
:107B900060B101AB002201210068F4F7D5FA00289A
:107BA00040F0C280BDF804309E4252D0A56968689A
:107BB00068B10DF10603002201210068F4F7C4FA50
:107BC000002840F0B180BDF806309E424AD02034F3
:107BD000A74250D0D4F800B0DBF80450002DC2D03A
:107BE0006B46002201212868F4F7AEFA002840F025
:107BF0009B80BDF800309E42B5D1DBF80420D2E96D
:107C0000011312695B1A9A42ADD2D8F80430A3422C
:107C100018D0D4E90023C9E9002313B15A6801320E
:107C20005A60484603B0BDE8F08FDBF80420D2E983
:107C3000011312695B1A9A42A8D20834D8F80430AA
:107C4000A342E6D100234846C9E9003303B0BDE8AA
:107C5000F08F6A68D2E9011312695B1A9A42A5D2C1
:107C60001034D2E76A68D2E9011312695B1A9A42AA
:107C7000ADD21834C9E7AAEB0403DB10022B16D0EF
:107C8000032B03D0012B16D05446BEE725686B6842
:107C900063B1186800220DF102030121F4F754FAD0
:107CA000002850D1BDF802309E4234D008342568F7
:107CB0006B68D3B9083425686B68002BE4D018686A
:107CC00000220DF106030121F4F73EFA00283AD113
:107CD000BDF806309E42D7D16A68D2E90113126915
:107CE0005B1A9A4291D354468FE71868002201AB81
:107CF0000121F4F729FA30BBBDF804309E42D9D1F6
:107D00006A68D2E9011312695B1A9A42FFF47DAFE7
:107D1000D0E7DB10B2E76A68D2E9011312695B1A97
:107D20009A42FFF472AFC1E7084B40F2951208493E
:107D300008480FF09BF900200EF018FE0120FEF716
:107D40009DFE02F039F9FFF7BFFA00BF242500209D
:107D500084250020CC4400202DE9F0410F4688B056
:107D6000D0E9003199424CD00833002500E0134699
:107D700053F8082C526832B10B2D04D800EB85045F
:107D800012680135A261994203F10802EFD1002285
:107D900000F11804E846BB68009204EB85060392E4
:107DA000C8E9012283B30222394640469847A642D9
:107DB000D7E90232CDE9023229D054F8042B0492DB
:107DC0003BB304AD039B404629469847A642029B1D
:107DD000F3D1002203990492C5E90122079183B1EE
:107DE000CDE9022298E80300032285E80300069308
:107DF000294628469847029B1BB10322414640462C
:107E0000984708B0BDE8F081A642D6D1F9E704ADA5
:107E1000DFE704F067FE00BF2DE9F0414FF6FF7485
:107E200084B080460C20A3420F46164628BF234646
:107E30001D460023CDE90033CDE9023303F01EFED9
:107E40000D4B04466946039340460C4B2780666001
:107E5000258102930094FFF77FFF029B1BB16946C7
:107E6000032208469847064B1868FCF7C3FD2846CE
:107E700004B0BDE8F08100BF454E0100714901002A
:107E8000D0A2002000B583B0944601230DF1070273
:107E90008DF807C0FFF7C0FF03B05DF804FB00BF1B
:107EA00000B5002385B00C4ACDE900330B4BADF88B
:107EB00000106946CDE90232FFF74EFF029B1BB16D
:107EC0006946032208469847054B186805B05DF8D7
:107ED00004EBFCF78FBD00BFF54C010051490100D8
:107EE000D0A2002030B5002387B04FF6FF720546C0
:107EF0000C200C46ADF806208DF805300293059352
:107F0000CDE9033303F0BAFD0DF1060103460DF18F
:107F100005022846596002A99A601C80094A02930A
:107F2000094BCDE90432FFF717FF049B1BB102A9EF
:107F30000322084698479DF8050008B1BDF80600E1
:107F400007B030BD814D01000D4901002DE9F04120
:107F50000D1E2CDB0668044683689B1BAB4201D3D5
:107F6000BDE8F0814268921B9046DDB1284603F0DF
:107F700085FD266862680746921B002A08DC9EB9C8
:107F800007EB08033D44C4E90073A560BDE8F08138
:107F9000314638460FF0B8FAA168891B304603F025
:107FA00073FDEDE72F46E8E7A168891BF6E7014876
:107FB00004F064FD64260020002900F0B1802DE962
:107FC000F047044682B00F46164698460370002AD2
:107FD00038D0002B36D101234568437055B328694A
:107FE00005F10408B6F808E0D5F804C0D5E9022385
:107FF0009B1A1146A2EB0C0A03EB0009CE4500F2D6
:10800000988073450AD2BAEB000A66D162452A46C7
:108010001CBF6146C5F808C000231361344600E068
:10802000A9686268404663891344FFF785FA2468AB
:10803000002CF5D138463189F2F7C6FF3046F2F709
:10804000C1F943E0002363706368002B42D02046EF
:10805000FFF7EEF99EB104F1100935466A6848460B
:108060006B8961691344FFF767FA2D68002DF5D11C
:1080700038463189F2F7A8FF3046F2F7A3F9656870
:1080800000216160DDB12868F3F7F2F8EB6963B1B4
:1080900005F114042B6A01A9019520469847EB6964
:1080A0001BB10322214620469847686818B1E96849
:1080B000091A03F0E9FC2421284603F0E5FC18F135
:1080C0000F0F03D03846F3F7FDFE60BB002002B06F
:1080D000BDE8F087002EF2D0CAE70CEB0001531A7E
:1080E0000FD1A2EB0C0311469A4502D810D3626857
:1080F00092E7AAEB03014046FEF78CFD6268A9688F
:108100008AE760461A460FF0FFF9D5E901C2E8E7B1
:108110000CEB0A03626899421CBF1946AB607BE70F
:108120006FF00F0070473846F3F7F0FC6FF00C006B
:10813000CDE738461FFA89F1F2F746FF6FF00400E9
:10814000C5E700BF2DE9F04FD0E900B385B0884600
:108150000E466FF070410293A3EB0B03B1EBE30FFC
:108160007CD01546DA108246A8EB0B07012A13468D
:1081700038BF01239B186FD2002B60D108240193D4
:108180000093009A2B68D119D3516A684A6012B1E2
:10819000536801335360D8452CD00BF108075D4676
:1081A000009C4FF00009039600E01C4657F8083C7D
:1081B000C4E900396B68C5F8049063606E6847F8DD
:1081C000089C7EB17368013B73605BB933683046CD
:1081D0009B689847B368013BB3601BB9336830466E
:1081E000DB689847083504F1080308374545DCD1BA
:1081F000039E1034029B98451FD0A3EB080804EBA4
:1082000008050834D6E90023AC4206F1080644E923
:108210000223F6D1BBF1000F06D0DAF80810584659
:10822000A1EB0B0103F030FC009BCAE90035019B78
:10823000CAF8083005B0BDE8F08F2546EAE78B4262
:1082400028BF0B46DC00204603F018FC0219009002
:1082500000F10804019294E7024CF4E7024804F0AC
:108260000DFC00BFF8FFFF7F482600202DE9F041FC
:108270000D4686B00646D0E90113994265D0D5E98E
:108280000023C1E9002313B15A6801325A60083152
:108290007160D5E90084002C49D0636802ADD8F83C
:1082A00004700C2001336360002302930593C5E939
:1082B000013303F0E3FB636884600133C0E90068C5
:1082C00063606A4607F114030290DFF88CC0214E08
:1082D00095E8030082E8030093E8030085E80300C3
:1082E00092E8030083E80300FB693A6AC7F81CC000
:1082F00004933E6205921BB1032229462846984703
:1083000094B16368013B636073B9236820469B683E
:108310009847A368013BA36033B923682046DB6814
:1083200006B0BDE8F041184706B0BDE8F08102ADE7
:10833000D8F804700C2002940594C5E9014403F0B8
:108340009DFB8460C0E90068BBE72A46FFF7FAFEA0
:108350009FE700BF215D0100114F0100002900F0DF
:1083600091802DE9F0430E4685B0144652B10F348A
:1083700004D00846F3F7A6FD00287DD1002005B003
:10838000BDE8F0838046282003F078FB01230546F2
:108390003E4A07460390C0E9013345F80C2BC46000
:1083A0000295C5E90244437304614462C0E907448D
:1083B000242003F063FB294605460462C0E90064FB
:1083C000C0E90244C0E90444C0E906443046F2F77B
:1083D0004FFF41F2D061281DFFF7B8FDD7F810908C
:1083E0003D61B9F1000F23D02146D9F80000F2F722
:1083F0003FFFD9F81C307BB109F11404D9F82030C3
:1084000001A9CDF8049020469847D9F81C301BB13B
:108410000322214620469847D9F8040020B1D9F814
:108420000C10091A03F030FB2421484603F02CFB02
:108430000023174930463B75F2F752FF1549304685
:10844000F2F726FF02A94046FFF710FF039C002C1D
:1084500094D06368013B6360002B8FD12368204672
:108460009B689847A368013BA360002B86D12368D3
:108470002046DB68984781E73046F3F747FB6FF00B
:108480000C007CE76FF00F00704700BFB82A002097
:10849000A54E0100D15501002DE9F04F054687B0EA
:1084A00016467AB300208B469A46F3F729FC074616
:1084B000D0B100226849F2F765FC044660B3384643
:1084C000F3F724FB654B1868FCF794FA2046F7F79E
:1084D00003F904460FF088FC00230460C5E900336B
:1084E000284607B0BDE8F08F5C4B1868FCF782FAAD
:1084F0000FF07AFC0C2303602846C5E9007707B02B
:10850000BDE8F08F554B1868FCF774FA2846C5E9AA
:10851000006607B0BDE8F08F282003F0AFFA012312
:10852000814680460590C0E901334D4B49F80C3B2C
:10853000C460CDF81090C9E9024404614462C0E906
:108540000744242003F09AFA494681460462C0E9B0
:108550000074C0E90244C0E90444C0E90644384656
:10856000F2F786FE41F2D06109F10400FFF7EEFC5C
:10857000D8F81030C8F8109013B31868214601934A
:10858000F2F776FE019BDA6972B103F114091A6AF7
:10859000039303A948469047019BDC6924B1032259
:1085A00049464846A047019B586828B1D9680193BD
:1085B000091A03F069FA019B1846242103F064FAB2
:1085C00001232849384688F81430F2F789FE2649F5
:1085D0003846F2F75DFE52463146244B3846F2F7F4
:1085E00035FD044658B33846F3F790FA1B4B18682C
:1085F000FCF700FA2046F7F76FF804460FF0F4FB9B
:1086000000220460D8F80430013BC5E90022C8F814
:108610000430002B7FF464AFD8F8003040469B68EC
:108620009847D8F80830013BC8F80830002B7FF491
:1086300057AFD8F800304046DB68984750E75846B7
:1086400004A9FFF713FE2846DDE90423C5E900234A
:1086500007B0BDE8F08F00BFBC4B0020D0A20020C7
:10866000B82A0020A54E0100D1550100C54D0100DA
:108670002DE9F843426801F10803814688469A4291
:1086800025D0D31A002B4FEAE3063ADD01F110049E
:10869000002754F8043C54E9035244E9027744E9C2
:1086A000042308347DB16B682846013B6B6053B9E5
:1086B0002B689B689847AB682846013BAB6013B9B1
:1086C0002B68DB689847013EE3D1D9F80430A3F169
:1086D000080253F8044CC9F804207CB16368013BDC
:1086E00063605BB9236820469B689847A368013B99
:1086F000A3601BB923682046DB6898474046BDE865
:10870000F8831346E3E700BF026810B552F8044B44
:10871000D4E90001FEF742FE814203D00146204623
:10872000FFF7A6FF10BD00BF2DE9F84FD0E9008983
:108730000F4692466FF06041A9EB0802B1EBA20F21
:1087400054D093100646A7EB0805012B1A4638BFF4
:1087500001229C1848D2002C3CD1A346DAF8003004
:10876000002D4BF8053024DCA9EB07090435B9F1DD
:10877000000F5D4413DC4D44B8F1000F04D1B46028
:10878000C6E900B5BDE8F88FB168A1EB0801404625
:1087900003F07AF9B460C6E900B5BDE8F88F284661
:1087A00039464A464D4400F019FBB8F1000FE6D0B7
:1087B000EAE7A9EB07092A464146584604350EF078
:1087C000A3FEB9F1000F5D44E9DCB1684D44A1EBB3
:1087D0000801DCE78C4228BF0C46A400204603F0C9
:1087E0004DF983460444B9E7024CF7E7024804F028
:1087F00045F900BFFCFFFF7F48260020F0B585B09B
:1088000006462E200D461746F3F77AFA04460290E4
:1088100000284DD01FB1437A43F0040343722A4627
:1088200033492046F2F7AEFA8DF80500E0B90DF1B4
:108830000502FF212046F2F70DFB0746A0B102908A
:10884000D6E9041399423DD041F8040B3161314619
:108850003846F2F70DFD27493846F2F769FDADF8C5
:108860000650D5B1012410E020460025F3F74EF95B
:10887000214B2C461868FCF7BDF89DF90500F6F76A
:108880002BFF06460FF0B0FA06608DF80C40BDF8DD
:108890000C0040EA054005B0F0BD0DF106032A4684
:1088A00001213846F3F750FC98B9BDF80650D9E7D6
:1088B000114B25461868FCF79DF80FF095FA0C232C
:1088C0000360E2E702AA06F10C00FFF72DFF029F0A
:1088D000BDE70A4B40F2871209490A480EF0C6FB71
:1088E00028460EF043F80120FEF7C8F801F064FBBB
:1088F000BC4B002075590100D0A200202425002087
:1089000084250020CC4400201D4B19684A1C10B55A
:108910001A60C1B11B4A1C491C4804F081F81C4A6A
:108920001368591C11601BB3164A1A491A4804F0FF
:1089300077F81A48ECF756FD124A19491748BDE86E
:10894000104004F06DB8174C4FF4EE7220460EF054
:1089500057FE04F14400FEF703F904F1CC00FEF7E2
:10896000FFF804F5AA70FEF7FBF80F4B1C60D1E787
:108970000E4C204617F090F80D4B1C60D4E700BF5A
:108980009CA00020F0760020650B000014A30020BE
:1089900080A200203D0B000038A30020F0A20020A0
:1089A000150B0000A4A00020A0A0002088A2002099
:1089B00084A20020064BD3F8800010F4405006D06B
:1089C000A3F54033186880F40050C0F3403070477E
:1089D00000C00F40284B1A682DE9F04FD20483B035
:1089E0008246019107D54FF48051244A1960D96F0E
:1089F0001B6C00231360019E66B3DFF88080DFF8F4
:108A000088901F4DD8F80070A5EB09051A4C2FBBB4
:108A1000236813F4A05FFBD02368DB0422D4194B36
:108A200003F14001EA5843F8042F8B42FAD1236C3A
:108A300049464027B742BB46504628BFB3465A4630
:108A4000A7EB0B0700F0CAF9B6EB0B06DA44C8F83F
:108A50000070DCD1019803B0BDE8F08FC7F1400190
:108A60004944E7E7019A4FF48053921B0192019821
:108A7000236003B0BDE8F08F00C00C4040B500207B
:108A800044C00C40FCA8202000A92020042100B5EF
:108A900083B00DEB0100FFF79DFF042803D101987F
:108AA00003B05DF804FB0FF09FF90B220346002092
:108AB0001A6003B05DF804FB2DE9F04F91B0AC4DA6
:108AC000AC4E099005911068516807930AABDFF826
:108AD000B0B2DFF8B092DFF8B0A2A74FDFF8AC82F7
:108AE000A64C03C39068D16803C31A9B0A98083345
:108AF00080EA0B0B4740DB0808930D9B5D405E400E
:108B0000089BDDE90B12012B81EA090982EA0A0AB6
:108B100081EA080884EA020400F02681A3F1020E2B
:108B2000DDF81CC00EABCDE901CEDDF824C0069304
:108B3000019A069B1068516803C30E9B5C40039327
:108B40000F9B5E400493BCF1000F46D043460020CB
:108B5000E0461BEB0A0C4FEA04424FEA453E00F1A7
:108B6000010049EB050BE11942EA164246EB030707
:108B700036044FEA4A334A4046EA14464EEADA4E91
:108B80007E4043EAD5438EEA0B0E1BEB020B83EAD1
:108B90000C034FEA46544CEB06094FEA4E4513EBE3
:108BA000010C44EAD2244FEA434A4FEA42524EEBC8
:108BB000070145EAD335804542EAD6220F464AEA04
:108BC000DE3A84EA090685EA010582EA0B048AEAAC
:108BD0000C0A6346BDD1C4469846039B019A83EABA
:108BE0000B0B049B083283EA0909029B0192013BAB
:108BF000029301339CD1089B079A013B02EBC3030C
:108C000007931A9B1B060F931A9B03F0070200237E
:108C1000DDE906010E9300F0E1F80E980F9B099A2A
:108C200044405E40002A47D001904FF0000C1046AF
:108C300002931AEB0B0E4FEA04420CF1010C49EBC4
:108C4000050BE31942EA164248EB0601360446EAF0
:108C5000144682EA03046A0386EA010742EADA421A
:108C60004FEA4A3A82EA0B027E054AEAD54A1BEBF2
:108C7000040B4FEA42458AEA0E0A4EEB070946EA20
:108C8000D4261AEB030845EADA354FEA445486EA5B
:108C900009064FEA4A4A42EB010344EAD7246045F9
:108CA0004AEAD23A85EA030584EA0B041F468AEAB7
:108CB000080ABED1DDE90103059A80EA0B0083EAC8
:108CC000090387F0FF07002A43D04FF0000C31461C
:108CD0001AEB000E4FEA45364FEA014B0CF1010C3E
:108CE00045EB03003F194FEA044348EB01094FEA03
:108CF0004A3246EADA464BEA144B43EA114346400D
:108D00008BEA090B42EAD5427B40750482EA0E02E7
:108D10004FEA4B51C0184FEA435441EAD3214FEA7E
:108D2000424A4EEB0B0345EAD23512EB0708059A8F
:108D300044EADB2446EB09074AEAD63A624584EA6C
:108D4000000481EA03018AEA080A85EA0705BFD11F
:108D50000E4680EA0A006B40784083EA08016040D2
:108D6000714011B0BDE8F08F0EAB069349E700BF2C
:108D700061726F64626465746172656E7365747943
:108D800075657370656D6F736D6F646E6567796C13
:108D90000A4A1368591C10B511604BB1084C094AB6
:108DA00009490A4803F03CFE094B22681A6010BDCD
:108DB000FDF790FE024C074B2360F0E780A20020F5
:108DC00084A20020F07600203D0B00003CA3002090
:108DD00018A3002088A2002000687047844641EA5A
:108DE000000313F003036DD1403A41D351F8043B23
:108DF00040F8043B51F8043B40F8043B51F8043B75
:108E000040F8043B51F8043B40F8043B51F8043B64
:108E100040F8043B51F8043B40F8043B51F8043B54
:108E200040F8043B51F8043B40F8043B51F8043B44
:108E300040F8043B51F8043B40F8043B51F8043B34
:108E400040F8043B51F8043B40F8043B51F8043B24
:108E500040F8043B51F8043B40F8043B51F8043B14
:108E600040F8043B51F8043B40F8043B403ABDD283
:108E7000303211D351F8043B40F8043B51F8043B25
:108E800040F8043B51F8043B40F8043B51F8043BE4
:108E900040F8043B103AEDD20C3205D351F8043BB4
:108EA00040F8043B043AF9D2043208D0D2071CBF80
:108EB00011F8013B00F8013B01D30B8803806046A9
:108EC000704700BF082A13D38B078DD010F003031F
:108ED0008AD0C3F10403D21ADB071CBF11F8013B8F
:108EE00000F8013B80D331F8023B20F8023B7BE7DE
:108EF000043AD9D3013A11F8013B00F8013BF9D209
:108F00000B7803704B7843708B78837060467047A2
:108F10002A2849D8F8B5254F04463B78E3B9244BB5
:108F20001B5DFF2B29D0234A02EB041291680A68CB
:108F300002F44050B0F5805F30D01C061FD41E4CA8
:108F40002360236AD80704D403F074FA236AD9078C
:108F5000FAD5194B586AF8BD174D184E01E003F0C9
:108F600069FAAB6C1B06FAD4B36C13F08003F6D12C
:108F70003B700F4B1B5DFF2BD5D10020F8BD0F4C74
:108F800003F07F032360236ADA0704D403F052FA64
:108F9000236ADB07FAD5094B586AF8BD22F48052E0
:108FA0001C060A60EBD4CAE700207047DFB6002039
:108FB000B0510020BC40002000400C4000800C401C
:108FC000082830B422D00A280CBF4FF405714FF4A2
:108FD0004671104C104D636C626C2B400F4802F0D0
:108FE00003021A43636C03F0E00313430B4363640F
:108FF000436C426C2B4002F003021A43436C03F0B3
:10900000E0031343194330BC416470474FF440718F
:10901000DFE700BF00400C4000FCFFFF00800C4079
:10902000A249A34B88422DE9F047A24C5E699A6998
:10903000D4F80C801BD9A04B984240F20281C31A8D
:109040009E491B0AA1FB031340F22761DB0903EBD6
:10905000830303EB830303F2E2438B4228BF0B46F7
:10906000A3F54877964BA3FB0737FF0804E0954F1D
:10907000B8428CBF0E2706278D4908F01F09D1F88A
:109080008030B94543F0C003C1F880300CD228F0DD
:109090001F08A1F5F82148EA0708C1F80C800B6801
:1090A000002BFCDA08F01F0916F0007324D1864962
:1090B0000C698649A14300F0EA8082F4805134466D
:1090C0004FF4805514F0605F04D026F060561E43C4
:1090D000774B5E6111F4405F07D022F4405274492F
:1090E0002A438A618B6C1A07FCD446F00076704ADA
:1090F0005661936C9B06FCD4754CA04200F2CE8066
:109100004FF0010C0146634603FB011203F1010E0F
:109110000CF10105A24218D8BEF1080F4FF001036F
:1091200040F08D80BCF1040F00F291800A18A24239
:1091300000F2A48005FB00F1AC4603F1010E03FB35
:1091400001120CF10105A242E6D90CF1FF318C02AB
:1091500086EA81215F4810445F4A90427FD9DFF858
:10916000A4A16C225D48584DB0FBFEF0D5F800E09C
:10917000B0FBFCF0DFF890C10EEA0C0CD44509D02E
:1091800042F400524FF4805CC5F800C02A602A689F
:10919000002AFCDA464A156905F007059D4203D00E
:1091A0001361936CDD03FCD411F4E05F09D026F465
:1091B000E05604F4E0543E4A26435661936C990706
:1091C000FCD44749474A014491423CD8464BC9091F
:1091D000A3FB0131090B4B1E1B0286EA030212F4AA
:1091E000407F06D026F4407603F44073304A334380
:1091F00053612F4A536923F000735361936C9B06AC
:10920000FCD43A4B4F45A3FB00234FF0FF324FEA0B
:109210009343B0FBF1F1B2FBF3F3354A1060354AEA
:109220001160354A136008D228F01F08214A48EA25
:109230000707D7601368002BFCDABDE8F087734698
:1092400062E7122718E74FF440730421C5E70CF1D9
:10925000FF31204807238C02104486EA8121274AE7
:10926000DFF8A8A0A2FB0020020D2548362A38BF4F
:10927000362202FB00F042EA0A0A74E74FEA8C2425
:10928000002386EA8C214FF0010EAC4662E71D46B2
:1092900086F0C05411464FF0C05313E700244FF03E
:1092A000010C024631462346E64653E700A4781FE8
:1092B00000C00F40000008400046C32323B24C000A
:1092C0001F85EB5100366E0100800D40403000805C
:1092D000FFB19F26808D5B00FF7EF64D00643F4D01
:1092E0007FD1F0087F17B42C9F10E50083DE1B436D
:1092F000C46C0020C06C002084B50020819F5E16E5
:10930000001BB7006C2000807F30018000200080AF
:1093100000B970472DE9F84F01218146214C224DBB
:10932000224E54E8003F2A68306844E80013002BBE
:10933000F7D11F494B684FF47A7BDFF878A01B1AEE
:1093400001270BFB02F8DAF80020A3FB02325A4592
:1093500094BF9044D84454E8003F2A68306844E8F9
:109360000073002BF7D14B68DAF800C01B1A0BFB17
:1093700002F2A3FB0C3CBCF57A7F94BF624402F579
:109380007A72A2EB0802B2F57A7F06D3B9F101092D
:1093900008F57A78DFD1BDE8F88F03F04BF804497F
:1093A000D9E700BF2CB6002028B6002024B6002044
:1093B000001000E084B5002030B40F4B4FF0010CDA
:1093C0000E4D0F4C53E8002F2868216843E800C277
:1093D000002AF7D10B4B5B680B4A5B1A4FF47A718A
:1093E000126801FB00F0A3FB023230BC8A4294BF3A
:1093F00080184018704700BF2CB6002028B6002007
:1094000024B60020001000E084B50020362816D8CD
:109410000201104B03EB00109B5810B4C2685C684B
:10942000144205D061B95DF8044BC3F88820704739
:10943000836851B1084A5DF8044B1A607047704761
:109440005DF8044BC3F884207047044A5DF8044B70
:109450001A607047BC40002038F00100383001002D
:1094600036280BD8064B020103EB00109A58C3684C
:1094700092681A4214BF01200020704700207047F4
:10948000BC400020362829D8164B0201012903EBE5
:1094900000109A5810B45368C4680ED004290CD038
:1094A00023EA040353608368A9B1022917D0032972
:1094B0000CBF0D4A0D4A1A6007E02343012953608F
:1094C000836808D040F638021A60436815225DF8B8
:1094D000044B1A60704738221A60F6E77047044A56
:1094E0001A60F2E7BC40002038300100380001006B
:1094F00038F0010030B4124A0020124B0121124D05
:10950000124CC2F8F032C2F8F402C2F8B810C2F835
:10951000A000C2F8A450C2F8B0105369DB07FCD514
:1095200051612378DB07F0D41368054943F0010348
:1095300013600B68DB07FCD462B630BC704700BF19
:1095400000802A400504012401000F0000812A4008
:1095500070B50E4C4FF6FF7E0D4E04F17E05A6F55C
:109560008053002102E0B34281B204D21A88481C21
:1095700002337245F7D124F8021FAC4206F580563B
:10958000EDD1044B01221A7070BD00BF86B50020DA
:1095900000107C60E6B6002041F2BB0398422FD851
:1095A000184B10B51B7804463BB3A008164B04F0CB
:1095B0000301164CA3FB0023C21A03EB5203144A07
:1095C0005B09C3EB831E9C46A0EB0E0341EA8C01B2
:1095D000FF2034F813C01A444FEA4C0C13030CEB71
:1095E000023CBCEB023F07D91A880233D4B28C424A
:1095F00008BF100A9C45F7D810BDFFF7A9FFD4E7B4
:10960000FF207047E6B600200541100488B5002011
:10961000C0070600F8B50F46164672B6344B40F246
:109620000641344A9A610222DA610022C3F8A0207E
:10963000C3F8F012C3F8F422C3F8F822C3F8FC22EE
:109640004FF47022C3F8A4200122C3F8B02020F008
:109650001F038219BFF34F8F4FF0E024C4F85C3F23
:1096600020339A42FAD8BFF34F8FBFF36F8F204D4C
:109670006B69DA07FCD501231F49B2B220F07F40A5
:109680006B6142F47022C5F8F01242F20121184CCD
:10969000C5F8F412C5F8BC30C5F8A000C5F8A42080
:1096A000C5F8B030154D01E05B0609D4636913F0CD
:1096B0000100F9D041236361BDE8F840FFF71ABF0C
:1096C000082E0AD836B1324639463744064628466F
:1096D000FFF784FB40236361E8E7A6F10800082652
:1096E00039463246374406462846FFF777FBF1E70E
:1096F00000802A40F05AF05A3204180880812A402B
:1097000010B472B6284B0221284C00229C614FF401
:109710007024D96140F20641C3F8F0120121C3F868
:10972000F422C3F8F822C3F8FC22C3F8A020A2F563
:109730008052C3F8A4400240C3F8B010BFF34F8F6B
:1097400002F5805102F120034FF0E02C994234BF22
:109750000121802102EB41118B42CCF85C2F1A468B
:1097600003F12003F8D1BFF34F8FBFF36F8F0E4A81
:109770005369D907FCD501240D490E4B54610340B0
:10978000C2F8F0124FF470200749C2F8A030C2F8B6
:10979000A400C2F8B0404B69DB07FCD501235DF89B
:1097A000044B4B61FFF7A6BE00802A40F05AF05AE6
:1097B0002004180800F0FF0041F2BB03984200F2B9
:1097C0008980464B2DE9F0471B78C2B00546894693
:1097D000002B7CD0AB08424E05F00305414FA6FBA1
:1097E00003269A1B06EB5206760945EA8605C6EB68
:1097F00086169E1B3C4B37F81640334460004FEAF8
:10980000033800EB0330B0EB033F64D943464FF01D
:10981000FF0C1A880233D1B2A94208BF4FEA122CBA
:109820009842F6D8E14541D0B4F5006F41D302AC7F
:109830004FF48072FF2120460DF0E2FE08F58050C3
:1098400008F102034246984234BF01204FF4006001
:1098500008EB4000134602321B888242D9B24FEA1D
:1098600013236354F6D104F805900DF107090DF2A6
:10987000071A00254C464046FFF742FF14F801CF77
:1098800008EB450002220DF10601631EBCF1FF0F3B
:10989000A3EB090306D043EA0C230135ADF80630EB
:1098A000FFF7B8FEA245E9D127F8165042B0BDE84F
:1098B000F08745EA092502A902220134ADF80850D3
:1098C000FFF7A8FE27F8164042B0BDE8F087FFF783
:1098D0003FFE7FE770474FF0FF0CA3E7E6B600209E
:1098E0000541100488B50020C007060062B170B5BC
:1098F00005460C468E182046013415F8011BFFF76B
:109900005BFFB442F7D170BD704700BF4FF0010C50
:109910000CFA01FC01EB410100EB411170B5B1F80B
:109920000EE01FFA8CF5254C1FFA8EFE24782E01CE
:109930000EFB033306F0F006E340B0F888417345B0
:10994000A4B228BF73463443012AA0F888410DD041
:10995000022A28D0C2B10CF00F02B0F888C11FFA59
:109960008CFC4CEA020CA0F888C170BD9BB20CF0D4
:109970000F022D02CB82B0F8803105F470659BB2E6
:109980002B43A0F88031E8E7AEEB030E0CF00F029A
:109990001FFA8EFEA1F80AE0B0F880319BB21343A3
:1099A000A0F88031D9E79BB20CF00F02CB83B0F85E
:1099B00080319BB21E43A0F88061CEE7A17D0020DC
:1099C00001EB4103F6EE006A00EB4313B3F80EC05F
:1099D000314B1FFA8CFC93ED007AB8EE477A70B5E4
:1099E000C7EE007A4FF0010E4E000EFA01FE1FFA8C
:1099F0008EF577EEA67AFCEEE77A17EE903AB3F59D
:109A0000803F46D300224FF6FF745B080132A34229
:109A100001D9062AF9D9120142F4806292B2022BCE
:109A20004FF6FF744FEA0515314438BF02230EF09C
:109A30000F0EEDB2A34200EB411128BF2346B0F850
:109A40008841A4B22C43A0F88841CA805A1E92B221
:109A5000CA814A8992B203FB02F2B2FBFCF292B2D3
:109A60004A81CA8A92B203FB02F2B2FBFCF292B2C2
:109A7000CA82CA8B92B202FB03F3B3FBFCF39BB224
:109A8000CB83B0F888319BB243EA0E03A0F888314B
:109A900070BD4FF48062C2E7C06C0020214BF6EE2F
:109AA000006A4FF6FE7C93ED007AB8EE477AC7EE77
:109AB000007A77EEA67AFCEEE77A17EE903A6345E5
:109AC0002CD900225B080132634501D9062AF9D955
:109AD000083242F2260C4CEA422C1FFA8CFC022B74
:109AE00000EB41114FF6FE7038BF02230A8A834211
:109AF00092B228BF0346C88880B2C0F1011010445A
:109B000003FB02F2B2FBF0F29B1A92B2C3F1010323
:109B10009BB2CB800A82A1F80CC0704743F2260C9E
:109B2000DDE700BFC06C002036284BD8F8B52A4DC1
:109B3000044615F8202005EB8005012A2DD0022AC5
:109B40003FD16B78C3F3011003283ED0234A02EBC8
:109B5000803203F0030C224889B2634602EB4C1CAE
:109B60000678BCF806E05801BCF810301FFA8EFEEB
:109B7000CEF1011E1EFA83F303F1FF3E0EFB01F14D
:109B8000F1408E4523D95B1AC3F101039BB289B220
:109B90000244ACF8063011820DE06A78C2F301137A
:109BA000032B10D00F4800EB83308BB202F003017F
:109BB000AA78FFF7ABFE0C4BEA7803EB04135B6863
:109BC0001A60F8BD70470948EFE7094AC1E7991ED6
:109BD0004FF6FF73DBE700BFDC51002000C01D40E3
:109BE000A17D002000C03D40BC40002000803E40E0
:109BF00000801E40362808D8154B13F8202003EBB0
:109C00008003012A02D0022A0DD070475978C1F38F
:109C10000112032A13D00F4801F0030100EB823038
:109C20009A78FFF7CDBE5978C1F30113032B0CD0FE
:109C3000094800EB833001F00301FFF72FBF07480D
:109C400001F003019A78FFF7BBBE0548F3E700BFB8
:109C5000DC51002000C03D4000C01D4000803E405F
:109C600000801E4000230F2248F2B82C194610B580
:109C70004FF470444FF4806EA0F88C414FF4604470
:109C8000A0F88E210A46A0F89031B0F888319BB236
:109C900043F0F003A0F8883101EB4103013100EB00
:109CA000431304299C80A3F806E05A841A865A803C
:109CB0005A81A3F80EC05A82DA825A83DA83EBD132
:109CC000B0F888319BB243F00F03A0F88831B0F8A8
:109CD00088319BB243F47063A0F8883110BD00BF97
:109CE000374B384A996F384841F47F0170B599670E
:109CF00041F20106D3F8801045F6C05543F2260420
:109D00000A43C3F88020FFF7ADFF00F58040FFF75E
:109D1000A9FF00F58040FFF7A5FF00F58040FFF7A1
:109D2000A1FF0022A0F503104FF00F0E114600EB2B
:109D300042134FEA421C01329981042A5981A3F847
:109D40000EE09E82DD8020F80C1019829C81EED1FD
:109D500000221E484FF00F0E41F20106114645F653
:109D6000C05543F2260400EB42134FEA421C013275
:109D70009981042A5981A3F80EE09E82DD8020F8A3
:109D80000C1019829C81EED1002211480F2641F25D
:109D90000105114645F6C05443F2260E00EB42136E
:109DA0004FEA421C01329981042A5981DE819D8249
:109DB000DC8020F80C101982A3F80CE0EED170BD05
:109DC00000C00F40000003FC00C03D4000001E40EA
:109DD00000401E4072B6EFF30583524CC4F8843045
:109DE0001EF0040F0CBFEFF30882EFF309824FF06F
:109DF000E0234D4E4D4DD3F8280DD3F82C1DC4E96A
:109E00002201D3F8341DD3F8383DC4E924139369F3
:109E1000C4F89830D369C4F89C3000F0D1F884EDD0
:109E2000280A02F0A5FB0B214FF0FF32C4F8A40072
:109E30000B46C4F880103E49301D5A40202402F0E1
:109E40000103013C01FB03F383EA5202F7D1A8426C
:109E500002D073680646EFE7324BC3F8A820BFF381
:109E60004F8F4FF0E0233049324AC3F8701FC3F8D8
:109E7000702FBFF34F8FBFF36F8F2F4A02252F48EC
:109E8000D36E2F4943F44053D3660560D3692D4800
:109E900023F07F0343F04003D3610B6883423DD836
:109EA000264D00214FF0E0234FF0FF3229600126BC
:109EB000C5F808112449C5F80011C5F80861C3F8B0
:109EC0008021C3F88421C3F88821C3F88C21C3F80A
:109ED000902101E000F066F9D5F80C31002BF9D0A3
:109EE0000134C5F80C614F2CF4D9184B02201849E5
:109EF0004FF00042C1F840015A63D5F80C313BB92C
:109F0000144815490D4A0163D2F80C31002BFAD0E0
:109F10004FF0E023114AC3F80C2DFEE7FFF780F85D
:109F2000BEE700BF00FF272080FF2720A8FF2720D3
:109F30002083B8EDA0FF272000C00F40004008405C
:109F4000C46C0020803DCD0B009F240000900D408C
:109F500000002E4000800F40F100AD0B0400FA0518
:109F60000A490A6838B108B513180948834204D869
:109F700010460B6008BD104670470DF035FF0C23EE
:109F80004FF0FF320360104608BD00BFEC760020A2
:109F900000002820002070474FF0FF30704700BFBE
:109FA0004FF4005300204B60704700BF0120704702
:109FB0004FF0FF30704700BF30BFFDE7FFF70ABF2B
:109FC000124AD2F880305B07FBD5D2F880301048B7
:109FD000C3F30B230F4990ED007A07EE903A91ED11
:109FE000006AB8EE477A0C4AF8EEE77A0B4BD2EDEE
:109FF000006A77EEC77A93ED007AB8EE477A67EE9B
:10A00000867A87EEA60A37EE400A704700810D4037
:10A0100044B500204CB500207CB5002048B5002098
:10A02000836BF0B41BB1536843F40043536072B6C2
:10A03000446B3CB31A4B2260D3F8B0410C421DD1A3
:10A04000184E776804E07468E41BB4F5166F0BD201
:10A05000D3F8404144F48044C3F84041D3F8B851A8
:10A06000D3F840416404EED50D4007D10C4CC0E953
:10A070000225D4F8B0310B43C4F8B031426362B664
:10A08000F0BC7047064DC0E90224D5F8B0310B434F
:10A09000C5F8B0310263426362B6F0BC704700BFDE
:10A0A00000002E40001000E070B5056B9DB1064623
:10A0B0002A46002403E012680134012A0CD05368B8
:10A0C00013F08003F7D032632CB12846B36B2D68B0
:10A0D0009847013CF9D170BDC6E90C33F4E700BFE5
:10A0E00030B4D9B91F4C204B0021204A01254FF034
:10A0F000011099601D60C4E9023180245C60C2F8DF
:10A10000BC01D2F8B0311A482B43C2F8B03101601B
:10A11000D2F8B031002BFBD130BC70470904154B8D
:10A12000104C012541F080019860104A596000F5FB
:10A1300080511D60D96000F50051A364196100F5DC
:10A14000405100F58040596100219861E164D2F8E6
:10A15000B03143F48033C2F8B031D2F8B031002BC3
:10A16000FBD1C0E7000000208084002000002E40CA
:10A17000C0B20020A0840020084901220B7802FA16
:10A1800000F023EA0000087030B9054AD2F84831DF
:10A1900023F08003C2F84831704700BFF2B60020B8
:10A1A00000002E402DE9F04F974C83B0D4F8447155
:10A1B000FB07C4F8447153D5D4F8AC21002A4AD027
:10A1C000924EDFF860A2DFF87492DFF874B2DFF825
:10A1D0007482C4F8AC21D6E90A20D4F8403143F4A3
:10A1E0000053C4F84031D4F840319D04F5D5D4F87B
:10A1F000403123F40053C4F840314FF00113C4F848
:10A20000B431D4F8B45115F00115FAD193B28446A3
:10A21000CAF80050B3F5086F00F0CF8100F2DB8080
:10A2200040F202318B4200F0E78100F29A80822BEB
:10A2300000F0CB81B3F5817F40F08A8010F0780F79
:10A2400083B200F003824FF00113C4F8C031D4F898
:10A25000AC21002ABDD16C4AD2F8BC31002B42D1CE
:10A260007E0616D5684BD3F8AC21C3F8AC21D3F8E1
:10A27000BC21C3F8BC21D3F8B041002CFBD14FF076
:10A28000FF32C3F8B421D3F8843100F01DFD604BD8
:10A290001C60FC0103D55F4B1B6803B19847B801F4
:10A2A00003D55D4B1B6803B19847790708D5564B1A
:10A2B000D3F8843113F4007347D0584B01221A703D
:10A2C000514BD3F848311A060AD53B0608D5544AF3
:10A2D00013782BB1013BDBB21370002B00F07282BC
:10A2E00003B0BDE8F08F4F49C2F8BC3108680342A3
:10A2F00040F0D181464A14681C40B1D05FEA14484E
:10A3000010D0424E4FF0010998FAA8F5B5FA85F53C
:10A3100006EBC51009FA05F54030FFF7C5FE38EA2F
:10A320000508F1D1A4B2002C9AD0384E4FF00108A4
:10A3300094FAA4F5B5FA85F506EBC51008FA05F50B
:10A34000FFF7B2FEAC43F3D18AE7344A1370B7E7A4
:10A35000802B7FF478AF344802210580FFF7C0FEE0
:10A3600075E7B3F5A06F00F00B81A3F5D063012B67
:10A370003FF669AF2D4B5D68002D3FF464AF1FFAC7
:10A380008CFC4FEA124E04E01D690C33002D3FF4A3
:10A390005AAF1A887245F7D15A886245F4D14FEA0C
:10A3A0001E22032A00F0A5811A89000C824228BFD0
:10A3B0000246BEF5007F40F0A181184B1C49187879
:10A3C0001C4B0192002818BF19461B48FEF706FDDA
:10A3D000194D019AE1E142F221218B427CD033D91F
:10A3E00042F221318B4200F081804FF6C0018B4256
:10A3F0007FF429AF10F47F4F83B27FF424AF43F48E
:10A400006E4363F30F0CB5E700002E400000002000
:10A41000C4B2002068B600206CB60020FCB6002054
:10A42000FDB60020C0B20020B0B40020E06A0020D9
:10A43000142900607829006040A92020B8B20020CB
:10A440005DCFC6B8C0012E40B3F5106F66D042F2A2
:10A4500021018B427FF4F7AE030C072B7FF4F3AEA0
:10A46000B24BB349F560D960B249B360C3F8089004
:10A47000C1E9002001221A60AF4A5A60AF4A1A614E
:10A48000D4F8B01141F00101C4F8B01102F58051C7
:10A4900002F5005259619A61D4F8B031002BFBD11A
:10A4A000A74AF36493600123B264136048F2800307
:10A4B00053604FF00113C4F8BC31D4F8B03143F409
:10A4C0008033C4F8B0314FF48033CAF80030D4F888
:10A4D000B031002BFBD1BAE680B238B9994BC2F348
:10A4E00007421968984B1960984B1A70944B0022D8
:10A4F0009A60F2640122B3641A6080225A604FF0BD
:10A500000113C4F8BC31D4F8B03143F48033C4F83B
:10A51000B031D4F8B031002BFBD198E6C2F307423A
:10A520008B4B1A708B4BC4F8C8318B4BC4F8CC31B1
:10A530008A4BC4F8D03100F0C9FB802229468848F4
:10A540000DF05EF8874B8022C6F8A0B0C6F8E03068
:10A550007B4BF5645A600122B3649D601A604FF032
:10A560000113C4F8BC31D4F8B03143F48033C4F8DB
:10A57000B031CAF80050D4F8B031002BFBD166E6F8
:10A580006F4B0121F564196080219D60B3645960AF
:10A590004FF00113C4F8BC31D4F8B03143F4803328
:10A5A000C4F8B031D4F8B031002BFBD1130C5B06EA
:10A5B00043F08073C4F8543149E6654B01216A4881
:10A5C0001B780370FFF78CFD41E683B210F0780032
:10A5D0007FF439AE03F07F0258F82210624A1080EF
:10A5E000180600F19E80CB0701D5012313700221CC
:10A5F0005D48FFF775FD2AE610F0780F83B27FF40F
:10A6000022AE03F07F0213F0800F58F8223014BFFF
:10A6100043F4803343F0010348F822300022484BD2
:10A62000F2649A600122B3641A6080225A604FF08B
:10A630000113C4F8BC31D4F8B03143F48033C4F80A
:10A64000B031D4F8B031002BFBD100E603F07F022B
:10A6500013F0800F58F8223014BF23F4803323F016
:10A66000010348F822300022354BF2649A6001223F
:10A67000B3641A6080225A604FF00113C4F8BC31F1
:10A68000D4F8B03143F48033C4F8B031D4F8B031E9
:10A69000002BFBD1DBE50020086026490C884868C8
:10A6A00042F221018C427FF425AE80B200287FF473
:10A6B00021AE2E492E4C03C9A18086284FEA1141B4
:10A6C0002060A1717FF416AE72B62A48017841F07D
:10A6D00008010170D2F848110D0605D4802001430D
:10A6E000C2F84401C2F8481162B6234A50211170E1
:10A6F00000E6000C2A78824228BF0246BEF5E06FD1
:10A7000044D11E4B1E4D18781E491F4B0192002844
:10A7100018BF19462846FEF761FB07236B70019AA4
:10A720003BE0C9033FF561AF61E700BFA0840020B3
:10A73000B8C200204086002080000700B8D2002068
:10A740008084002028B6002064B60020FAB60020DD
:10A75000FBB600200200CC00C80002000200C800C6
:10A76000800000201993D574B0B40020B8B2002046
:10A770005CB60020F2B60020FDB60020FCB600203A
:10A7800040A9202078290060142900602946104D36
:10A7900001922846FEF722FB019A25F01F0315447B
:10A7A000BFF34F8F4FF0E021C1F8703F20339D423F
:10A7B000FAD8BFF34F8FBFF36F8F05481146FFF7ED
:10A7C0008FFC44E50320FFF7D7FC15F085F900BFA7
:10A7D00040A920202DE9F0471F46831E022B01D9F6
:10A7E000BDE8F087DFF84C9015460C463C2209EB9B
:10A7F000C01806464FEAC01A002108F104002404DC
:10A800000CF0FEFEB5FA85F20123520944EA4274C7
:10A8100049F80A40C8F83870C8F80830002FDFD06F
:10A82000034AB34011680B431360BDE8F08700BFD3
:10A83000C4B20020000000202DE9F0470D46811E23
:10A84000022901D9BDE8F087C701DFF84C90924694
:10A85000044640373C2200211E4609EB07082D0420
:10A8600008F104000CF0CCFEBAFA8AF2520945EA6B
:10A87000427249F807200122C8F83860C8F8082059
:10A88000002EDFD0034B10341968A2400A431A602F
:10A89000BDE8F087C4B200200000002012048160EF
:10A8A000C36101F5405342F0800210B401244260BC
:10A8B00001F50052046001F5805401F58041C46047
:10A8C00081615DF8044BC0E904237047831E0A468A
:10A8D000022B00D97047064B00F110014FF0010C1C
:10A8E00003EBC0100CFA01F14030FFF799BB00BF39
:10A8F00000000020831E0A46022B00D97047012168
:10A90000024B814003EBC010FFF78ABB0000002020
:10A9100040687047124A134BD2F8200220F07F4063
:10A92000984210B584B002D200EB800040000E4C7B
:10A9300001A90A2201F0EAFD01A90023204611F82D
:10A94000012B01333AB10A2B20F8022FF7D116233D
:10A95000237004B010BD5B00DBB2237004B010BDE7
:10A9600000441F4080969800807D0020F8B5144C6C
:10A970004FF0E025134E4FF4003204EB4024124F09
:10A9800006EB40160346C5F88C2121463A8830462E
:10A99000FFF784FF3B882344BFF34F8FC5F85C4F1C
:10A9A0002034A342FAD8BFF34F8FBFF36F8F032039
:10A9B0003146FFF79FFF4FF40033C5F80C31F8BD67
:10A9C000C0A92020C0840020B6B60020244B2DE969
:10A9D000F0411C884368C569C3F30E43E41A002C98
:10A9E00024DD204920480A780078D3B21F4E8242E5
:10A9F0001F4807D010F8038036F81870C7F50072AA
:10AA0000944218D90133002226F81540082B194E1C
:10AA100088BF134626F8152098BFDAB2C554164BE6
:10AA20000A701A6814441C60BDE8F0812846BDE82D
:10AA3000F041FFF79BBF07EB48201049224627440F
:10AA4000084401EB4521FEF7C9F90B4A284626F8D0
:10AA5000187013682344BDE8F0411360FFF786BF08
:10AA6000B6B60020ECB60020EDB60020C0B4002041
:10AA7000E0B40020D0B40020BCB40020C0A9202045
:10AA80001D4B1A78002A36D102F0FF031B4A1278B8
:10AA90008AB32DE9F0411A4D2A8852B3194EC2F5F6
:10AAA0000068194F3278194C07EB421704EBC224A7
:10AAB000424638462146FFF7F1FE04EB0802BFF399
:10AAC0004F8F4FF0E023C3F8704F2034A242FAD8E2
:10AAD000BFF34F8FBFF36F8F04203946FFF7F6FEA9
:10AAE00033780133DBB2032B88BF0023337000239C
:10AAF0002B80BDE8F0817047F9B60020FBB600203E
:10AB0000C0B60020F8B60020C0850020C0B92020C3
:10AB10002DE9F04F85B0CDE90110002900F0BF808C
:10AB20000023604CDFF89881DFF898A15E4F009316
:10AB300001235E4A23705E4B1978B8F8003002EBAF
:10AB40004119002B40F0A7801E461D469B464846F3
:10AB5000FFF7DEFE10F0800000F08C80BFF34F8F17
:10AB60009AF8003084F800B005B93E68002B7DD11A
:10AB70003B689B1B782B00F287804E4B1B78002B89
:10AB800074D001F057FC0122B8F80030154622704D
:10AB9000002BDCD0464AC3F5006011781A4600EB62
:10ABA000C120454DC9022844019D954217D2039307
:10ABB000DDE901512A46FEF711F9039B4FF04042AF
:10ABC0005B1BA8F800303D4BC3F88420BFF34F8FC8
:10ABD000009800232844237005B0BDE8F08F364B61
:10ABE000CD180299FEF7FAF800234FF400622946C7
:10ABF0004846FFF753FEBFF34F8F05F1200205F5DE
:10AC00000063934234BF012340234FF0E02205EB61
:10AC10004313C2F8705F2035AB42FAD1BFF34F8FB8
:10AC2000BFF36F8F04204946FFF750FE204A137888
:10AC30000133DBB2032B84BF00231D4A1370B8F825
:10AC40000030019AD11A009A1A4401910092029A96
:10AC50001A4400230292194AA8F80030C2F884303E
:10AC6000BFF34F8F237000297FF462AF009805B0C7
:10AC7000BDE8F08F4FF400620D4B8AF800001978A0
:10AC80001346A8F800208AE7012300988AF80030CC
:10AC900005B0BDE8F08F1A46C3F500607FE7019864
:10ACA000E5E700BFF9B6002028B60020C0850020E7
:10ACB000F8B60020FBB60020C0B9202000002E40CE
:10ACC000C0B60020F7B60020704700BF2D4B002112
:10ACD00080222D4870B51B7800242C4D8B422C4EC1
:10ACE0000CBF40234FF400732B8033800CF088FCA2
:10ACF000284A2146284B14704FF4807227481C8044
:10AD00000CF07EFC264A1021264B0220C2E90044AA
:10AD1000C2E90244244AC3E900441470234AC3E947
:10AD20000244234B1C70234614602246FFF784FD27
:10AD30002246318803201F4BFFF74CFD234601229A
:10AD400029880420FFF778FD20460134FFF70EFE26
:10AD5000082CF9D1184B00214A221848184C0460DD
:10AD6000C3F88410C3F88020D3F84821154942F075
:10AD70008072C3F8482121B1134A137843F00103CC
:10AD8000137070BDFCB60020C0850020C2B6002044
:10AD9000B6B60020F8B60020C0B60020C08400205F
:10ADA000C0B40020D0B40020ECB60020BCB4002019
:10ADB000EDB60020E57F010000002E4068B60020BF
:10ADC0009980010000000000FFB600202DE9F04F3F
:10ADD0004FF0E0234FF40032DFF8C8A083B0C3F88F
:10ADE0008C218B469AF8004000294FD08046E4B26F
:10ADF0000027DFF8B490264BABEB070225491B7800
:10AE0000A34204F101043FD0092C234B404628BF44
:10AE100000241E5D39F816C00CEB462319441F4B65
:10AE200033F81650A5EB0C05AA421CD20CEB462CAD
:10AE300018491B4C61440192FDF7D0FF216839F895
:10AE400016505846019AA1EB0B012A44394429F8BF
:10AE5000162021604FF0E0234FF40032C3F80C219C
:10AE600003B0BDE8F08F2A462F44FDF7B7FF0C4929
:10AE7000E3B230460A68A844521B0A608AF80030E0
:10AE8000FFF774FDBB45B6D83846E3E70846E1E76F
:10AE9000ECB60020C0A92020E0B40020C0B40020FF
:10AEA000BCB40020EDB60020D0B400200B4B0C4AFF
:10AEB00012781978D3B28A420DD0013309480A4A70
:10AEC000092B0A4928BF0023C35C31F8131002EB99
:10AED0004323585C70474FF0FF307047ECB60020BA
:10AEE000EDB60020E0B40020C0A92020D0B400209E
:10AEF000044B10B51C680CB1204610BD01F09AFA45
:10AF0000204610BDBCB400202DE9F84F144E154D5D
:10AF100033782A78934221D0DCB2DFF85090DFF802
:10AF200050B0DFF85080104F0134082C5FFA84FADB
:10AF300001D90024A24619F80400DBF8003038F8E3
:10AF4000102037F81010521A9B1ACBF80030FFF778
:10AF50000DFD86F800A02B78A342E5D1BDE8F88F5F
:10AF6000EDB60020ECB60020D0B40020E0B4002004
:10AF7000BCB40020C0B4002000B583B001210DF1A5
:10AF80000700FFF723FF20B19DF8070003B05DF82D
:10AF900004FB4FF0FF30F9E7094B00B583B01B7895
:10AFA0008DF807003BB101210DF10700FFF7B0FD5F
:10AFB00003B05DF804FB03F0FF0003B05DF804FB91
:10AFC000FBB60020044B1B7803F0FF020BB1FFF728
:10AFD0009FBD1046704700BFFBB600202DE9F04131
:10AFE0000024DFF8448001230D4D27460D4E88F8DC
:10AFF0000030337828462035A34204F1010405D0FF
:10B00000FFF786FC030658BF07F50067042CF0D154
:10B01000BFF34F8F0023384688F80030BDE8F08139
:10B02000C0850020F8B60020F9B600202DE9F843CD
:10B030001D4B1B7813B11D4D2A880AB9BDE8F88352
:10B040001B4EC2F500691B4933784A461A4C01EB86
:10B0500043181A4F04EBC324012340463B7021469A
:10B060000023FFF71BFC04EB0902BFF34F8F4FF0E7
:10B07000E023C3F8704F2034A242FAD8BFF34F8FB9
:10B08000BFF36F8F04204146FFF720FC3378013374
:10B09000DBB2032B88BF0023337000232B80BFF368
:10B0A0004F8F3B70BDE8F883FBB60020C0B6002090
:10B0B000F8B60020C0850020C0B92020F9B60020D5
:10B0C000EFF3108272B6437F5BB9017F012930B480
:10B0D0000BD0032913D00123437702B962B630BCE9
:10B0E00070470AB962B670477047124C2168B1B117
:10B0F000114943610B68086083615861EBE70F4DAC
:10B100000F492C688CB143610B68836158614FF023
:10B11000E0234FF080540860C3F8044DDBE7064B92
:10B1200020601860C0E90511D5E7C0E90544286032
:10B13000EDE700BF9CA20020A8A20020A4A200204E
:10B14000A0A2002070B5EFF3108272B60C4C2068FC
:10B1500080B10C4E00254369236073B19D6102B933
:10B1600062B6836845779847EFF3108272B620681D
:10B170000028F0D102B962B670BD3360EFE700BFBE
:10B18000A4A20020A0A20020FFF7DCBFEFF31082F2
:10B1900072B6437F63B1017F012930B40CD003291B
:10B1A00011D00021417702B962B6184630BC704711
:10B1B00002B962B618467047D0E9054161B14C61E9
:10B1C0006CB1A161EDE7D0E9054159B14C61002CAA
:10B1D000F7D1074C2160E4E7064D2C60F0E7064C00
:10B1E0002160DEE7054D2C60002CEAD1F1E700BFBD
:10B1F000A0A200209CA20020A8A20020A4A20020BF
:10B20000037F012B0ED0032B00D07047437F33B157
:10B21000D0E90523C3B15A6162B90E4A1360002315
:10B2200003777047437F002BF9D0D0E905232BB17A
:10B230005A6132B1936100230377704706490A606F
:10B24000F7E7064A1360EAE705490A60002AF1D1E8
:10B25000E3E700BFA0A200209CA20020A8A200203B
:10B26000A4A200200449054A4968054B19601368E7
:10B2700001331360704700BF001000E028B60020C3
:10B2800024B6002001207047B0F84630B0F84820BE
:10B290009BB292B2934202D2013AD01A7047416BEC
:10B2A00001390A44D01A7047016972B6B0F84A20D1
:10B2B000B0F84C3092B29BB29A423CBF806B1218ED
:10B2C000C86AD31A62B6C0F302601844704700BF60
:10B2D000B0F84A100246B0F84C3089B29BB299429D
:10B2E00010B4046914D00133906B116B984298BF6D
:10B2F0000023994206D85B1A526AD05CC0B25DF84E
:10B30000044B7047126A5DF8044BD05CC0B27047C2
:10B3100072B6B0F84A0080B2814201D062B6E2E76C
:10B32000E36A13F0E06F03D14FF0FF3062B6E6E757
:10B33000E36901200024116AA2F84A00C3F309005E
:10B34000DBB2A2F84C404B70F0E700BFB0F84A10F7
:10B350000246B0F84C3089B29BB2994230B40469CD
:10B3600025D00133946B9C4216D9106B1FFA83FCD5
:10B37000984217D9106AC05CC0B2956DA2F84CC053
:10B3800045B199421CD3CB1AD16B994202D3D36DEC
:10B39000C5F8883030BC70474FF0000C106B634626
:10B3A0009842E7D8181A556A285CC0B2E5E7084603
:10B3B00072B6B2F84A1089B2884204D062B6D0E7B9
:10B3C0000C44E31AE0E7E36A13F0E06F03D14FF0B7
:10B3D000FF3062B6DEE7E069C0F30900F9E700BFBD
:10B3E00090F8443043B110B5044601F023F894F8C6
:10B3F0004430002BF9D110BD704700BF38B5D0E9FB
:10B400000453D3E903120968114228D090F844206C
:10B41000044632B101F00EF894F84430002BF9D113
:10B42000636900210E4AA961207E03EB0010007DB4
:10B4300002EB0010456805202860657E03EB0513CC
:10B4400093F8343002EB0312A36D52681060A4F835
:10B450004A10A4F84C1013B1E26DC3F8842038BD33
:10B46000BC40002007EE901A9FED9A7A0421B6EEB8
:10B47000005AF8EE677A9FED986A41F6FF7CC7EEB6
:10B48000275A2DE9F0478E460569012407EE901AE8
:10B49000F8EEE77A85EEA77A77EE057AFDEEE77AA1
:10B4A00017EE903A6345A8BF6346012BB8BF01234E
:10B4B00007EE903AF8EEE76A76EEC76AC6EE877A4C
:10B4C000F5EEC07AF1EE10FA48BFF1EE677AF4EECD
:10B4D000C67AF1EE10FA03D8B0EE676A8E461C46C3
:10B4E00001312129D2D10021436902F40076A0F86C
:10B4F0004A10B3F85AC08E42A0F84C10B3F8586006
:10B50000A0F84610A0F8481080F84410816BDF685E
:10B51000A1EB0606A1EB0C01C0E90F6139681E69B9
:10B5200041EA0601396014BF01210021817640F013
:10B53000AC80017E694E03EB0118DFF8C09198F8EA
:10B540001470D8F81CA006EB0717B968C1F8009072
:10B550007968D8F818700F60BAF1000F03D0D8F8E6
:10B560002010CAF80010477ED92103EB071898F87D
:10B5700034C006EB0C1CDCF808703960DCF80410F1
:10B58000D8F838700F60417E03EB0111CF6B0FB11B
:10B59000096C39600EF1FF31BEF1080F4FEA01610D
:10B5A000CCBF4FF0000E4FF0010E01F0F85144EA0D
:10B5B0004E4421435C682961597801F11003002150
:10B5C000E960474941F8234041694FF0010E454C7D
:10B5D00002F0030C4F7891F85610434B39554FF059
:10B5E00002174469617803EB511301F01F019B00BE
:10B5F0000EFA01F11960EF62AB6A43F08803AB62A7
:10B6000053073ED44CF4701302F00F01042908BF15
:10B6100043F0804397062ED5817E43F08053002966
:10B620003AD11607AB6103D52B6943F000532B6168
:10B630006B69D10623F0805348BF43F080536B61A0
:10B64000D30503D52B6943F400532B61A36883B161
:10B65000264E3478002C3AD0611E254DC9B22B1FDE
:10B6600005EB810101E0994225D053F8042F904267
:10B67000F9D1BDE8F087817E0029D2D043F0A00344
:10B68000CFE71C4B4CEA0303BEE7477E4FF2D901DC
:10B69000124E03EB07186AE7417E43F0A00304EB68
:10B6A000011191F8341006EB0116B668316821F4E7
:10B6B00040413160B5E7631CDBB20F4A3370137849
:10B6C00045F8240043F002031370BDE8F08701231E
:10B6D000074DF2E7001BB74BEC78AD60BC40002093
:10B6E0000080002000E400E040380038CFB60020A1
:10B6F000ACA2002010003C00FFB6002038F0010092
:10B70000EFF31380B8B9EFF310834BB9EFF3058271
:10B710003AB94FF48073EFF3118050B1984208D2D8
:10B7200070470F2AF7D9054B9B5CEFF31180002877
:10B73000F4D1184670474FF0FF30F1E7F0E300E036
:10B7400010B4416299B1036B1A44446900218263C9
:10B75000B4F85830B4F85A40D31AA0F84A10121B63
:10B76000A0F84C105DF8044BC0E90F327047026B33
:10B77000EBE700BF816241B1C36A1A440023426310
:10B78000A0F84630A0F848307047C26AF6E700BF1C
:10B79000036D2DE9F04104460F46066913B1426D71
:10B7A000C3F88420A37E2BB172B6B36943F0005373
:10B7B000B36162B6B4F84650636BADB20135AB42CB
:10B7C0004CD84FF000084546B4F848309BB29D4233
:10B7D00019D028E073691B0210D5B4F84830626BA9
:10B7E0009BB201339A4236D99AB2E16A99422DD975
:10B7F000E169CB5CDBB2F361A4F84820B4F84830CF
:10B800009BB2AB420FD1FFF77BFF6369B3F85630B1
:10B810008342DFDAFF28F1DD00F00CFEB4F8483097
:10B820009BB2AB42EFD0E36AAB421AD9FFB2E369F5
:10B830005F5572B6012084F84400A4F84680B369CD
:10B8400043F40003B36162B6BDE8F0815B1AA16AFC
:10B85000CB5CDBB2CFE700221346C6E71FFA85F8C0
:10B86000B2E7ED1AFFB2A36A5F55E2E7FFF790BFB8
:10B870000269536913F4401F70B543D0D36A13F0C3
:10B88000E06FC3F3026E3AD0B0F84A50B0F84C60A3
:10B89000ADB2B6B207E0016A01F803C00EF1FF33A2
:10B8A00013F0FF0E1DD0D1696B1C846BB0F84CC037
:10B8B000C1F309019C4298BF00231FFA8CFC9C45F0
:10B8C000ECD0046B5FFA81FC1D469C42A3EB0404A0
:10B8D000E1D8436A03F804C00EF1FF3313F0FF0E02
:10B8E000E1D1ABB2A0F84A30836D43B1B54254D335
:10B8F000AD1B016CA94202D8C16DC3F88410536915
:10B90000D90245D49669330228D553691D0225D53D
:10B91000B0F84650B0F84830ADB29BB206E0C1690D
:10B92000C95CC9B2D161D16A4C0512D4AB4238D0DE
:10B93000446B0133C16A9C4298BF00239942A3EB38
:10B940000104ECD8816A095DC9B2D161D16A4C05A4
:10B95000ECD599B2AB42A0F8481025D0710216D5AB
:10B9600053695B0213D50021036D80F8441013B1B5
:10B97000416DC3F88810837E2BB172B6936923F0B2
:10B980000053936162B6936923F48003936170BDA1
:10B99000536943F480135361B4E7816B891B0D44F1
:10B9A000A7E79BB2A0F84830936923F400039361A2
:10B9B000936943F480039361D0E700BF0148FFF728
:10B9C00057BF00BF206D00200148FFF751BF00BFE7
:10B9D000806D00200148FFF74BBF00BFE06D0020E5
:10B9E0000148FFF745BF00BF406E00200148FFF748
:10B9F0003FBF00BFA06E00200148FFF739BF00BF66
:10BA0000006F00200148FFF733BF00BF606F0020C8
:10BA10000148FFF72DBF00BFC06F00200846FFF7A9
:10BA2000BBBA00BFF8B504460D46C71D0023084643
:10BA30000A2214F8041F0C4E00F0ECF82B682E209C
:10BA40001B68B3420CD1FFF7A7FA14F8011F0023BB
:10BA50000A22284600F0DEF8BC42EFD10420F8BDEF
:10BA60002E2128469847F0E73590010008B5ECF7FD
:10BA7000EBF9EBF7C5FC00F0DDFCFAE709F074B96F
:10BA800009F072B909F078B909F076B9012A70B5F0
:10BA900008BF0A228AB091B34FF0210E01E05FFA8D
:10BAA00086FE0EF1FF36B1FBF2F502FB15145FFACC
:10BAB00084FC092C0CF137040CF1300C98BF5FFAB0
:10BAC0008CF40EF1280C88BFE4B29142EC44294674
:10BAD0000CF8244CE3D24BB10EF1FF3E2D225FFA5D
:10BAE0008EFE0EF128036B4403F8242C036801A991
:10BAF000CEF122025B68714498470AB070BD3022D3
:10BB00004FF0210E8DF82520E5E700BF2DE9F0412B
:10BB10000C46D1B1EAB180468E1800250E4F04E0E4
:10BB2000FFF73AFAB44205440CD0D8F8003014F8C4
:10BB3000010B1B68BB42F3D0014640469847B44214
:10BB40000544F2D12846BDE8F0810D462846BDE8FF
:10BB5000F0811546F6E700BF359001002DE9F04170
:10BB60008C688AB0DCB10025884606462F462B46F5
:10BB7000212201A9404600F0A1FB202C2246336877
:10BB800028BF202201A930465B68A41A15449847B3
:10BB90000744002CEBD138460AB0BDE8F0812746B7
:10BBA00038460AB0BDE8F081002903DB00230A22F1
:10BBB000FFF76CBF49422D230A22FFF767BF00BF82
:10BBC00000B5036883B040F60D2C022201A95B6822
:10BBD000ADF804C0984703B05DF804FB054B02289C
:10BBE00088BF034610B41C68184663685DF8044BB0
:10BBF000184700BF106D00200EB400B582B003AA34
:10BC000052F8041B01920BF051FB02B05DF804EBFB
:10BC100003B070475AB90368C9B2074A1B68934218
:10BC200000B506D108465DF804EBFFF7B5B9FFF79C
:10BC30002DBF5DF804EB184735900100FFF736B9CA
:10BC40002DE9F047884651B3914662B382460027FA
:10BC5000164C174E25680BE0FFF78EF9002810DA16
:10BC600000F0E8FB2368DAF808205B1B934210D24F
:10BC7000DAF800305B69B342EED0504698470028AE
:10BC8000EEDB013708F8010BB945E3D13846BDE8D2
:10BC9000F087012338468AF80C30BDE8F0870F465C
:10BCA0003846BDE8F0871746F0E700BF28B6002009
:10BCB000B5560000036818470B680360704700BF63
:10BCC0000B680360704700BF704700BF10B50446A3
:10BCD00000F0A4FD204610BDF0B5304C8DB0304AC8
:10BCE000236853B12F49581E126804330968C2F8FB
:10BCF0008C104BD020600DB0F0BD2A4B2A4D196836
:10BD000012682B68C2F88810002B37D02749284BBF
:10BD100091ED007A274AB5EEC07A00930292F1EED7
:10BD200010FA38D4DFED247AB4EEE77AF1EE10FAA7
:10BD300031DCF3EE086AFEEE007AE7EE267AFCEEDE
:10BD4000E77A17EE906A102E25D902AF08A806935D
:10BD50003946FFF7B1FF324606A9184800F0DCFC6F
:10BD6000069B08A8DB689847009BDB683846984725
:10BD70002A68002322602B600DB0F0BD0F4800F050
:10BD80004DFD0F4BFF221A700DB0F0BD6FF0020396
:10BD900023600DB0F0BD0B4B02AFE7E7849E00209F
:10BDA0002C9F0020309F0020809E0020349F002088
:10BDB000E42A0020F1920100ABAA2A4D047400206D
:10BDC0009F7D0020E1920100362876D8F0B58DB035
:10BDD000002A57D16FF002030129474ADFED476A75
:10BDE0004FEA001E38BF012107EE901A02EB001146
:10BDF000F8EE677A4C6886EEA77A72B6404991F8F9
:10BE000000C084455AD0BCF1360F3E4EDFF81CC14D
:10BE100004D8DCF800503768C5F88870087002EB69
:10BE20000E0052F80E10C268DFED377AC1F8882094
:10BE30004868B4EEE77A32600243CCF80010F1EEC5
:10BE400010FA4FF005004A60304A31491360314B17
:10BE5000314A206081ED007A009302920BDCF3EE10
:10BE6000086AFEEE007AE7EE267AFCEEE77A17EE35
:10BE7000904A102C0FD8294B02AD2846984762B63D
:10BE80000DB0F0BD02FB01F3254AA2FB03239B0981
:10BE90005B000133A0E702AD08A806932946FFF72F
:10BEA0000BFF224606A91F4800F036FC069B08A897
:10BEB000DB689847009BDB68DFE77047144A13494B
:10BEC000D2ED007AF4EE477AF1EE10FA08D10A6862
:10BED00002F00102013A1A440A6062B60DB0F0BDE8
:10BEE00082ED007A0A68104802F0010203600A60DD
:10BEF00062B60DB0F0BD00BFBC4000200024F44885
:10BF00009F7D0020309F0020ABAA2A4D849E0020F8
:10BF1000349F0020E42A0020F1920100E192010008
:10BF2000D34D621004740020809E00202C9F0020BE
:10BF3000362807D810B572B6094C2378834202D050
:10BF400062B610BD7047074800F068FC064B074A10
:10BF5000FF211B6812682170C3F8882062B610BDEB
:10BF60009F7D0020047400202C9F0020309F002023
:10BF7000024A0349034800F053BD00BFF076002099
:10BF8000E592010004740020FEF7BEBFFFF74EB833
:10BF9000FFF724B808461146FFF714B8F8B5002695
:10BFA0000446C0E90066866029B108460D460CF0DB
:10BFB0007BF9074608B92046F8BD013008F0D4FEE9
:10BFC0000028F8D0294606702060C4E901770CF0FB
:10BFD000B9F82046F8BD00BFF8B588424FF000051B
:10BFE00004468560C0E9005502D08E680F680EB91E
:10BFF0002046F8BD701C08F0B7FE0028F8D039467E
:10C0000005702060C4E901660CF09CF82046F8BD7C
:10C0100010B50446006808F0AFFE204610BD00BF12
:10C0200038B543688B4201D3012038BD04460D4624
:10C030000068013109F064F903460028F5D0A268D0
:10C04000C4E90005002AEFD101201A7038BD00BFF5
:10C05000F8B50446154632B9036803B11A700023D7
:10C060002046A360F8BD43680E469A421CD9511C75
:10C07000006809F045F9074660B1A368C4E9000506
:10C080000BB90370276831463846A5600CF05AF8A2
:10C090002046F8BD206810B108F06EFE276000232E
:10C0A0002046C4E90133F8BD07683146A56038462B
:10C0B0000CF048F8ECE700BF10B5002382B004464E
:10C0C0000A22084601A9A360C4E900330AF056FB1E
:10C0D00001A80CF0E9F801A902462046FFF7B8FFD5
:10C0E000204602B010BD00BF10B500238AB0044640
:10C0F000084601A9A360C4E9003308F01FFE01A8A7
:10C100000CF0D2F801A902462046FFF7A1FF204615
:10C110000AB010BD814203D08A680968FFF798BF52
:10C12000704700BF38B505460C4649B108460CF0CB
:10C13000BBF8214602462846FFF78AFF284638BD4D
:10C140002846A96038BD00BF2DE9F84304460068C1
:10C150000D4616468842A36809D8C218914206D2F5
:10C160000F1A4FF0010936B92046BDE8F8834FF0A9
:10C170000009002EF8D003EB0608626890450CD940
:10C1800008F1010109F0BCF80028EDD0A368C4E96A
:10C19000000813B903702068A368B9F1000F08D133
:10C1A000294618440BF0CEFF2046C4F80880BDE8AD
:10C1B000F8833246C1191844FCF710FE23680022A8
:10C1C00003F80820F0E700BF8A680968FFF7BCBFE2
:10C1D00038B5054641B10C4608460CF065F80246F4
:10C1E00021462846FFF7B0FF284638BD10B582B07B
:10C1F0000023044601228DF8041001A98DF80530B2
:10C20000FFF7A2FF204602B010BD00BF10B50446E4
:10C210008A680968FFF798FF204610BD38B50546C3
:10C2200041B10C4608460CF03FF80246214628462C
:10C23000FFF78AFF284638BD826808B50B463AB139
:10C2400061B100680BF014FEB0FA80F0400908BD3F
:10C2500031B11878B0FA80F0400908BD0368F8E7FA
:10C26000012008BD8A6808B58368934209D3006835
:10C2700030B1096839B10BF09BFAB0FA80F040098F
:10C2800008BD002008BD084608BD00BF83688B427A
:10C2900003D9006808B108447047024B00221846D1
:10C2A0001A707047DDB6002083688B4203D900689E
:10C2B00010B1405C70470020704700BFC2B170B53C
:10C2C000B1FA81F60C46760919B185689D4201D80C
:10C2D0000E7070BDED1A02F1FF3C01682046654505
:10C2E000194428BF65462A460BF0A8FA665570BD6A
:10C2F000704700BF83683BB110B5046820460BF05F
:10C30000F1F920B1001B10BD4FF0FF3070474FF026
:10C31000FF3010BD8368934207D910B50468A01898
:10C320000BF0E0F920B1001B10BD4FF0FF3070475B
:10C330004FF0FF3010BD00BF836843B1096810B5EE
:10C34000046820460BF00CFC20B1001B10BD4FF020
:10C35000FF3070474FF0FF3010BD00BF2DE9F041B6
:10C360008F680E460546974202D213463A461F464C
:10C370000023AB60B0689042C5E9003314D3874214
:10C38000316828BF074611F80780CB5533689C18E1
:10C390000DD020460BF088FF214602462846FFF7C5
:10C3A00057FE336803F807802846BDE8F081AC608B
:10C3B000F8E700BF9A422DE9F04105460E4602D942
:10C3C00011461A460B460021A960B7689742C5E995
:10C3D000001114D39F4228BF1F46336813F807800B
:10C3E000D95533689C180DD020460BF05DFF2146CF
:10C3F00002462846FFF72CFE336803F807802846DC
:10C40000BDE8F081AC60F8E738B50468054644B192
:10C41000207830B10AF0DEF9207014F8010F0028FE
:10C42000F8D1284638BD00BF006808B108F03ABC12
:10C43000704700BF2DE9F8432D4B1E7866B12D4F94
:10C440003B784BB90123F1073B7043D4B20726D4A4
:10C4500000233B70730701D4BDE8F883264B1A68AC
:10C46000002AF9D0EFF30582002AF5D1EFF3108509
:10C4700072B61868002834D0204C2178002930D1B9
:10C480000122227042691A60002A2ED0916105B9FA
:10C4900062B600258368457798472570DCE7DFF8AA
:10C4A000648098F80030002BD2D00025DFF8589037
:10C4B0002B4659F823400135236820461B699847CD
:10C4C00010B163699B68984798F80020EBB29A42D4
:10C4D000EFD8BDE7FEF70CFD0028B7D0AFF3008022
:10C4E000B4E7002DB8D162B6B6E7054B1A60CEE7C7
:10C4F000FFB60020DCB600209CA20020CEB60020B3
:10C50000A8A20020CFB60020ACA2002001F1FF3C81
:10C5100070B56646002400E00134B0FBF2F502FB82
:10C520001503092B03F1370E03F130035FFA8EFE7A
:10C5300098BF5FFA83FE9042284606F801EFEBD2DF
:10C54000631C0022C818CA547CB162461CF8015F03
:10C5500010F8016DA1EB0C0302328CF80060013B76
:10C56000521A057023449A42EFDB084670BD00BFA3
:10C57000074A506A936A19468446506A936A9942F8
:10C58000F9D18445F7D1DB0B43EA4040704700BF47
:10C5900000400D4008B5D0E900325BB1BAB10F4B95
:10C5A000A3FB0213DB0803EB4303B2EB83030AD1C3
:10C5B000012008BD094BA3FB0213DB0803EB430377
:10C5C000B2EB830301D0D21A4260F02AF0D80BF00C
:10C5D0000BFC1C22034600201A6008BDABAAAAAAC5
:10C5E00070B5044638B319B1B2FA82F67609A2B929
:10C5F000206800B36268F2B1184B194902FB03F3DB
:10C60000B1EBB30F17D3A368E3B900220123226073
:10C610006260A260E260184670BD1D46049BC0E9DE
:10C620000012C360FFF7B6FF03460028F3D06DB9D0
:10C630000123184670BD0BF0D7FB162200230260C1
:10C64000184670BD00210AF0DBFFDEE76268314664
:10C650002068A5600AF0D4FF0123DCE7ABAAAAAAF0
:10C6600055555515704700BF704700BF704700BF54
:10C67000704700BF70B51A4C1A4D2368AB4202D008
:10C68000194AD16829BBA369AB4202D0164AD169C5
:10C69000C9B9236BAB4202D0134AD16A69B9A36C02
:10C6A000AB4209D0104AD16B31B101211B680F4850
:10C6B000D163BDE87040184770BD01211B680C486C
:10C6C000D1629847EBE701211B680A48D16198477E
:10C6D000DFE701211B6804F10800D1609847D2E729
:10C6E00020840020F82200200041084070840020AF
:10C6F000588400204084002038B5064CA4F1600521
:10C7000054F8083C2046183CDB689847AC42F7D107
:10C7100038BD00BF7084002003682DE9F041044655
:10C7200088B01746002B4BD000229A600122DA60B5
:10C73000304D04A8DFF8E0801D4451F8083B2D116E
:10C7400002935B6805EB45069847F60006F1080082
:10C7500058F806304044DB6801909847264A04A9FF
:10C76000DDE90103029248F806309B689847029B76
:10C7700004A8DB6898472368032220481F609A605A
:10C780001F4A23791F4C535513785178C0F828421B
:10C790008B4228BF0B469178D2788B4228BF0B463C
:10C7A000934228BF1346184C4FF0E0224FF08061AF
:10C7B000012084F87A30C2F80C1108B0BDE8F0818D
:10C7C000124AD36E43F44053D3660122104B1A60D1
:10C7D000104A13460260403298680028A8D01033EF
:10C7E00093422360F8D100231846236008B0BDE8C7
:10C7F000F08100BF00BFF7BFF822002000800020BA
:10C80000C47600208D9C010000E400E000C00F40D1
:10C81000004008400041084020840020F8B503682B
:10C8200043B3154C0746154E1C44241104EB440534
:10C83000ED00735905F10800DB6830449847104B50
:10C840000021012273513B689960DA60FF230D4A91
:10C850001355137850789478834228BF0346D078D4
:10C86000094AA34228BF2346834228BF034682F8D1
:10C870007A303960F8BD00BF00BFF7BF20840020C8
:10C88000F8220020C476002000E400E010B4064B3B
:10C890000020064C064A1C609C611C639C64054990
:10C8A0005DF8044B00F0BCB820840020F822002082
:10C8B000F0760020119D010008B52DED028BF0EE01
:10C8C000408AB0EE608A00F01BF8F4EE488AF1EE80
:10C8D00010FA06D6DFED098AB4EE688AF1EE10FA96
:10C8E00002D0BDEC028B08BD0BF07EFA88EEA80AE0
:10C8F000BDEC028B2123036008BD00BF00000000D7
:10C9000030B583B0CDED010A019D35F0004041D036
:10C9100010EE10EA2EF00041B1F1FF4F3ADAB0F11B
:10C92000FF4F37DC81423BDB0EF000443AD01EF073
:10C93000FF4F56D10B02002B6FF07D0204DD5B0030
:10C94000002B02F1FF32FADC15F0FF4F58D1030241
:10C950006FF07D0C03D45B000CF1FF3CFBD512F1B2
:10C960007E0F47DBCEF3160E4EF400031CF17E0F54
:10C970003ADBC5F3160141F40000B2EB0C0204D11E
:10C9800017E00FD04B00013A13D0191A0029F8DA3A
:10C990005B00F8E7DDED017A60EE277A87EEA70A03
:10C9A00003B030BD1D4B03EB547393ED000A03B08D
:10C9B00030BD181A58BF03461BB9F3E75B000CF1F2
:10C9C000FF3CB3F5000FF9DB1CF17E0F1DDBA3F577
:10C9D00000030CF17F0C234343EACC5300EE103AE2
:10C9E000DEE7CA157F3AAFE76FF07D01A1EB0C01DE
:10C9F0008840C2E76FF07D039B1A01FA03F3B5E7A5
:10CA00004FEAE05CACF17F0CA9E76FF07D02A2EB8E
:10CA10000C021341234300EE103AC1E7000400204A
:10CA200003460846194609F0ABBE00BF08B504200E
:10CA300000F078F9024B034A0349036000F026FE38
:10CA4000D42A002031A10100D426002010B582B0E4
:10CA50000190082000F066F90199044601F01EF8E3
:10CA6000044A0549204600F011FE204600F072F904
:10CA700000F094F9A5AF01009C26002010B582B00B
:10CA80000190082000F04EF90199044601F046F8A3
:10CA9000044A0549204600F0F9FD204600F05AF905
:10CAA00000F07CF9E5AF0100A8260020004870479F
:10CAB000AC25002010B5034B0360044600F036FAA5
:10CAC000204610BDA42A002010B5054B0360044683
:10CAD00000F02CFA2046FEF7D5FF204610BD00BF1F
:10CAE000A42A002008B5042000F01CF9024B034AD8
:10CAF0000349036000F0CAFDA42A0020CDA0010074
:10CB0000C0260020014900F0A3BE00BFCC260020B3
:10CB100000487047C025002010B5034B0360044651
:10CB200000F004FA204610BDD42A002010B5054BB1
:10CB30000360044600F0FAF920460421FEF7A4FF42
:10CB4000204610BDD42A002070B5036884B00024AC
:10CB50009E690394102315460293CDE900446B4669
:10CB60001268B0479DF8043003F00603062B03BF9C
:10CB7000009B2B600120204604B070BD00989042BD
:10CB800014BF01200620704710B5034B0360044614
:10CB900000F05AFE204610BDDC28002010B5054BE1
:10CBA0000360044600F050FE20460821FEF76CFFAB
:10CBB000204610BDDC2800202DE9F041069F089991
:10CBC000099E8F42044690461D460CD029462046B9
:10CBD00000F03EFE20B10123376086F80480B37177
:10CBE0000020BDE8F081079900F032FE0028EDD06A
:10CBF00086F805800020BDE8F08100BF38B51546F5
:10CC00001C4600F025FE00B938BD08220623256029
:10CC1000E260237138BD00BF2DE9F041064617469A
:10CC20001D460C4600F014FE48B9032D07D82368B2
:10CC30003A46314620465B69BDE8F0411847BDE8F9
:10CC4000F08100BF20494B6830B550F8085CA0F176
:10CC500008045BB304EB050E734527D821D05A684E
:10CC600001F1040C32B90FE0516803F1040C21B357
:10CC700013460A469645F7D304BFDEE90021596002
:10CC8000DCF8003008BFAD181A6899188C4211D032
:10CC90005B6840F8043CDCF8003040F8085C5C60FD
:10CCA00030BD1A685B682A4440F8082C40F8043C00
:10CCB0004C6030BD2A441A6030BD5B681A68991810
:10CCC0008C42E5D1F6E700BF8CA20020144900F1A8
:10CCD00008034868082B38BF0823F8B1073323F04E
:10CCE0000703043102E0011D406880B102689342ED
:10CCF000F9D830B4D41A072C0AD9C51842686A602A
:10CD0000C450086803600D60083030BC704770473D
:10CD1000456802600D60083030BC7047704700BF46
:10CD20008CA2002010B500F18004204608F01CF809
:10CD3000034630B18022002118460AF061FC8030A1
:10CD400010BD2046FFF7C2FF03460028F2D100F0D5
:10CD500023FC00BF064A93688038984205D9D26800
:10CD60001344984201D2FFF76DBF08F005B800BF29
:10CD70008CA2002038B5084C4FF41E652846E560AB
:10CD800007F0F2FFA06020B10023C0E9005360600B
:10CD900038BDE060606038BD8CA200201EB400F099
:10CDA0008DF81EBC07F090FDF0B50278472A83B0DD
:10CDB0000C461D4619D0264E0020336801909B6812
:10CDC0003046984778B1019B1B680193022723687E
:10CDD000314620461E6901AA0123B04710BB074611
:10CDE000384603B0F0BD0127F1E743784E2BE2D17E
:10CDF0008378552BDFD1C378432BDCD10379462BC5
:10CE00001AD00379432BD6D143792B2BD3D18379F5
:10CE10002B2BD0D1C379012BCDD808D050F8206C62
:10CE20005830CAE7019B2B60384603B0F0BD50F87C
:10CE3000200C50F8786CC0E743794F2BE1D183790F
:10CE4000522BDED1C379002BDBD1024E1846B4E75A
:10CE5000882600207426002010B5044600F07AF8D9
:10CE6000224612F82039472B04D0836823BB826006
:10CE7000012010BD63784E2BF7D1A378552BF4D148
:10CE8000E378432BF1D12379432BEED163792B2B1C
:10CE9000EBD1A3792B2BE8D1E379012BE5D854F81A
:10CEA000043C0133012B44F8043CE1D1836844F88D
:10CEB000083C8260012010BD00F06EFB08B500F058
:10CEC00049F8836883B393F82020472A04D00022CE
:10CED000826003F1200008BD93F821204E2AF6D18C
:10CEE00093F82220552AF2D193F82320432AEED139
:10CEF00093F82420432AEAD193F825202B2AE6D15F
:10CF000093F826202B2AE2D193F82720012ADED895
:10CF1000DA69013ADA61002ADBD19969816000227D
:10CF20009A6103F1200008BD00F036FB704700BF96
:10CF3000704700BF004870479825002010B50421B5
:10CF40000446FEF7A1FD204610BD00BF0048704713
:10CF5000E89A002000487047E89A0020502870B5F1
:10CF60001DD0844600F00F000C2855D8DFE800F0F3
:10CF7000074426071E545454542A22071E00104604
:10CF800050F8046B4EB10CF07004102C08BF114621
:10CF90000E441CF0800F18BF36681E6070BDD01C98
:10CFA00020F0030050F8046B1E6070BD104650F86E
:10CFB000086BE7E7104630F9026BE3E7104630F8FC
:10CFC000026BDFE700261046344610F8015B05F0DF
:10CFD0007F0E0EFA04FE15F0800F46EA0E0604F1ED
:10CFE0000704F2D11F2CCDD86D06CBD54FF0FF35FD
:10CFF00005FA04F42643C6E700261046344610F826
:10D00000015B05F07F0E0EFA04FE2D0646EA0E06C1
:10D0100004F10704F3D4B5E7FCF7CEFFFF2808B509
:10D02000034619D003F07002302A084616D005D8FE
:10D03000202A09D1BDE8084007F029BE402A09D1BD
:10D04000BDE8084007F010BE02D813F0600F03D00F
:10D05000FCF7B2FF502AFBD1002008BDBDE8084014
:10D0600007F012BEF8B50C461546064608B107F0A3
:10D07000FBFD286014F8017BFF2F28D16860204653
:10D0800010F8013BFF2B32D0102300242B752246D1
:10D0900010F8011B01F07F039340090644EA0304E2
:10D0A00002F10702F4D40444EC6010F8013B6B7504
:10D0B0000024224610F8011B01F07F0393401C431B
:10D0C0000B0602F10702F5D404442C61F8BD314689
:10D0D0003846FFF7A3FF224601462B1D3846FFF7CF
:10D0E0003DFF0446204610F8013BFF2BCCD12B75A9
:10D0F0000024D9E72DE9F04F00F0030493B000239A
:10D10000012C08930F46904613D0022C08D14146BB
:10D11000384607F093FD40B9082013B0BDE8F08F02
:10D12000002C00F09380FCF747FF092013B0BDE806
:10D13000F08F0DF1300A10F00804CDF800A000F0D7
:10D140009A8044F0020202920C910C221946404649
:10D1500007F00EF8404607F08DFD83460028D6D034
:10D16000524601464046FFF77DFF414605469DF881
:10D170004400FFF753FF0DF12C0900230E901946D0
:10D18000CDF800900F22404606F0CCFF0B9B23F019
:10D1900001035E1E109B9D4280F0BD809DF84540BE
:10D1A00000212046FFF73AFF2A46014609AB2046F8
:10D1B000FFF7D4FE9DF84550044600212846FFF7AE
:10D1C0002DFF224601460AAB2846FFF7C7FE9DF811
:10D1D0004550044600212846FFF720FF224601461D
:10D1E0004B462846FFF7BAFE00240546224615F8AE
:10D1F000011B01F07F0393401C430B0602F1070261
:10D20000F5D40C9B099A1344B34217D9029BD80753
:10D210002DD50024039400231946CDF800904046F4
:10D220000D22089D06F07EFF039B3B630B9BC7F816
:10D230002CB0C7E9095406203B626EE70A9A1344F2
:10D24000B34272D8109BAB42A8D8DFE702073FF584
:10D250005EAF012302930DF1300A0023CDF800A048
:10D260000C22194640460C9706F082FF72E7190718
:10D2700058D500F091F90D6A23460D22214640460B
:10D2800006F050FF0C9B9D4202D002230293E4E77C
:10D29000234621460C22CDF800A040460C9706F00C
:10D2A00067FF3A6B0392D7E90A43002A3AD09B46BC
:10D2B0000DF12C09002C54DB032500231A461946D6
:10D2C000CDF8009040460B9706F052FF0023194618
:10D2D0000122CDF8009040460B9406F049FF002350
:10D2E00019460F22CDF80090404606F01BFF0B9A1E
:10D2F0000399CDF8009002F001020A4300230B923B
:10D3000040460F22194606F033FF022D24D0072095
:10D3100013B0BDE8F08F029BDE073FF57AAF029BAA
:10D320001B07A6D4384606F029FC0B9B002B3FF4C4
:10D33000EEAE0D9A13440393002C36D1002B3FF42C
:10D34000E6AE029BDD073FF5E2AE029B1A0740F115
:10D35000168100240225B0E73846FFF77DFD07203F
:10D36000DBE66FF040431B1B1E46524659464046C3
:10D37000FFF778FE9DF844004146FFF74FFE0E9000
:10D3800005460F9850F8263000EB860033B1024670
:10D39000002352F8041F01330029FAD1C7E90A35E6
:10D3A000042378633B63032587E7109E039B013CBE
:10D3B0002644002B3FF4ABAE029B002E00F0D7803A
:10D3C00013F00803049300F0C98047233B704E23F9
:10D3D0007B705523BB704323FB7046233B714F2367
:10D3E0007B715223BB710023FB710023CDF818B071
:10D3F000CDF814809B46CDF81CA00024224616F8D8
:10D40000011B01F07F039340080644EA030402F184
:10D410000702F4D41F2A05D8490603D501239340F7
:10D420005B421C43002530462A4610F8011B01F0E0
:10D430007F0393401D430B0602F10702F5D41F2A18
:10D4400005D84B0603D5012393405B421D43002CB6
:10D4500034D036DC17B1049B002B4FD06FF0404A1C
:10D460000F9BAAEB040A53F82A30B3B1002D6AD0FF
:10D470002E44C2E7A3005B420F9A0E991A444B4612
:10D48000FFF76CFD0B9941B1002FEFD008AB0022E4
:10D490003846FFF789FC0028E8D0029BDDF81CA085
:10D4A000DB07DDE9058B3FF5B6AE049B002B3FF4AF
:10D4B00001AF002CBFF600AF00F07CF84FF0010B7D
:10D4C000D4E79DF84400FF2831D000F00703042B77
:10D4D0003FF629AE01A252F823F000BF8DAA010049
:10D4E0003FA701000FAB01008DAA010009AB0100AD
:10D4F000E3005B42C0E763005B42BDE76FF0404A78
:10D500000F9B089A0B92AAEB040A03EB8A0853F8C4
:10D510002A1019B90DE058F8041F51B141444B4687
:10D5200000223846FFF740FC0028F4D09EE7002395
:10D53000A2E7029BD8075646DDE9058BDDF81CA063
:10D540003FF569AE11E75B46DDF81480002B3FF430
:10D55000DEAD029BD9073FF5DAADFAE6FB79012B88
:10D560000CBF57F8203C07F1580308933DE7DA0752
:10D570003FF5CDAD029B13F008047FF4EAAE02251F
:10D580009BE606F07DFB74E608B58047FCF714FDCA
:10D5900006F076FBFCF710FD08B5034B1868BFF3E7
:10D5A0005B8FFFF7F1FF00BFBC76002008B5804716
:10D5B000FFF7F2FF08B5034B1868BFF35B8FFFF767
:10D5C000F5FF00BFC0760020024B1868BFF35B8FE9
:10D5D000704700BFBC760020024B1868BFF35B8F1A
:10D5E000704700BFC076002000B5012883B01DD869
:10D5F000BFF35B8FA1F1280353E8002F013A43E802
:10D6000000200028F8D1BFF35B8F62B951F81C3CB1
:10D6100001F1580013B101909847019803B05DF8EB
:10D6200004EBFFF797BB03B05DF804FB51F8140C53
:10D63000FFF7AAFF38B5002540E91E1240F8805CCC
:10D640000446FFF7C9FF44F8700CFFF7BDFF432203
:10D650002B23472104F8552C04F8542C04F8533C90
:10D6600004F8523C4E22552304F8581C04F8515C2F
:10D67000054904F8572C04F8563C44F86C0C44F85F
:10D68000501CA4F1800038BD01AC010010B582B07F
:10D69000CDE900210446FFF75DFC03464068009A8F
:10D6A0000199013058602046FFF7C4FF044601236A
:10D6B00044F8283B204607F0F5F8204606F0E0FA4B
:10D6C000FFF76AFF10B5FFF745FCD0E900420132D1
:10D6D000426064B194F82020472A0AD000220260F8
:10D6E0002034204607F002F9204606F0C9FAFFF779
:10D6F00053FF94F821204E2AF0D194F82220552A85
:10D70000ECD194F82320432AE8D194F82420432A2A
:10D71000E4D194F825202B2AE0D194F826202B2A56
:10D72000DCD194F82720012AD8D86269524262617C
:10D73000D6E700BF10B5034B03600446FFF724FA99
:10D74000204610BD0829002010B5054B0360044693
:10D75000FFF71AFA20460C21FEF796F9204610BD75
:10D760000829002070B582B00446069E96420D46F8
:10D7700009D0A06804680696246A2946A44602B027
:10D78000BDE87040604719460192009300F060F8D0
:10D79000DDE900320028ECD0062002B070BD00BFE9
:10D7A0002DE9F04F0C4681B01946DDE90A69DDE943
:10D7B0000C879B460546924600F04AF880B94645DC
:10D7C00022D0A86821460468CDE90C87CDE90A6912
:10D7D000E4695B465246A44601B0BDE8F04F60479D
:10D7E000002C3E6087F804A009DB2644B0450CBF3E
:10D7F00006260126BE71002001B0BDE8F08F02347C
:10D80000F9D10123BB71F6E74946284600F020F81C
:10D810000028D6D087F805A0EDE700BF2DE9F0413C
:10D8200006460F4614461D46FFF7E8F948B9B068AA
:10D83000016822468C692B463946A446BDE8F04172
:10D840006047BDE8F08100BF704700BF002070470F
:10D85000814211D008B5406803782A2B0AD0496864
:10D860000B782A2B08BF01310AF002FBB0FA80F0D6
:10D87000400908BD002008BD0120704770B53B4B32
:10D880001A7882B0002A41D101241C7006F07CFA7B
:10D89000002831D04468364D23782A2B08BF013444
:10D8A00000224FF0FF30114601AB0190204606F0F8
:10D8B000E5F82B683022DB68064601212D4809F087
:10D8C000C5FB019B93B12B682046D96809F0BEF9CE
:10D8D0002B682948DB680222012109F0B7FB019B74
:10D8E00013B9304607F048FAFFF7ECFE2B683046D4
:10D8F000D96809F0ABF9EBE71D4B20481B682D22D6
:10D90000DB68214609F0A2FBFCF756FB184B1C48CC
:10D910001B681D22DB68012109F098FBFCF74CFB1A
:10D9200001290C4619D106F0ABF903689B689847AA
:10D930002B682146DB6804460B22124809F086FB5F
:10D940002B682046D96809F081F92B680A20D9682C
:10D9500009F006F906F0D2F9D6E706F091F906F0DB
:10D96000CDF9D1E706F0CAF9FFF718FADEB60020C4
:10D970007C7C0020282300205C23002060230020E2
:10D9800008230020902300204068704710B54368AA
:10D990000C4A0D490446A3F10C00904282B021606C
:10D9A00005D12046FFF7C2FA204602B010BD53F859
:10D9B000042C511E002A43F8041CF2DC01A900F0DB
:10D9C000F3F8EEE740A30020682A002010B5436872
:10D9D0000C4A0D490446A3F10C00904282B021602C
:10D9E00005D12046FFF7A2FA204602B010BD53F839
:10D9F000042C511E002A43F8041CF2DC01A900F09B
:10DA0000D3F8EEE740A30020682A002010B5436851
:10DA10000E4A0F490446A3F10C00904282B02160E7
:10DA200008D12046FFF782FA2046FEF72BF8204661
:10DA300002B010BD53F8042C511E002A43F8041CF8
:10DA4000EFDC01A900F0B0F8EBE700BF40A3002035
:10DA5000682A002010B543680E4A0F490446A3F116
:10DA60000C00904282B0216008D12046FFF75EFA98
:10DA70002046FEF707F8204602B010BD53F8042CEC
:10DA8000511E002A43F8041CEFDC01A900F08CF8B9
:10DA9000EBE700BF40A30020682A0020F0B51B4B35
:10DAA000036083B0044649B308460D460AF0FCFB08
:10DAB0000746A8B101AA002100F03AF8012F064656
:10DAC00000F10C0311D0184629463A46FBF786F9B7
:10DAD00003460F4A96420BD12046636003B0F0BD67
:10DAE0000C4B6360204603B0F0BD2A780273F0E768
:10DAF0000022B26037603E443273EDE70648FEF71D
:10DB0000A5FF2046FFF712FAFFF748F9682A002020
:10DB100040A300204CA30020E825002010B50446B7
:10DB2000FFF7BCFF014B2360204610BD7C2A00207C
:10DB30001B4B984210B530D8884204461CD94A0085
:10DB4000904238BF144604F11D02B2F5805F04F123
:10DB50000D0018D98C4216D9C2F30B0204F580547B
:10DB6000A41A9C4228BF1C4604F10D00FDF786FF55
:10DB70000022C0E9014210BD00F11D03B3F5805F32
:10DB800000F10D0001D9002805DBFDF777FF002229
:10DB9000C0E9014210BDFEF749FF0248FEF76EFFE3
:10DBA000FCFFFF3FD0250020FDF76CBF312970B589
:10DBB000864645D828292AD80A2920D9A1F10B0C54
:10DBC000324C5FFA8CFC012000FA0CF00440002C6F
:10DBD0004DD0D2B1DEE90540844216DADEF81050AD
:10DBE00004EB840C05EB8C0001340026C0E90166CF
:10DBF000CEF8144005F82C10C0E9032370BD0429A9
:10DC000030D9A1F109000128E3D9002070BDA1F1AC
:10DC100029000828F9D801A454F820F0EDB101003A
:10DC200081B201007DB2010023B201007DB201008A
:10DC3000EDB10100EDB10100EBB1010081B20100D5
:10DC4000A1F13400C0B21D28DFD8114C4FF0010CF7
:10DC50000CFA00FC0CEA0404002CBAD10D480CEAC2
:10DC6000000070B1002AD0D0002BB3D1CDE710F462
:10DC70007F1FAFD1084C0440002CC6D0002AF3D13E
:10DC8000C3E71CF0505CC0D0A4E700BFFE1F802F8C
:10DC90000711C701F82E000A01004000F0B5C26864
:10DCA00011786E29864625D03039CBB2092B2BD876
:10DCB0000026164D00206FF0004402E0B0EBD30FB9
:10DCC00015DC0132CEF80C201378303B5FFA83FC70
:10DCD00000EB800001EB4000BCF1090F1946A4EBFA
:10DCE0000303A5FB0373E9D906B14042F0BD4FF031
:10DCF000FF30F0BD531CC36051783039CAB2092AD5
:10DD000002D81A460126D4E70020F0BDCDCCCCCCF9
:10DD100010B5044629B9C3681A786AB15A1CC260A2
:10DD2000197868290CD0762906D12046FFF7B6FF6E
:10DD3000E3681A785F2A01D0002010BD0133E36048
:10DD40002046FFF7ABFFE3681A785F2AF4D101336E
:10DD5000E360012010BD00BF10B4C3680A46197803
:10DD6000522910D04F2903D010465DF8044B70475C
:10DD7000C46A202103340133C462C3605DF8044BDC
:10DD80000023FFF713BFC46A1F210234F3E700BF6B
:10DD9000002966D038B505460C46A368012B39DC4E
:10DDA000D5F81C01B0F5806F03F1010332DC227855
:10DDB000A360531E502B2DD8DFE803F03131314CD6
:10DDC0002C2C2D2D31313131313131313131313155
:10DDD0003131312C31313131313131313131424216
:10DDE00031312C313131312931313131312C2D3139
:10DDF000313131313131313131313131312C2C311D
:10DE0000292929292C313131313131313100E4686E
:10DE1000002CC2D138BD2469002CBED1FAE7E168DC
:10DE2000431CC5F81C312846FFF7B2FF216928467C
:10DE3000FFF7AEFFD5F81C31013BC5F81C3138BDEA
:10DE4000E1680B78052BEBD1D5F838310133C5F8F3
:10DE50003831E5E7D5F84431E1680133C5F844319C
:10DE6000DEE77047034648B1002304E0C2682AB1E8
:10DE70000069013310B102782F2AF7D01846704795
:10DE8000C3681A785F2A01D00120704710B55A1C68
:10DE9000C2605A785F2A044604D0FFF7FFFEC043F1
:10DEA000C00F10BD0233C360FFF7F8FE002809DB86
:10DEB000092805DDE3681A785F2A03D10133E3609E
:10DEC000012010BD002010BD20B909E039B1006962
:10DED000013930B103782F2BF8D000207047C0688B
:10DEE00070477047F0B514465268A5684B1C134440
:10DEF000AB4283B00E46074611D8E5686DB963683A
:10DF00002068324618443946FAF768FFD4E90032EF
:10DF100033449D5463683344636003B0F0BDE268EA
:10DF2000002AFAD155B16D00AB42FCD820682946D1
:10DF300007F0E6F938B12060A560DEE7022B4FF06C
:10DF40000205F0D8F2E70190206806F015FF019B6A
:10DF50000122C4E90033C4E90232DEE70378722B00
:10DF600007D0562B05D04B2B03D0442B03D00020D9
:10DF7000704701207047407800F0DF034F2BF8D046
:10DF8000773801288CBF002001207047D0F800317D
:10DF9000FF2B70B504460D4606D05A1CC4F800216C
:10DFA000E55484F8045170BD0026194680F8FF60DE
:10DFB000D0E942329847D4F8283101221344C4F8FA
:10DFC00028313346C4F80021E55484F8045170BD6B
:10DFD000D0F810319BB1CA685B68002A1B6909DB65
:10DFE00023B907E042B11B69013A1BB119782F2907
:10DFF000F8D0002318467047DB68184670470122A6
:10E00000C0F81821F6E700BF002940D02DE9F04103
:10E01000DFF884801F4F05460C4601262378082B25
:10E0200013D8082B1ED8DFE803F00D1D1D1D1D277A
:10E030000D232300172B15D9183BDBB227FA03F366
:10E04000DB070FD50020BDE8F0812C2BF2D9323B45
:10E05000DBB21B2B06D806FA03F212EA080FF1D145
:10E06000012B05D0E1682846FFF7CEFF0028EAD152
:10E070002469002CD2D1E5E721462846FFF7A8FF06
:10E080000028DFD003782F2BDCD1BDE8F081002001
:10E09000704700BF018010000100E30C2DE9F04142
:10E0A000044608460D460AF0FFF840B3013DD4F897
:10E0B00000112F184FF0000809E00B46BD4201F196
:10E0C0000101C4F80011E65484F8046117D0FF2957
:10E0D00015F8016FF1D1D4E9423284F8FF8020466F
:10E0E0009847D4F8283101210B44C4F82831002383
:10E0F000BD42C4F80011E65484F80461E7D1BDE8DC
:10E10000F08100BF38B5C3681A78542A24D15A1C4C
:10E11000C2605A785F2A044620D06E2A1CD0FFF7CE
:10E12000BDFD411C18D4E3681A785F2A14D101336D
:10E13000D4E905208242E3600EDA236902EB820C07
:10E1400003EB8C0001320025C0E901556261052214
:10E1500003F82C20C16038BD002038BD02330021F7
:10E16000E6E700BF2DE9F04188B00A4604461A49A7
:10E1700001A809F00FF801A80AF096F840B301AD24
:10E18000D4F800112F184FF0000809E00B46BD42EB
:10E1900001F10101C4F80011E65484F8046117D0BC
:10E1A000FF2915F8016BF1D1D4E9423284F8FF80E0
:10E1B00020469847D4F8283101210B44C4F828316F
:10E1C0000023BD42C4F80011E65484F80461E7D18D
:10E1D00008B0BDE8F08100BFFC4C002070B50446DB
:10E1E000FFF75CFD051E46DDE66863689B1B9D42EC
:10E1F0003EDCA26873195207E36004D5725D242ADD
:10E2000004BF0133E360092D22DD2A49082230468C
:10E2100009F04AF930B9337A2E2B2ED05F2B2CD04F
:10E22000242B2AD0D4E90532934221DA206903EB6A
:10E23000830200EB820001330022C0E90122636106
:10E2400000230370C0E90133C0E90365A06270BD1B
:10E25000D4E9053293420BDA206903EB830200EB29
:10E26000820001330022C0E901226361002EE7D160
:10E270000020A06270BD002070BD737A4E2BD1D1FA
:10E28000E26A6369A1691632521B8B42E262EFDADD
:10E29000226903EB830081000133636102EB80009C
:10E2A0000023C0E901335354034A1523C0E9032373
:10E2B000DFE700BF543E0020603E00202DE9F04122
:10E2C000C3681A78532A31D15A1CC2605A7804465E
:10E2D000A2B39A1CC2605A785F2A44D0A2F13003DC
:10E2E000D8B2092826D800210DE0303B99421DD82C
:10E2F000E06802781946451C1AB1E56002785F2A89
:10E300003BD0A2F13003D8B2092801EBC103A2F13E
:10E31000410C02EB8303E8D9BCF1190F06D801EBDD
:10E32000C10302EB8303373B9942E1D9002528461C
:10E33000BDE8F081A2F141001928D4D9A36803F007
:10E340000803002B14BF0125002500D1B9B93F4BAC
:10E35000742103F1A80001E013F81C1F914215D0AD
:10E360008342F9D1E2E70023226A9A42DED9E269C8
:10E3700052F823502846BDE8F0810133F4E7E36802
:10E380001B78433B012B98BF0D46E0E75E69002EEA
:10E3900054D0D4E905208242D3F8188053DA276993
:10E3A00002EB820C07EB8C014FF0000EC1E901EE8D
:10E3B00001324FF0180E626107F82CE0C1E90368E2
:10E3C000A162002D37D0D3E90371E36A82420B4486
:10E3D000E36236DA236902EB820003EB8005013247
:10E3E0000026C5E901666261182203F82020C5E90C
:10E3F0000371E3681A78422A99D1A66A0133E3606F
:10E400002046FFF7EBFE2A4603464D212046FFF744
:10E41000CDFBE3681A78422A0546EFD0A6620028B1
:10E4200084D0D4E90832934280DAE1695A1C41F879
:10E43000230022627BE7D3E90171C6E7D4E9052016
:10E44000BFE70025D5E70021BAE700BFD053002081
:10E450002DE9F043C26883B004461046FFF77EFD05
:10E46000002866D113785A2B31D82F2B5CD9303B3A
:10E470002A2B59D8DFE813F08C008C008C008C001C
:10E480008C008C008C008C008C008C005800580094
:10E4900058005800580058005800D6015800D900BC
:10E4A000ED005800E700600158005800580058007F
:10E4B000580018028C00CB00BD005800AF00950139
:10E4C0006E01BE0158005800580058008C00613B96
:10E4D0005FFA83FCBCF1190F26D8C44D012101FA63
:10E4E0000CF10D40EDB1C24903EB830301EB830155
:10E4F000D4E90535AB4280F2C583266903EB830C72
:10E5000006EB8C050133C5E901006361272306F89A
:10E510002C30E960E36A496801320B44E260E3624F
:10E5200003E0BCF1140F48D00025284603B0BDE835
:10E53000F083002201A9204601F0B4FA0546002824
:10E54000F2D0E3681B78462B20461ED0FFF780FFF1
:10E5500028600028E8D003781F3B012B05D8019ADA
:10E56000C368C2602A6801922B60019D002DDBD038
:10E57000D4E908329342D7DAE1695A1C284641F8B7
:10E580002350226203B0BDE8F08300F0FDFBDFE71B
:10E59000204601F06BFD05460190002DC4D0D4E962
:10E5A00008329342C0DAE16941F82350019D5A1CB8
:10E5B0002846226203B0BDE8F0830132E2602046C3
:10E5C000FFF70CFE2B46024628212046FFF7EEFA05
:10E5D00005460190E1E70132E2602046FFF738FF8F
:10E5E0000023024623212046FFF7E0FA054601906A
:10E5F000D3E70132E2602046FFF72AFF00230246FC
:10E6000022212046FFF7D2FA05460190C5E70132E4
:10E61000E2602046FFF71CFF00230246242120462B
:10E62000FFF7C4FA05460190B7E70132E2602046E1
:10E63000FFF70EFF0023024625212046FFF7B6FA1A
:10E6400005460190A9E7204600F09EFB0546019093
:10E65000A3E7531CE3605378002B3FF465AF931C92
:10E66000E3605378463B302B3FF65EAF01A151F893
:10E6700023F000BF2DBF010041BB010041BB0100E1
:10E6800041BB010041BB010041BB010041BB010096
:10E6900041BB010041BB010041BB010041BB010086
:10E6A00041BB010041BB010041BB0100F1BE0100C3
:10E6B00041BB010041BB010041BB010041BB010066
:10E6C00041BB010041BB010041BB010041BB010056
:10E6D00041BB010041BB010041BB010041BB010046
:10E6E000C5BF010041BB010099BF0100B3C10100DA
:10E6F00083C1010021C0010041BB0100F1BF010045
:10E7000053C1010041BB010041BB010041BB0100FD
:10E7100041BB010023C1010041BB01000BC101004D
:10E7200041BB010041BB0100DBC00100F1BE0100A3
:10E73000ABC0010051C001000132E2602046FFF78A
:10E7400087FE0023024626212046FFF72FFA0546C2
:10E75000019022E72046FFF7D5FCE6680190337868
:10E76000492B05467FF419AF636B002B40F05782AD
:10E7700000283FF4D9AED4E908218A42BFF6D4AECE
:10E78000E16941F82200013222623278493A012AD5
:10E7900005D80136E660204600F00CFE03462A4606
:10E7A0001CE05378A3F13002092A05D95F2B03D06E
:10E7B000413B192B00F2268200212046FFF77EFD07
:10E7C000E36801901A78492A05467FF4AEAE01331A
:10E7D000E360204600F0EEFD2A4603460421204671
:10E7E000FFF7E4F905460190D7E600BFFF7BEC0395
:10E7F000D43300200132E2602046FFF7EFFCE368EB
:10E8000001901A78492A054600F0E1812046FFF779
:10E810001FFE2B46024621212046FFF7C7F9054679
:10E820000190BAE6551CE56053785F2B00F0CD816E
:10E83000303B092B00F2D8812B469C460133E36024
:10E84000197830390929F8D9D4E905108142ACEB9F
:10E850000202BFF669AE276901EB810007EB800673
:10E860004FEA800E002001318242C6E90100616159
:10E870007FF75AAEC6E9010007F80E00C6E9035259
:10E880009CF801201D465F2A7FF44EAE0135E560FD
:10E890002046FFF7DDFD324603462A212046FFF7DA
:10E8A00085F90546019078E60132E2602046FFF7DF
:10E8B000CFFD054600283FF437AE2046FFF7C8FDE0
:10E8C000034600283FF430AE2A462B212046FFF7AE
:10E8D0006DF90546019060E60123256B2363204610
:10E8E00000F030FE25630246002344212046FFF756
:10E8F0005DF90546019000283FF416AEE3681A78EA
:10E90000002A3FF411AE5A1CE2601B78452B7FF4BD
:10E910000BAE44E6D4E905318B4280F2B581216922
:10E9200003EB830001EB800501330026C5E9016696
:10E9300063612C2301F8203093780195303BDBB2E2
:10E94000092B94BF012333462B8202D82046FFF7C0
:10E95000A5F92046FFF77CFDE86000283FF4E4AD10
:10E960002046FFF79BF9E268137813B1531CE3606C
:10E970001378A3F17303B3FA83F35B096B82D4E5D5
:10E98000D4E905329342BFF6CFAD2269C04903EB0B
:10E990008305A8000133636102EB85050023C5E907
:10E9A000013313540E23C5E90313BEE5D4E9053240
:10E9B0009342BFF6B9AD2269B64903EB8305A800BF
:10E9C0000133636102EB85050023C5E9013313546C
:10E9D0000423C5E90313A8E5D4E90532934280F284
:10E9E0006B81226903EB830102EB81050133002077
:10E9F000C5E901006361272302F82130E36AA64AD2
:10EA0000EA600433E36290E5D4E90532934280F290
:10EA10005381226903EB830102EB8105013300205E
:10EA2000C5E901006361272302F82130E36A9B4AAC
:10EA3000EA600933E36278E593785F2B00F0148194
:10EA4000D4E905329342BFF66FAD226903EB83012F
:10EA500002EB810501330020C5E901006361432316
:10EA600002F821302046FFF719F9E860E3681A78C8
:10EA70005F2A7FF459AD0133E3602046FFF7E8FCDD
:10EA80002A4603462D212046FFF790F805460190BF
:10EA900083E5D4E90532934280F20E81226903EBCB
:10EAA000830102EB810501330020C5E901006361A8
:10EAB000272302F82130E36A794AEA600733E362E8
:10EAC00033E5D4E90532934280F2F680226903EB04
:10EAD000830102EB810501330020C5E90100636178
:10EAE000272302F82130E36A6E4AEA600833E362C2
:10EAF0001BE52046FFF7ACFC002302464C212046D4
:10EB0000FFF754F80546019047E5D4E905329342F2
:10EB100080F2D280226903EB830102EB810501338D
:10EB20000020C5E901006361272302F82130E36A70
:10EB30005D4AEA601133E362F7E4D4E905329342B7
:10EB400080F2BA80226903EB830102EB8105013375
:10EB50000020C5E901006361272302F82130E36A40
:10EB6000524AEA600833E362DFE4D4E905329342B3
:10EB700080F2A280226903EB830102EB810501335D
:10EB80000020C5E901006361272302F82130E36A10
:10EB9000474AEA600A33E362C7E4D4E905329342A4
:10EBA00080F28A80226903EB830102EB8105013345
:10EBB0000020C5E901006361272302F82130E36AE0
:10EBC0003C4AEA600933E362AFE400265EE60133C3
:10EBD000E360204600F0EEFB2A460346042120466F
:10EBE000FEF7E4FF054611E60123256B236320466B
:10EBF00000F0A8FC2563064600283FF495ACE568C4
:10EC00002A7840E6204601F031FA054601900028B6
:10EC10003FF48AAC0378182B7FF4C1AC85E4731CF5
:10EC2000E3602046D4F81490D4F82080E76A00F01E
:10EC3000C1FBE3681B78492B06D0E660C4F814904A
:10EC4000C4F82080E762A8E4002D3FF46DACD4E95D
:10EC500008139942BFF668ACE26942F821500131CD
:10EC600003462A462162B9E503320123256BE2609F
:10EC70002363204600F066FC2563054600287FF4E8
:10EC8000F5AE51E4C368FFDE00231B70FFDE00BF5A
:10EC9000803E0020783E002018360020DC35002021
:10ECA0002C360020403600206836002054360020E4
:10ECB00004360020F03500200023DB68FFDE00BFB3
:10ECC00030B5C26883B0002301931378002B34D091
:10ECD000044601AD4F2B0CD009D82E2B01D0452B6B
:10ECE0000AD1019848B30369CBB103B030BD522BB0
:10ECF00002D15378452BF4D02046FFF7A9FB0246FA
:10ED000000232E212046C2B1FEF750FF2860A0B19B
:10ED1000E268137800F11005002BDBD1E1E7C2684F
:10ED200011782729E1D1D268117C0929DDD1E16A66
:10ED30005268891AE162C360D7E7002003B030BD92
:10ED400070B5C3681A784A2A05461AD081B1284698
:10ED5000FFF77EFB044690B12846FFF7B1FF03465C
:10ED600068B1224628462921BDE87040FEF71EBF43
:10ED700028460C46FFF7A4FF03460028F1D10020E7
:10ED800070BD0133C360E2E710B50446806810F43B
:10ED900080200BD1E26BB2F5006F06D8511CE368FE
:10EDA000E1631978462907D0E26310BDE3681A7859
:10EDB000462A01D0002010BD5A1CE2605A78592A18
:10EDC00004BF0233E36001212046FFF7B9FF01468B
:10EDD0002046FEF7C1FFE3681A78452A04BF0133D5
:10EDE000E360A36818BF00205B03DED4E26B013A46
:10EDF000DAE700BFF8B5C3681F78064677BB4FF067
:10EE0000000E3D4D482100228B1A03EBD37302EB19
:10EE10006303180105EB031C2C582078B84206D078
:10EE200094BF5A1C19468A42EED10020F8BD607882
:10EE30007045F5D1D6E905329342F6DA326903EB33
:10EE4000830102EB810001330024C0E901447361B6
:10EE5000322302F82130C0F80CC0F8BD5A1CC26041
:10EE600093F801E01F78BEF1000F02D1762FC8D0D1
:10EE7000C5E79A1CC260762F93F801E01FD1AEF16E
:10EE80003004E3B2092BBCD8FFF7A8F9D6E9053165
:10EE90008B420246C9DA376903EB830107EB810035
:10EEA00001330025C0E9015589007361002ABCD0F7
:10EEB0003323C0E901557B54C0E90342F8BD632FF9
:10EEC0009FD1BEF1760F9CD1D0E90C34B3FA83F315
:10EED0005B094363FFF7BCFA736B024633B100234F
:10EEE00035213046FEF762FE7463F8BD34213046AA
:10EEF000FEF75CFEF8E700BF7C360020F8B5C3687B
:10EF00001A78A2F130010929044665D9552A6CD036
:10EF100038D8442A0FD94C2A0AD10133C360FFF7ED
:10EF20005DF9054620B12046FEF7AAFF00283BD137
:10EF300000252846F8BD422AFAD9816A41B10878ED
:10EF4000002840F09180E26A08690244E2621A787F
:10EF5000432A00F0C880442A40F084805A78303A2E
:10EF6000052AE5D801A050F822F000BF8FC60100A5
:10EF7000E7C60100D5C6010049C50100E1C6010090
:10EF8000DBC60100A2F161011929D1D86F2A056BF6
:10EF900000F0A0802046FFF72DFF2563054618B13D
:10EFA0000378322B00F0C680E3681A78422AC0D179
:10EFB000A66A0133E3602046FFF710F92A460346AC
:10EFC0004D212046FEF7F2FDE3681A78422A0546F5
:10EFD000EFD0A6622846F8BDFFF700F9E3681A787B
:10EFE0000546422AE4D02846F8BD5A786C2A00F03B
:10EFF000C180742A9CD1591CC1605A78742A37D1B7
:10F000009A1CC2609A785F2A00F008816E2A8FD01D
:10F01000FEF744FE0130E36800F1FD801A785F2AB4
:10F0200020D10133D4E905218A42E36080F20081D6
:10F03000266902EB820706EB870501320021C5E94C
:10F0400001116261492206F82720E860D4E908200E
:10F05000824280F2EA80E16941F822500132226264
:10F060001A78BEE70025BCE718287FF471AF6AE77D
:10F070000B460025B5E74FF0010ED4E905209F1C93
:10F080008242E76080F2C280D4F810C002EB8200B6
:10F090000CEB800501320026C5E901668000626143
:10F0A000002900F0B380C5E9016608220CF80020B1
:10F0B00085F80CE029619A783B4692E74FF0030E01
:10F0C000DBE74FF0050ED8E74FF0040ED5E74FF021
:10F0D000020ED2E75A786E2A7FF45CAF0233002228
:10F0E000C360026356E75A78492A7FD0A2F1310003
:10F0F00004283FF61DAF303A0233D6B2E360D4E9BC
:10F100000532934280F28680276903EB830207EB86
:10F11000820501330020C5E90100920063610029E6
:10F1200078D00723C5E90100BB54E3682E73296139
:10F130001A7856E7C268E36A9168126807330B448D
:10F14000E36213786C2B7FF42FAF5378692B7FF435
:10F150002BAF9378002B7FF427AF2046FFF73EF8C4
:10F160002A46034637212046FEF720FDE368054680
:10F170001A7836E7591CC1605A786C2A7FF478AF48
:10F180000233C360FFF79CFDE3680646002842D0C7
:10F190001A78452A7FF466AF5A1CE2605A785F2AD3
:10F1A00049D06E2A3FF4C4AE2046FEF777FD013009
:10F1B000E36830D41A785F2A7FF454AF0133626970
:10F1C000A169E3608A4233DA216902EB820701EB2D
:10F1D000870501324FF0000CC5E901CC626147227E
:10F1E00001F82720C5E903601A78FAE6591CE160A6
:10F1F0009A78A2F13100042813D80333303AE3603F
:10F200002046D6B2FFF724F9A16A78E79A7800255C
:10F210003B46E6E6E3681A780025E2E60333002081
:10F2200000E75A7800250B46DBE61A780D46D8E64B
:10F230001A780025D5E602330020C0E7F8B5C26889
:10F2400013784C2B32D1531CC36051785F2904468C
:10F2500051D05A2913D15A1CE2605B78472B43D016
:10F26000542B41D00021204601F04EF8E3681A7873
:10F270000646452A1AD10133E3603046F8BDFFF750
:10F28000E7F8064690B10378272B12D0E26815788C
:10F290006E2D23D03D21452D59D0134603E0E36068
:10F2A0001D78452D2FD00133002DF8D10026304692
:10F2B000F8BDC3681A7C1AB1E26A5968521AE26250
:10F2C0002549186808F0D4FD0028DFD1E2681578D8
:10F2D000452D3ED06E2D01D03D21DEE7531CE3606D
:10F2E00055783E211A46D6E7204600F085FCE368B3
:10F2F00006461A78BDE7931CC36092785A2A18BF55
:10F300000026B6D1A7E79D1AD4E9050398421CDA76
:10F31000D4F810E000EB80070EEB87034FEA870C70
:10F3200000270130BD42C3E9017760610DDDC3E90B
:10F3300001770EF80C70C3E9032532462046FEF72C
:10F3400035FCE36806461A7893E70023F5E70025C5
:10F35000DAE70132E260AAE70C3B002038B5C26868
:10F3600013784C2B20D0044608D8493B012B16D8E3
:10F370000132BDE83840C26000F01CB8582B0ED1F5
:10F3800001320123056BC260036300F0DBF8E36820
:10F3900025631A78452A0BD10133E36038BD204636
:10F3A000BDE83840FFF754B8BDE83840FFF746BF26
:10F3B000002038BD70B5C368866A1A78452A82B0C5
:10F3C00004461FD00023019301AD09E0FEF7EEFBD8
:10F3D000286000F1100560B1E3681A78452A0BD067
:10F3E0002046FFF7BBFF024600232F212046002ABC
:10F3F000ECD1002002B070BD0198A6620133E36039
:10F4000002B070BD5A1C0023C2602F211A4602B000
:10F41000BDE87040FEF7CABBF8B5C268147894B373
:10F4200006460F460025A4F130034A2B2BD8DFE80F
:10F4300003F02D2D2D2D2D2D2D2D2D2D2A2A2A2A6F
:10F440002A2A2A2A2A2D772B2A2A2A682A2A2D5F55
:10F450002A2A2A2A2A534B2D2A2A2A2A2A2A2A2ABF
:10F460002A2A2A2D2D2D2D2D2D2D2D2D2D2D2D2DD5
:10F470002D2D2D2D2D2D2D2D2D2D2D2D2D00F268E9
:10F480001478002CCFD100252846F8BD3046FFF770
:10F4900035FD0346002D4ED10546532CEFD0F268C2
:10F4A0001478452CF0D0002FEBD0002DEBD0D6E90E
:10F4B00008318B42E7DAF16941F8235001333362B6
:10F4C0001478002CAFD1DEE73046FEF71BFE034672
:10F4D000002D30D11D46E2E701213046FEF7EEFE59
:10F4E000034645BBF26814781D46002C9BD1CAE741
:10F4F000002DC8D0531CF36054781A46002C92D1CA
:10F50000C1E7002DBFD00132F2603046FFF752FF55
:10F51000042103462A463046FEF748FB0546BCE771
:10F52000537803F0DF03542B304606D0FFF7E6FC98
:10F530000346002DCED00121ECE7FEF789FF0346FC
:10F54000C6E700BFC26813784C2B00F08980542BAB
:10F5500000F08880F0B5732B83B004465AD0662B38
:10F5600028D0A3F1300109290CD82046FFF7C6FCAA
:10F570000546002870D0E3681A78492A74D02846D6
:10F5800003B0F0BD6F2B61D0692B7BD153786C2B0E
:10F5900047D10232E2600025117800295CD053780F
:10F5A000002B59D04521204600F042FA2A46034656
:10F5B000312161E05378702B33D1931CC360937871
:10F5C000542B00F048815F2B00F086806E2B43D0D7
:10F5D000FEF764FB411C3FD4E3681A785F2A3BD1F5
:10F5E0006FF0004201339142E36035D00230D4E93C
:10F5F0000532934230DA226903EB830102EB810585
:10F6000001330026C5E901666361062302F8213053
:10F61000E860B4E75378722B00F0F880702B00F0AC
:10F6200012812046FFF7E6FB0546A8B10378322B8E
:10F6300035D0342B00F09B810ED8332B0CD1C3680E
:10F64000032B09D8DFE803F06DCE080853786E2B42
:10F65000E7D10232C26088E70025284603B0F0BD3A
:10F66000FFF7ECBDFEF74EBD0133E3602046FFF728
:10F67000A1FE2A4603460421204603B0BDE8F0401F
:10F68000FEF794BA742B40F0B28053786C2BC8D13B
:10F690000232E260FEF7DCFEE26805467CE7C16804
:10F6A000E36A8A680E68023A1344E3623378732B84
:10F6B0000BD17278742A08D1B27832B92046FEF79D
:10F6C000C7FE2A4603463721D6E7CF68032FC3D8A3
:10F6D000DFE807F02706542B0332C260012086E7DB
:10F6E0003278702A00F0C0806D2A00F0BD800027BB
:10F6F000732B40F0B4807378502B40F0B080B37817
:10F70000002B40F0AC802046FFF754FE03462FB19B
:10F710001A4639212046FEF749FA03462A46372180
:10F72000AAE700232A463621A6E7712B40F0C480C1
:10F730007278752A40F0C080B278002A40F0BC8010
:10F740002046FFF7FFFE06462046FFF7FBFE074672
:10F750002046FFF7F7FE034600283FF47DAF3A4608
:10F760003C212046FEF722FA324603463B21204642
:10F77000FEF71CFA2A4603463A217DE7EB681B6830
:10F780005A78632A00F00E813378662B00F03381BB
:10F79000642B40F027817378692B40F02381B37884
:10F7A000002B40F01F812046FFF7A8FB0746337867
:10F7B000632B40F0B48072786C2A40F0B080B2784D
:10F7C000002A40F0AC804521204600F031F9024685
:10F7D000134639213A462046FEF7E8F92A46034601
:10F7E000382149E72046FFF7ADFE034696E7752B23
:10F7F0007FF417AF0132C260FEF7F0FC01902046A3
:10F80000FFF7D8FD019A03463F2135E7931C816B32
:10F81000C360937831B1552B4AD8422B32D8303B54
:10F82000092B36D92046FEF713FE05462046FFF782
:10F8300065FBE36819784929024600F0A580134664
:10F8400001212A4618E70232C260FFF77BFE00233F
:10F8500002464C2110E70332C2600020C7E6204672
:10F86000FFF770FE034652E7717891427FF43FAF95
:10F87000E26811785F297FF43BAF0132E2603378B0
:10F88000002735E7684A433BDBB222FA03F3DB0784
:10F89000C8D54FF0FF33A36300212046FFF7BCFD1E
:10F8A000E3681A78452A0546C0D10133E360BDE715
:10F8B000613B192BB6D8ECE7642B06D17378582B33
:10F8C00003D1B378002B3FF43BAF3378662B00F0C5
:10F8D00097806E2B7FF4C0AE7378772B02D0612BAC
:10F8E0007FF4BAAE5F21204600F0A2F8064620461B
:10F8F000FEF7AEFDE3681A78452A074600F09080CF
:10F90000702A00F08180692A7FF4A6AE5B786C2BA8
:10F910007FF4A2AE2046FFF715FE03461FE7642BD7
:10F9200053D17278742A50D1B278002A4DD1E3684D
:10F930001A78672A5BD0732A02D15B78722B4CD07D
:10F940002046FFF7DBFAE3681978492902467FF47D
:10F950003FAF0133E36020460192FFF72BFD019A90
:10F96000034604212046FEF721F9024630E7E3680A
:10F970001A785F2A7FF436AF0133E36045212046D1
:10F9800000F056F80346C9E60133E36020460192D1
:10F99000FFF710FD019A034604212046FEF706F901
:10F9A00002464CE71B78732B0AD0633BDBB20F2B6C
:10F9B0003FF6EAAE1D4A52F82330002B3FF4E4AE86
:10F9C0002046FEF745FD0746F1E6702B05D173781A
:10F9D000742B02D1B378002BA9D02046FFF7B2FDDB
:10F9E0000246F5E62046FFF7ADFD0746DFE65B7809
:10F9F000732BA5D1F1E72046FFF7FCF90746D6E6C1
:10FA00002046FFF7F7F99EE65A78692A7FF424AE7C
:10FA10000233E3604521204600F00AF803469EE6E3
:10FA20000133E36000239AE601020400A0030020F2
:10FA30002DE9F041C2680E46117882B00023B14230
:10FA40000446019324D0D0F8308001AD012709E0AD
:10FA5000FEF7ACF8286000F1100578B1E3681A7879
:10FA6000B2420FD027632046FFF76CFD0246002309
:10FA70002E212046C4F83080002AE9D1002002B0AF
:10FA8000BDE8F08101980133E36002B0BDE8F08188
:10FA90000132C2602E211A4602B0BDE8F041FEF7E5
:10FAA00085B800BF2DE9F04F0F46C168B2F10009DB
:10FAB00083B00A78044615BF4FF01E0A4FF01B0AA8
:10FAC0004FF01D084FF01A0814BF1C2619263D469A
:10FAD0004FF0010B1BE0562A33D04B2A37D04B781E
:10FAE00053B38B1CE3604B78782B4FD06F2B34D102
:10FAF000E36A0933E3625021002300222046FEF727
:10FB000055F82860C0B1E1680A7800F10C05084694
:10FB1000FEF724FA00283FD04B1C722AE360DAD1AA
:10FB2000E36A0933E3623146002300222046FEF7F0
:10FB30003DF828600028E6D10025284603B0BDE83E
:10FB4000F08FE36A0933E36241460023D5E7E36AB5
:10FB50000633E36251460023CFE74F2B38D1E36AE7
:10FB60000933E3622046236BC4F830B00193FFF7FA
:10FB7000E9FC019B236303460028DDD0E26811788D
:10FB80004529D9D10132E2605021B6E7E36A113349
:10FB9000E3624E210023B0E7B9F1000FCDD1462A30
:10FBA000CBD1BD42C9D01D201E211C2204E0192B3F
:10FBB0000CD00C37BD42C0D03F683B781A2B03D025
:10FBC0001B2BF4D13970F4E73870F2E73A70F0E7A4
:10FBD000772BB1D1E36A0633E3622046FFF770F872
:10FBE00003460028A8D0E26811784529A4D1013243
:10FBF000E260512181E700BF2DE9F041C16AC3688D
:10FC000001F11402C2621A78542A82B0044675D0F7
:10FC1000472A28D15A1CC2605A7822B39A1CC26063
:10FC20005A78562A23D8402A1DD9413A152A1AD87B
:10FC3000DFE812F01D011900190019001900190060
:10FC400019001900190019001900190019001900EC
:10FC5000190019001900FF001900E9001900DE0061
:10FC6000E3680233E360002002B0BDE8F081722A4D
:10FC7000F9D1FEF713F80128F5DDE3681A78002AB8
:10FC8000F1D05E1CE6601B785F2BECD10022451E94
:10FC900017464FF042083378002BE4D0242B40F075
:10FCA0009F817378532B00F0BF815F2B00F0BA81E6
:10FCB000242BD8D11946D4E905039842D0DA266915
:10FCC00000EB800C06EB8C030130C3E90177606127
:10FCD00006F82C80E668D960023D0236E660002A0C
:10FCE00000F09E8141212046FDF760FF024600287A
:10FCF000B9D0002DCFDC002340217EE05A1CC26029
:10FD00005A78002AAFD09A1CC2605B78413B352BF1
:10FD1000A9D801A252F823F0F7D401007FD2010044
:10FD2000C3D401007FD201007FD2010003D50100BE
:10FD30007FD2010067D50100E1D50100D5D50100D2
:10FD40007FD201007FD201007FD201007FD201006B
:10FD50007FD201007FD201007FD201007FD201005B
:10FD6000EDD5010073D501007FD2010083D50100DC
:10FD700093D501007FD201007FD201007FD2010024
:10FD80007FD201007FD201007FD201007FD201002B
:10FD90007FD201007FD201007FD201007FD201001B
:10FDA0009FD501007FD201007FD201007FD20100E8
:10FDB0007FD201000FD501007FD201007FD2010068
:10FDC0007FD201007FD201007FD201007FD20100EB
:10FDD0007FD201007FD201007FD201007FD20100DB
:10FDE0007FD201007FD201007FD201003BD501000C
:10FDF00000F03CF9002302461321204602B0BDE882
:10FE0000F041FDF7D3BE9A78002A00F00F81DA1C8A
:10FE1000C2609A78DB786E2A3AD0472B02D0542BF6
:10FE200040F004812046FFF7E7FE024600234A2106
:10FE3000E3E700F01BF9D4E905139942024680F28A
:10FE4000FF800190206901EB810600EB860500230D
:10FE5000C5E9013301314323616100F826302046B2
:10FE6000FDF71CFF019AE8602B461621C5E79B7839
:10FE7000472B01D0542B06D12046FFF7BDFE02468A
:10FE800000231721B9E7002100F03EFA0246F7E708
:10FE9000472B00F0E180542B00F0DE80002100F0C1
:10FEA00033FA024600234B21A7E7FEF7D1FA0546B5
:10FEB0002046FDF7F3FE0028FFF6D5AEE3681A787A
:10FEC0005F2A7FF4D0AE0133E3602046FEF7C0FA2C
:10FED000E16A0531E16202462B460B218DE7FFF70F
:10FEE0003DFA00230246302187E7FEF7B1FA0023EE
:10FEF00002460E2181E76821FDF70AFF00283FF442
:10FF0000B2AEE3681B78472B00F0A180542B00F0C1
:10FF10009E800021204600F0F7F9024600230F21C1
:10FF20006BE77621FDF7F4FE00283FF49CAEE36812
:10FF30001B78472B00F08680542B00F08380002133
:10FF4000204600F0E1F902460023102155E700F0B9
:10FF50008DF80023024614214FE70A31C162FEF7F3
:10FF600077FA002302460A2147E70F31C162FEF704
:10FF70006FFA0023024609213FE700F077F80023DB
:10FF80000246152139E70021FDF7C2FE00283FF4A3
:10FF90006AAE00212046FDF7BBFE00283FF463AEA9
:10FFA000E3681B78472B5CD0542B5AD000212046A5
:10FFB00000F0AAF90246002311211EE7FEF748FAD5
:10FFC00000230246122118E7FEF742FA00230246F8
:10FFD0000C2112E7FEF73CFA002302460D210CE744
:10FFE000B446002104E01CF8013F23B1242B02D0C9
:10FFF0000131A942F7DBD4E9053083421CDA2069DC
:02000004600298
:1000000003EB830C0133636100EB8C03C3E90177DD
:1000100000F82C70C3E90361E6686D1A0E445DE6D2
:100020001A4666E62E2146E62F2144E600212046A8
:1000300000F06AF90246F9E6E3680B44E36012E671
:10004000002511E72046FFF7D7FD02467CE7204652
:10005000FFF7D2FD024661E72046FFF7CDFD0246DD
:1000600020E72046FFF7C8FD0246A4E7F0B5C268C6
:1000700013784E3B83B004460C2B08D8DFE803F01E
:100080003107070707170712070707075500FEF78D
:1000900035FFE3681A78492A054600F0D2802846E1
:1000A00003B0F0BD03B0BDE8F040FEF727BF5378C2
:1000B000742B00F08E800021FEF700F9E3681A78B7
:1000C000492A0546EBD10133E3602046FFF772F978
:1000D00003462A460421204603B0BDE8F040FDF760
:1000E00065BD0132C26001A90122FFF7DBFC0546B4
:1000F000002800F0B78000212046FDF72DFE0121E9
:1001000006462046FFF788F92860002800F0AA80FC
:1001100016B1019BF3600196E3681A78452A40F016
:10012000A1800133019DE360B9E7531CC36053789C
:10013000472B02D0542B40F099802046FFF75CFDFE
:100140000546002D00F08E80E3681A78452A40F0BD
:1001500089805A1CE2605A78732A00F0AD80642AC4
:1001600000F089802046FFF781FF034628B302781C
:10017000472A22D0492A20D01F464FF0FF3620467A
:10018000FDF77EFE00286DD0731C08BF3B4614D0DF
:10019000D4E905239A4280F2B080216902EB820003
:1001A00001EB800301324FF0000CC3E901CC626126
:1001B000482201F82020C3E903762A78032A05D1D2
:1001C0002A691178292904BF0021D1602A46022119
:1001D00081E7D0E9053102328B42C26080F288802B
:1001E000026903EB8305A9000133436102EB850536
:1001F0000023C5E901335354414A0323C5E90323CE
:100200002046FEF77BFE2A46034601212046FDF7E5
:10021000CDFCE26AE3680332E2621A78492A0546B5
:100220007FF43DAFF0B1D4E908218A421ADAE169DE
:1002300041F82200013222621A78493A012A0FD885
:1002400041E778B1D4E908218A420BDAE16941F843
:100250002200013222621A78493A012A7FF633AF2E
:10026000002336E70025284603B0F0BD002100F04A
:100270004BF8054665E79A1CE2609A785F2A39D008
:100280006E2AEFD02046FDF709FD461CEAD4E3684C
:100290001A785F2AE6D10133E3602046FFF7E6FED5
:1002A000074600283FF474AF3B78472B3FF470AF0C
:1002B000492B3FF46DAF62E70233E3602046FDF760
:1002C000DFFD0028CED0D4E905239A4215DA216952
:1002D00002EB820398000132626101EB830300228A
:1002E000C3E901220A5407490E22C3E9031264E755
:1002F000002585E703330026CEE700235DE700BF36
:10030000483B0020383B002070B505460E46FFF7FD
:10031000ADFE00B304460EB3AB68DB071ED42378F2
:100320004E2BA3F11C01A3F150023AD037D8042977
:1003300037D9022B10D123696BB11A784E2AA2F15A
:100340001C00A2F1500102D03DD8042804D8DB687B
:100350002361002BF1D10024204670BDEB681B788F
:10036000002BF9D0452BF7D021460B78042B2DD04C
:100370001ED8022B1AD109690029F6D12846FEF7AA
:10038000DFFC0028E7D016B92378022B32D00346D1
:10039000224628460321BDE87040FDF707BC012A2C
:1003A000DAD8E468BBE71C3B042B08D90021E5E759
:1003B0004E2BA3F1500202D0F5D9012AF6D8C96814
:1003C0000029D2D1DAE70129C6D8C0E7CB685BB1F2
:1003D0001978082901F1FF3208D80629E6D8012A40
:1003E00002D81B69002BF3D10121C7E7353918BFAB
:1003F0000121C3E70378292B08BFC660C7E700BF08
:100400002DE9F04F044695B0002A66D0D0F8185177
:10041000002D65D117781646512F5ED8DFE817F00A
:100420005C091B011B01EE049808DE024A049700D8
:100430008B00F908D208A603B80191016A014707A9
:100440002007F906E307BC0795076E077F0323041F
:10045000F80399009900990063006300630063004A
:10046000630063006300C500C50063006300870983
:100470008300C8048D06AF006B06AF00E600E600FF
:10048000580334030A0331085D000A086306460670
:10049000EB055D0020095D005D002A012A0155047D
:1004A0005E085808BA0478044F05C4059D05760512
:1004B0005D00A4027D0256020A02DF016300CD0343
:1004C00063006300D4F824110029C1F22584FDF7EC
:1004D000FBFC0246002841F01F840123C4F81831B8
:1004E00015B0BDE8F08F0022D4F814310493D4F88D
:1004F0001031079304ABC4F814310023059606931A
:10050000002A01F0E6871121204601F0F3FF069B47
:10051000002B01F0E982049BC4F81431002DDFD0D8
:10052000C4F81081DCE7F2681121204615B0BDE85F
:10053000F04F01F0DFBFD0F80011FF2901F05F8517
:100540004A1C7E23C4F80021635484F804313269C4
:10055000EAE7D0F814C1BCF1000F0ED063469968E9
:1005600041B95A681278A2F11900022801F2EF8409
:100570009742D8D01B68002BF1D1F2682BE0D0E96C
:10058000443104AAC0F814210022CDE904160692D1
:1005900011213269079301F0ADFF069B002B01F09A
:1005A000C384049BC4F814319AE7D268D0F8205170
:1005B0001378002D41F07083052B01F0D285104691
:1005C000232B01F0D8829F4201F0D582242B01F029
:1005D0000A86D4F814C1D4F81031079304ABC4F8D8
:1005E00014310023CDE904C606938CE7D26812B11A
:1005F000112101F07FFF3369002B3FF471AFD4F874
:100600000051FD2D01F2A784DFF884832C2708F127
:10061000010A4FF0000929460BE00B460131D04595
:10062000C4F80011E75484F8047101F0648218F8EA
:10063000017FFF29F1D1D4F80831D4F80C2184F8D6
:10064000FF9020469847D4F828310133C4F8283168
:1006500001210023E3E7D268112101F04BFFC749D4
:100660002046FDF71BFD37693B78482B01F08B8056
:100670003A4659E7D2681378272B41F05A83D3685A
:100680001D7C062D01F27D82002D41F01C85D4F8E1
:100690000011FF2901F0F0844B1CC4F8003128231D
:1006A00063542046112184F8043101F023FFD4F86B
:1006B0000011FF2901F0F7844B1CC4F800312923F5
:1006C000635484F8043133783E2B01F0E684082D1E
:1006D0007FF43DAF5B212046FDF758FC11213269C4
:1006E000204601F007FF5D21204615B0BDE8F04F20
:1006F000FDF74CBCA24FD0F8001107F10F0974258B
:100700004FF000080BE00B4601314F45C4F80011D3
:10071000E55484F804513FF406AF17F8015FFF2950
:10072000F1D1D4F80831D4F80C2184F8FF802046A8
:100730009847D4F828310133C4F828310121002327
:10074000E3E7904FD0F8001107F1110974254FF03D
:1007500000080BE00B460131B945C4F80011E5541F
:1007600084F804513FF4DFAE17F8015FFF29F1D19F
:10077000D4F80831D4F80C2184F8FF80204698473B
:10078000D4F828310133C4F8283101210023E3E7EC
:100790007D4FD0F8001107F10C0974254FF00008C7
:1007A0000BE00B4601314F45C4F80011E55484F8C5
:1007B00004513FF4B8AE17F8015FFF29F1D1D4F826
:1007C0000831D4F80C2184F8FF8020469847D4F8EB
:1007D00028310133C4F8283101210023E3E76B4FAE
:1007E000D268112101F086FE07F10409D4F8001146
:1007F0005B254FF000080BE00B460131B945C4F80A
:100800000011E55484F8045100F0F38717F8015FF4
:10081000FF29F1D1D4F80831D4F80C2184F8FF80F5
:1008200020469847D4F828310133C4F828310121F3
:100830000023E3E7D2F80CA05146FDF7E5FB4FF0AB
:10084000000810B901F020BDC84603782F2B08F12D
:10085000010941F08781C368002B01F083810069A1
:100860000028F1D103E001354D45BFF639AEC4F89B
:10087000245152461121204601F03CFEA845F2DDEC
:10088000434FD4F8001107F1010B2C260AE00B4668
:100890000131BB45C4F80011E65484F80461E2D08C
:1008A00017F8016FFF29F2D14FF00002D4F8083198
:1008B00084F8FF202046D4F80C219847D4F828313A
:1008C0000133C4F8283101210023E2E7314FD0F889
:1008D000001107F119096E254FF000080BE00B46D7
:1008E0000131B945C4F80011E55484F804513FF4CE
:1008F0001AAE17F8015FFF29F1D1D4F80831D4F806
:100900000C2184F8FF8020469847D4F82831013321
:10091000C4F8283101210023E3E71F4FD0F800116C
:1009200007F1150974254FF000080BE00B46013163
:10093000B945C4F80011E55484F804513FF4F3AD0F
:1009400017F8015FFF29F1D1D4F80831D4F80C2150
:1009500084F8FF8020469847D4F828310133C4F842
:10096000283101210023E3E70C4FD0F8001107F1F3
:100970000D097B254FF000081EE000BF543B00200E
:10098000F43B0020E03B0020D03B00204C3B00200B
:10099000F43C0020C03C0020C43C0020C43D0020AA
:1009A0000B4601314F45C4F80011E55484F8045159
:1009B00000F0398717F8015FFF29F1D1D4F8083129
:1009C000D4F80C2184F8FF8020469847D4F82831C9
:1009D0000133C4F8283101210023E3E7D0F82031A6
:1009E000002B01F08E81D34FD0F8001107F10409DC
:1009F00061254FF000080BE00B460131B945C4F802
:100A00000011E55484F8045101F04A8117F8015FA0
:100A1000FF29F1D1D4F80831D4F80C2184F8FF80F3
:100A200020469847D4F828310133C4F828310121F1
:100A30000023E3E7D768C04ED7F80880D0F800114C
:100A400006F1070A6F254FF000090BE00B46013154
:100A5000B245C4F80011E55484F8045100F026872B
:100A600016F8015FFF29F1D1D4F80831D4F80C2130
:100A700084F8FF9020469847D4F828310133C4F811
:100A8000283101210023E3E7D2E9032512B1112126
:100A900001F030FDD4F80011FF2901F06D824A1CED
:100AA0007B23C4F80021204663542A46112184F890
:100AB000043101F01FFDD4F80011FF2900F0E68693
:100AC0004A1C7D23C4F80021635484F8043107E5EF
:100AD0009A4FD0F8001107F11D0974254FF0000856
:100AE0000BE00B460131B945C4F80011E55484F818
:100AF00004513FF418AD17F8015FFF29F1D1D4F884
:100B00000831D4F80C2184F8FF8020469847D4F8A7
:100B100028310133C4F8283101210023E3E7884F4D
:100B2000D0F8001107F1140972254FF000080BE00E
:100B30000B460131B945C4F80011E55484F804515D
:100B400000F0F48617F8015FFF29F1D1D4F80831DD
:100B5000D4F80C2184F8FF8020469847D4F8283137
:100B60000133C4F8283101210023E3E7754FD0F8A1
:100B7000001107F1170963254FF000080BE00B4641
:100B800001314F45C4F80011E55484F8045100F0D8
:100B90007C8717F8015FFF29F1D1D4F80831D4F828
:100BA0000C2184F8FF8020469847D4F8283101337F
:100BB000C4F8283101210023E3E7634FD2681121F3
:100BC00001F098FC07F10709D4F8001120254FF037
:100BD00000080BE00B460131B945C4F80011E5549B
:100BE00084F8045100F0058617F8015FFF29F1D160
:100BF000D4F80831D4F80C2184F8FF8020469847B7
:100C0000D4F828310133C4F8283101210023E3E767
:100C1000D2E90353002B3FF463AC2B44D0F800110E
:100C2000013D5F1E4FF0000809E00B460131AF4265
:100C3000C4F80011E65484F804613FF451ACFF2974
:100C400015F8016FF1D1D4F80831D4F80C2184F8EB
:100C5000FF8020469847D4F828310133C4F8283162
:100C600001210023E3E7394FD0F8001107F1100903
:100C700068254FF000080BE00B460131B945C4F878
:100C80000011E55484F804513FF44DAC17F8015FAE
:100C9000FF29F1D1D4F80831D4F80C2184F8FF8071
:100CA00020469847D4F828310133C4F8283101216F
:100CB0000023E3E7D568002D40F0A18724492046B2
:100CC00015B0BDE8F04FFDF7E9B91121D26801F088
:100CD00011FCD4F80011FF2901F06E814A1C282371
:100CE000C4F80021635484F804313269112120468C
:100CF00001F000FCD4F80011FF2901F02C804A1CFF
:100D00002923C4F80021635484F80431FFF7E8BBB9
:100D1000D268104904A806F03DFA04A807F0C4FA06
:100D200000283FF4DDAB04ADD4F800112F184FF0CC
:100D300000081BE06C3B0020F83C0020743B0020C6
:100D4000943C0020AC3B0020D43D0020AC3C002073
:100D5000643D0020FC4C00200B460131AF42C4F83A
:100D60000011E65484F804613FF4BAABFF2915F88A
:100D7000016BF1D1D4F80831D4F80C2184F8FF804C
:100D800020469847D4F828310133C4F8283101218E
:100D90000023E3E7D0F80011157BFF2901F01E8145
:100DA0004B1CC4F80031655484F80451FFF798BB1C
:100DB000D268CAB1D0F8141104ABC0F814310023C2
:100DC000CDE9041606931121D0F81031079301F0F4
:100DD00091FB069B049AC4F81421002B7FF480AB8E
:100DE00020212046FDF7D2F8D4F8143132461121E3
:100DF000204615B0BDE8F04F01F0C6BED768D0F868
:100E000014910022C0F81421002F3FF466AB0DF1BD
:100E10001008D0F810C1434611469646C3E9002792
:100E2000C3E902EC3A784E2A9A46A2F11C0BA2F1D1
:100E3000500001F1010500F0888600F2ED84BBF15D
:100E4000040F40F28286022AC4F8143114D13F699B
:100E50003A78482A01F0508208EB01114FF0000A5D
:100E60004E2AA2F15003A2F11C0000F0878700F285
:100E70008287042840F28287042A04D1CDE902C780
:100E800002ABC4F8103132691121204601F032FB67
:100E90003B78042B02D1029BC4F8103108EB0518F3
:100EA000202758F8086C013D002E00F03B86A8F181
:100EB0001008002DF5D1C4F81491FFF711BBAB4F0A
:100EC000D0F8001107F1090964254FF000080BE084
:100ED0000B4601314F45C4F80011E55484F8045124
:100EE00000F0FF8517F8015FFF29F1D1D4F8083130
:100EF000D4F80C2184F8FF8020469847D4F8283194
:100F00000133C4F8283101210023E3E7984FD0F8DA
:100F1000001107F107097B254FF000080BE00B4695
:100F200001314F45C4F80011E55484F8045100F034
:100F3000468517F8015FFF29F1D1D4F80831D4F8BC
:100F40000C2184F8FF8020469847D4F828310133DB
:100F5000C4F8283101210023E3E7864FD0F80011BF
:100F600007F11B0967254FF000080BE00B46013124
:100F7000B945C4F80011E55484F804513FF4D3AAEC
:100F800017F8015FFF29F1D1D4F80831D4F80C210A
:100F900084F8FF8020469847D4F828310133C4F8FC
:100FA000283101210023E3E7734FD0F8001107F146
:100FB0001C0967254FF000080BE00B460131B945CD
:100FC000C4F80011E55484F804513FF4ACAA17F8B2
:100FD000015FFF29F1D1D4F80831D4F80C2184F84D
:100FE000FF8020469847D4F828310133C4F82831CF
:100FF00001210023E3E713691B78392B7FF46DAAE5
:10100000D268D3681B685978632901F08180324621
:101010001121204602F016FB00287FF461AA324617
:101020001121204602F038FC00287FF459AAF36809
:101030001A78322A01F0DD81DB685049186806F021
:1010400017FF336920B9DA681178032901F00082AB
:10105000DA681121204602F087FAF5684849EB6802
:101060001F68384606F004FF002801F0E18143497B
:10107000384606F0FDFE002841F0F8813369112161
:101080001A69204602F070FAF3681A78322A7FF45F
:1010900027AADB689A68012A7FF422AA5B681B787A
:1010A0003E2B7FF41DAA2921FFF71EBBD2E9037551
:1010B0003B78322B00F0B186342B41F00D82282191
:1010C000FCF764FF20461121FA6801F013FA292188
:1010D0002046FCF75BFF2A461121204615B0BDE8EB
:1010E000F04F02F041BAD2681121204615B0BDE898
:1010F000F04F02F03DB8B2F91230002B40F01B87E0
:10110000F268204BD16899420FD01121204601F09E
:10111000F1F9D4F80011FF2901F0BE8020234A1C08
:10112000C4F80021635484F80431B6F91080B8F192
:10113000000F00F040851449C1E5D0F814C1D0F883
:10114000103107930DF110080023E146CDF810C0CF
:10115000C0F8148105920693BCF1000F01F03D81A7
:1011600001276546BE469446464628E0543D002089
:10117000B43D0020943D0020743D0020143D00202B
:10118000183D002074340020E43C0020AB68A3B973
:10119000032F3FF6A2A914AB03EB071B95E80F0042
:1011A000ABF1400A8AE80F004BF8406C08EB0716D9
:1011B000C4F814610137C5F808E02D6825B16B68E3
:1011C0001B78193B022BE1D9DCF8102011212046B5
:1011D000664601F08FF9069BC4F81491002B7FF44A
:1011E0007FA9012F0CD008EB071858F80C2C013FF1
:1011F0001121204601F0ACF9012FA8F11008F4D11B
:10120000D4F8143132461121204601F0CDFEFFF70B
:1012100067B9C64FD0F8001107F1190963254FF0DF
:1012200000080BE00B460131B945C4F80011E55444
:1012300084F804513FF477A917F8015FFF29F1D131
:10124000D4F80831D4F80C2184F8FF802046984760
:10125000D4F828310133C4F8283101210023E3E711
:10126000B34FD0F8001107F1100976254FF00008B0
:101270000BE00B460131B945C4F80011E55484F880
:1012800004513FF450A917F8015FFF29F1D1D4F8B8
:101290000831D4F80C2184F8FF8020469847D4F810
:1012A00028310133C4F8283101210023E3E7A14F9D
:1012B000D0F8001107F114096E254FF000080BE07B
:1012C0000B460131B945C4F80011E55484F80451C6
:1012D0003FF429A917F8015FFF29F1D1D4F80831AB
:1012E000D4F80C2184F8FF8020469847D4F82831A0
:1012F0000133C4F8283101210023E3E78E4FD0F8F1
:10130000001107F1180954254FF000080BE00B46B7
:101310000131B945C4F80011E55484F804513FF493
:1013200002A917F8015FFF29F1D1D4F80831D4F8E8
:101330000C2184F8FF8020469847D4F828310133E7
:10134000C4F8283101210023E3E77C4FD0F80011D5
:1013500007F1150954254FF000080BE00B46013149
:10136000B945C4F80011E55484F804513FF4DBA8F2
:1013700017F8015FFF29F1D1D4F80831D4F80C2116
:1013800084F8FF8020469847D4F828310133C4F808
:10139000283101210023E3E7694FD0F8001107F15C
:1013A000120967254FF000080BE00B460131B945E3
:1013B000C4F80011E55484F804513FF4B4A817F8B8
:1013C000015FFF29F1D1D4F80831D4F80C2184F859
:1013D000FF8020469847D4F828310133C4F82831DB
:1013E00001210023E3E7574FD0F8001107F10E0960
:1013F0006A254FF000080BE00B460131B945C4F8EF
:101400000011E55484F804513FF48DA817F8015FEA
:10141000FF29F1D1D4F80831D4F80C2184F8FF80E9
:1014200020469847D4F828310133C4F828310121E7
:101430000023E3E7444FD0F8001107F108096F25B6
:101440004FF000080BE00B460131B945C4F800111C
:10145000E55484F8045100F0958217F8015FFF29E4
:10146000F1D1D4F80831D4F80C2184F8FF8020465B
:101470009847D4F828310133C4F8283101210023DA
:10148000E3E7314FD0F8001107F108096F254FF05D
:1014900000080BE00B460131B945C4F80011E554D2
:1014A00084F804513FF453A817F8015FFF29F1D1E4
:1014B000D4F80831D4F80C2184F8FF8020469847EE
:1014C000D4F828310133C4F8283101210023E3E79F
:1014D000D268112101F00EF8FFF739B81B4FD0F890
:1014E000001107F10D096A254FF000080BE00B46CB
:1014F0000131B945C4F80011E55484F804513FF4B2
:1015000012A817F8015FFF29F1D1D4F80831D4F8F7
:101510000C2184F8FF8020469847D4F82831013305
:10152000C4F8283101210023E3E700BF203C00205C
:101530000C3C0020083C0020783C0020603C00204F
:101540004C3C00203C3C0020043D0020443D002059
:101550000023D0F81481D0F84871C4F84821112133
:10156000C0F81431D26800F0C5FF94F804313C2B68
:1015700000F07C85D4F80011FF2900F067854B1C32
:10158000C4F800313C23635484F8043132691121DA
:10159000204600F0AFFF94F804313E2B00F0508558
:1015A000D4F80011FF2900F03B854B1CC4F8003132
:1015B0003E23635484F80431C4F81481C4F848719C
:1015C000FEF78EBFC44FD0F8001107F1070956256A
:1015D0004FF000080BE00B4601314F45C4F80011F5
:1015E000E55484F804513EF49EAF17F8015FFF29DB
:1015F000F1D1D4F80831D4F80C2184F8FF802046CA
:101600009847D4F828310133C4F828310121002348
:10161000E3E7B24FD0F8001107F10A0976254FF041
:1016200000080BE00B460131B945C4F80011E55440
:1016300084F804513EF477AF17F8015FFF29F1D128
:10164000D4F80831D4F80C2184F8FF80204698475C
:10165000D4F828310133C4F8283101210023E3E70D
:1016600013691A783B2A7EF438AF1B691B783C2B30
:101670007EF433AF3246112101F0E4FF00287EF4FE
:101680002FAF32461121204602F006F900287EF4E1
:1016900027AFD6E90383D3E90363D8F80C20904938
:1016A0001068D3E9037506F0E3FB002840F0E586F7
:1016B00032462046112101F057FF424620461121B3
:1016C00001F056FD20463A46112101F04DFF8549B3
:1016D0002046FCF7E3FCFEE4D2E90353002B3EF482
:1016E000FFAE2B44D0F80011013D5F1E4FF0000803
:1016F00009E00B460131AF42C4F80011E65484F80A
:1017000004613EF4EDAEFF2915F8016FF1D1D4F874
:101710000831D4F80C2184F8FF8020469847D4F88B
:1017200028310133C4F8283101210023E3E7D268CE
:10173000D2E90053002B3EF4D3AE2B44D0F8001175
:10174000013D5F1E4FF0000809E00B460131AF423A
:10175000C4F80011E65484F804613EF4C1AEFF29D8
:1017600015F8016FF1D1D4F80831D4F80C2184F8C0
:10177000FF8020469847D4F828310133C4F8283137
:1017800001210023E3E758492046FCF787FC3A692A
:101790005649013204A805F0FDFC04A806F084FDBA
:1017A000002800F0FB8304ADD4F8001105EB00091C
:1017B0004FF0000809E00B460131A945C4F80011BB
:1017C000E65484F8046100F0E983FF2915F8016B01
:1017D000F1D1D4F80831D4F80C2184F8FF802046E8
:1017E0009847D4F828310133C4F828310121002367
:1017F000E3E711213269204600F07CFED4F80011A5
:10180000FF2900F099824A1C5D23C4F8002163542B
:1018100084F80431FEF764BE012840F29681C4F8D2
:101820001431FFF730BBF2683049013204A805F0EB
:10183000B1FC04A806F038FD18B304ADD4F80011CB
:101840002F184FF0000808E00B460131AF42C4F8F2
:101850000011E65484F8046115D0FF2915F8016BD6
:10186000F2D1D4F80831D4F80C2184F8FF80204656
:101870009847D4F828310133C4F8283101210023D6
:10188000E4E7D4F80011FF297FF41AA90025D4E970
:10189000423284F8FF5020469847D4F8283101227C
:1018A0001344C4F828312946FFF70BB97D682B781B
:1018B000613B192B40F22D8308F1FF37EB5D202BA4
:1018C00018BF4746002F3EF40BAE013DD4F800117F
:1018D0002F444FF0000815E0A03B0020943B00206F
:1018E0001C3D0020203D0020583B0020FC4C0020E7
:1018F0000B460131AF42C4F80011E65484F804618C
:101900003EF4EEADFF2915F8016FF1D1D4F808319E
:10191000D4F80C2184F8FF8020469847D4F8283169
:101920000133C4F8283101210023E3E7CC4F3269A9
:101930001121204600F0DEFD07F10409D4F8001162
:1019400020254FF000080BE00B460131B945C4F8E3
:101950000011E55484F804513EF4E5AD17F8015F39
:10196000FF29F1D1D4F80831D4F80C2184F8FF8094
:1019700020469847D4F828310133C4F82831012192
:101980000023E3E7D4F8483133B1D4F810110491BF
:1019900004AAC4F810210593F2681378042B00F010
:1019A00007821121204600F0A5FDD4F84831002B14
:1019B0003EF496AD049BC4F81031FEF791BDD4F807
:1019C0002031F268A74F0133C4F82031112120469D
:1019D00000F090FDD4F82031D4F80011013BC4F898
:1019E000203107F1010929254FF000080AE00B46D4
:1019F00001314F45C4F80011E55484F8045113D067
:101A000017F8015FFF29F2D1D4F80831D4F80C217E
:101A100084F8FF8020469847D4F828310133C4F871
:101A2000283101210023E4E732698F49013204A8FB
:101A300005F0B0FB04A806F037FC00283FF421AF06
:101A400004ADD4F800112F184FF0000809E00B4640
:101A50000131BD42C4F80011E65484F804613FF43A
:101A600012AFFF2915F8016BF1D1D4F80831D4F881
:101A70000C2184F8FF8020469847D4F828310133A0
:101A8000C4F8283101210023E3E7784FF2681121DF
:101A9000204600F02FFD07F10309D4F800112D2591
:101AA0004FF000080BE00B460131B945C4F80011B6
:101AB000E55484F804513EF44AAD17F8015FFF295C
:101AC000F1D1D4F80831D4F80C2184F8FF802046F5
:101AD0009847D4F828310133C4F828310121002374
:101AE000E3E7F268FFF702B932461121204600F021
:101AF0002FFDFEF710BD3269D4F828610D4620464F
:101B0000112100F0F7FCD4F82831B3427EF4E8ACA0
:101B1000D4F800319D427EF4E3AC023DC4F800519C
:101B2000FEF7DEBCD4F80011FF2900F05F834B1CE8
:101B3000C4F8003158F80C2C6754204684F804711E
:101B4000112100F005FDFFF7B2B9FF685246002FE2
:101B500000F0AC84042D03F1100300F0F18129465C
:101B6000FFF75CB9B8F1000F3EF4BAACC14608F11A
:101B7000FF38FEF77CBED4F814C1C2680646FEF7F3
:101B80002ABD072D7EF483AD3369197800297EF4D0
:101B90007EAD196901297EF47AAD3D2F7EF477ADD3
:101BA000DB681B78302B00F09D84312B7EF46FAD09
:101BB0002F49FFF784B82F4ED4F80011771D5F2509
:101BC0000BE00B460131B742C4F80011E55484F82C
:101BD00004513EF485AC16F8015FFF29F1D1D4F829
:101BE0000831D4F80C2184F8FF8020469847D4F8B7
:101BF00028310133C4F8283101210023E3E71E49CD
:101C0000FCF74CFA18492A4604A805F0C3FA04A8C0
:101C100006F04AFB90B304ADD4F800112F184FF032
:101C2000000808E00B460131BD42C4F80011E6543B
:101C300084F8046124D0FF2915F8016BF2D1D4F89F
:101C40000831D4F80C2184F8FF8020469847D4F856
:101C500028310133C4F8283101210023E4E700BF13
:101C60008C3C0020C03D0020FC4C0020C83B0020E4
:101C70003C3D0020EC3C00206C3D0020D4F80011DD
:101C8000FF2900F0F3827D234A1CC4F8002163542D
:101C900084F80431FEF724BC10460025FEF790BC02
:101CA000F268C249013204A805F074FA04A806F0EB
:101CB000FBFA00283EF414AC04ADD4F800112F1840
:101CC0004FF0000809E00B460131BD42C4F8001195
:101CD000E65484F804613EF403ACFF2915F8016B67
:101CE000F1D1D4F80831D4F80C2184F8FF802046D3
:101CF0009847D4F828310133C4F828310121002352
:101D0000E3E71146FCF764F9024600283EF4E5AB30
:101D100003782F2B3EF4D6ABD4F810512B68C4F8BF
:101D200010311121204600F0E5FBC4F81051FEF7F8
:101D3000D7BB0025FEF7ABBC0025D4E9423284F8BE
:101D4000FF5020469847D4F8283101221344C4F8A4
:101D50002831294658E50025D4E9423284F8FF505D
:101D600020469847D4F8283101221344C4F828317A
:101D70002946FEF7C5BF012B3FF685A8042D3EF48A
:101D8000ACAB8E4601F1100B0FC98BE80F00CEE90A
:101D9000017AFF68CEF810E00135CEF80CC0594644
:101DA000C4F814B1002F3EF498AB3A78FFF758B856
:101DB000D2681121204600F09DFBD4F8483113B1C0
:101DC000049BC4F8103194F804313C2B00F0BE821F
:101DD000D4F80011FF2900F0A9824A1C3C23C4F862
:101DE0000021635484F80431F36811211A692046F4
:101DF00000F080FB94F804313E2B00F09282D4F87E
:101E00000011FF2900F07F823E234A1CC4F8002104
:101E1000635484F80431FEF763BBFB681E683378B3
:101E2000612B40F092807278642A40F08E80B27804
:101E3000002A40F08A802A78032A00F08C82392A0E
:101E400000F09482732B11D172785A2A35D1B2786E
:101E50009ABB29462046FCF7D7F8FCF703F8014661
:101E6000204615B0BDE8F04FFCF77CB93A46112189
:101E7000204601F07DF93378672B07D17278732AF9
:101E800004D1B27812B92A46FEF74EBB732B7FF409
:101E900022A97378742B7FF41EA9B378002B7FF4EA
:101EA0001AA928212046FCF771F811212A4620465C
:101EB00000F020FB2921FEF717BC732BD6D17378D5
:101EC000502BD3D1B378002BD0D11E4604E001367D
:101ED0002D69002D00F09A812B782F2B40F09681F0
:101EE000EB68002B00F092811A784C2AEFD1D96868
:101EF0002046FCF789F8034648B1002304E0C26895
:101F00002AB10069013310B102782F2AF7D01E449C
:101F1000DEE7FF2900F0D1814B1CC4F800312023FB
:101F2000635484F80431C7E432461121204600F09E
:101F30000FFBFEF736BB1E49FCF7B0F8FFF7E0B821
:101F40000123C4E945A3FEF7CBBA2A7877E7F26804
:101F50000D46FEF740BB002767552946D4E94232BB
:101F600020469847D4F82831C4F800710133C4F8EA
:101F700028313D46FEF748BB0026D4F80831D4F896
:101F80000C2184F8FF6020469847D4F828310122BC
:101F90001344C4F828313146FEF782BD0549204676
:101FA000FCF77CF8FF683A46FEF7BEBAFC4C00200E
:101FB000DC3C0020683B00200025D4F80831D4F830
:101FC0000C2184F8FF5020469847D4F8283101228C
:101FD0001344C4F828312946FEF781BE0026D0F804
:101FE0000831D0F80C2180F8FF609847D4F82821F8
:101FF00001231A44C4F828213146FEF7D2BE002539
:10200000D0F80831D0F80C2180F8FF509847D4F868
:10201000283101221344C4F828312946FEF791BA29
:102020000025D4E9423284F8FF5020469847D4F87E
:1020300028310133C4F8283129460123FFF7B6BA05
:1020400020212046FBF7A2FFFFF7AABA0025D4E91A
:10205000423284F8FF5020469847D4F828310133A3
:10206000C4F8283129460123FFF78ABA20212046E7
:10207000FBF78CFFFFF77EBA0027D4E9423284F8E1
:10208000FF7020469847D4F82831F2680133C4F82D
:10209000283139460123FEF700BB2D212046FBF7EE
:1020A00075FFFEF714BB0027D4E9423284F8FF70B5
:1020B00020469847D4F828310133C4F828313946EE
:1020C0000123FEF7FABA33691B78002B7EF4DFAAEE
:1020D0003E2F00F0F681326911212046023D00F0CA
:1020E00009FA042D3EF6FCA9DFE805F00F0C0906FD
:1020F0000300C849FEF7E3BDC749FEF7E0BDC74985
:10210000FEF7DDBD6C21FEF7EFBA7521FEF7ECBAE4
:102110001B78732B0AD0633BDBB20F2B3EF677AFF5
:10212000BF4951F82330002B3EF471AF11212046F6
:1021300001F01EF83C212046FBF728FF33691121EE
:10214000DA68204600F0D6F9B6492046FBF7A6FF2C
:10215000336911211A69204600F0CCF92921FEF7D4
:10216000C3BAD0F834C1BCF1000F40F30781D0F8F6
:1021700030E12B46704604E0634500F1080000F0B2
:10218000FD805EF833108A4203F10103F4D1D4F8E4
:102190002CC16346BCF1000F04D19DE05B68002BAD
:1021A00000F09A801968914203D0B142F6D19C4563
:1021B000F4D0114620460192FBF70AFF019A00284D
:1021C0003EF48BA903782F2B7EF4FAA9D4F82411BE
:1021D0000029FEF6FEA9FBF777FE002800F06A81D1
:1021E0000378FEF7EDB9C268FEF77EB9D4F808317E
:1021F000D4F80C2184F8FF6020469847D4F82831A1
:102200000133C4F828313146012391E4864932462E
:1022100004A804F0BFFF04A806F046F800283EF426
:102220005FA904ADD4F800112F184FF0000809E0A1
:102230000B460131AF42C4F80011E65484F8046142
:102240003EF44EA9FF2915F8016BF1D1D4F80831FD
:10225000D4F80C2184F8FF8020469847D4F8283120
:102260000133C4F8283101210023E3E70025D4E934
:10227000423284F8FF5020469847D4F82831013381
:102280002946C4F82831FEE411212046524601F0C7
:102290006BF96649FEF713BD0025D4F80831D4F870
:1022A0000C2184F8FF5020469847D4F82831013398
:1022B0002946C4F82831FEF731BF0026D4E942325E
:1022C00084F8FF6020469847D4F828317D680133B0
:1022D000C4F8283131461FE64368D4F81081C4F8A9
:1022E0001031114620460192FBF772FE019A002838
:1022F00000F0E380012565E7FF68002F3EF4EDA8BC
:102300003A78FEF7A9BD0025D4E9423284F8FF509F
:1023100020469847D4F8283101332946C4F828319B
:1023200072E520212046FBF731FE68E50025D4F850
:102330000831D4F80C2184F8FF5020469847D4F88F
:10234000283101332946C4F8283146E520212046AA
:10235000FBF71CFE3CE5EA68117801297FF472ADB9
:1023600029690978292908BF15466BE5EA68112112
:10237000204601F0F9F83A46FEF7B6BED4F83831F7
:1023800063457EF7AAA8D4F83011D4F810E101EB28
:10239000CC030CF10100C4F83401043341F83C20B3
:1023A000BEF1000F00F09280D4E95009944610E08D
:1023B000D4F83C11DEF8042001EBC0010130C4F870
:1023C00040014A601960DEF800E00B46BEF1000FE4
:1023D0007BD08145ECDCFEF780B81269112100F05A
:1023E00089F8069BC4F81491002B3EF409AFFEF760
:1023F00077B8DA68916801297EF41EAE52681278C7
:102400003E2A7EF419AE28212046FBF7BFFDF36873
:10241000FEF712BE303D0020686800202C3D0020F1
:10242000A0030020103D0020FC4C0020603D002057
:1024300020465B21FBF7AAFD336920461A6911216A
:1024400000F058F85D212046FBF7A0FDFEF71CBE0A
:102450001369D2681B78292B1CBF0123C4F81831DB
:102460001121204601F080F8FEF7F7BD2A46112120
:10247000204600F07DFEFEF701BE1C492046FBF71A
:102480000DFEF36843B111212046324601F06CF88D
:1024900020212046FBF77AFD3A461121204600F024
:1024A00029F8002D7EF417AEFEF71AB8C4F81431DF
:1024B000FEF713B8002D3EF410A8C4F81081FEF703
:1024C0000CB82D21FBF762FD05E66246002119607C
:1024D0006FE6F268FEF717B83A46112100F048FEA1
:1024E000FEF7F9BD0249FEF7EABB00BF243D00201C
:1024F000343D002030B5054683B01AB35368012B34
:1025000014461FDCD0F81C11B1F5806F1ADC0133C2
:1025100053600131D0F82C31C0F81C11C0F82CD117
:102520001121CDE90023FDF76BFF6268D5F81C315E
:102530000199C5F82C11013A013B6260C5F81C31C4
:1025400003B030BD0123C5F8183103B030BD00BF62
:102550002DE9F8431378033B154604464E2B50D81B
:10256000DFE813F01C014F004F004F004F004F00F9
:102570004F004F004F004F004F004F004F004F00E3
:102580004F004F004F004F004F004F004F004F00D3
:1025900055007C00A30055007C00A300EF00FC0068
:1025A000090187022201300155017B014F004F00D4
:1025B0004F004F00A1014F00D1014F004F004F00CD
:1025C0004F004F004F004F004F004F004F004F0093
:1025D0004F004F004F004F004F004F004F004F0083
:1025E0004F004F004F004F004F004F004F004F0073
:1025F0004F004F004F004F004F00F8014F003402D2
:10260000C8002A461121BDE8F843FFF773BFD64E34
:10261000D0F8001106F1080720254FF000080BE064
:102620000B460131BE42C4F80011E55484F8045150
:1026300000F0C68016F8015FFF29F1D1D4F8083107
:10264000D4F80C2184F8FF8020469847D4F828312C
:102650000133C4F8283101210023E3E7C34ED0F849
:10266000001106F1080720254FF000080BE00B468B
:102670000131B742C4F80011E55484F8045100F068
:102680009F8016F8015FFF29F1D1D4F80831D4F802
:102690000C2184F8FF8020469847D4F82831013374
:1026A000C4F8283101210023E3E7B14ED0F800112E
:1026B000771D20254FF000080AE00B460131B74294
:1026C000C4F80011E55484F8045179D016F8015F7C
:1026D000FF29F2D1D4F80831D4F80C2184F8FF8016
:1026E00020469847D4F828310133C4F82831012115
:1026F0000023E4E79F4FD0F8001107F105092026D9
:102700004FF000080BE00B460131B945C4F8001149
:10271000E65484F8046100F07F8117F8016FFF2907
:10272000F1D1D4F80831D4F80C2184F8FF80204688
:102730009847D4F828310133C4F828310121002307
:10274000E3E7D0F80031FF2B00F0D0812022591CA4
:10275000C0F80011C25480F8042127E0D0F80031FD
:10276000FF2B00F0B481591C2022C4F80011E25460
:1027700084F8042128E0D0F80011FF2900F09781A7
:102780004A1C2023C4F80021635484F804312A69C8
:1027900020461121BDE8F843FFF7ACBEEA681121DD
:1027A000BDE8F843FFF7A6BED0F80011FF2900F0FE
:1027B000BC814A1C2623C4F80021635484F80431E8
:1027C000BDE8F883D0F800116B4D26266F1C4FF042
:1027D00000080AE00B460131BD42C4F80011E6547E
:1027E00084F80461ECD015F8016FFF29F2D1D4F818
:1027F0000831D4F80C2184F8FF8020469847D4F89B
:1028000028310133C4F8283101210023E4E75B4E6D
:10281000D0F8001106F1080720254FF000080AE063
:102820000B460131B742C4F80011E55484F8045155
:10283000C6D016F8015FFF29F2D1D4F80831D4F8D8
:102840000C2184F8FF8020469847D4F828310133C2
:10285000C4F8283101210023E4E7494ED0F80011E3
:1028600006F10A0720254FF000080AE00B46013167
:10287000B742C4F80011E55484F80451A0D016F80A
:10288000015FFF29F2D1D4F80831D4F80C2184F883
:10289000FF8020469847D4F828310133C4F8283106
:1028A00001210023E4E790F80431282B40F0D58083
:1028B000344EEA6811212046FFF71CFEB71CD4F8FD
:1028C00000113A254FF000080BE00B460131B742EA
:1028D000C4F80011E55484F804513FF471AF16F8C0
:1028E000015FFF29F1D1D4F80831D4F80C2184F824
:1028F000FF8020469847D4F828310133C4F82831A6
:1029000001210023E3E7204FD0F8001107F1090966
:1029100020264FF000080BE00B4601314F45C4F86C
:102920000011E65484F8046100F0858017F8016F07
:10293000FF29F1D1D4F80831D4F80C2184F8FF80B4
:1029400020469847D4F828310133C4F828310121B2
:102950000023E3E70D4ED0F8001106F11007202503
:102960004FF0000820E000BFE03D0020EC3D0020DB
:10297000F83D0020203E0020283E00202C3E002074
:10298000383E0020443E0020483E0020003E00200B
:102990000B460131B742C4F80011E55484F80451E4
:1029A0003FF40EAF16F8015FFF29F1D1D4F80831DA
:1029B000D4F80C2184F8FF8020469847D4F82831B9
:1029C0000133C4F8283101210023E3E76D4FD0F82B
:1029D000001107F1080920264FF000080AE00B4615
:1029E0000131B945C4F80011E65484F8046113D0EC
:1029F00017F8016FFF29F2D1D4F80831D4F80C216F
:102A000084F8FF8020469847D4F828310133C4F871
:102A1000283101210023E4E72A69002A3FF4D0AEDF
:102A2000FF2932D0481C2823C4F800016354112127
:102A300084F8043101E0EA6811212046FFF75AFDCD
:102A4000D4F80011FF2961D04A1C2923C4F80021C1
:102A5000635484F80431BDE8F883D0F80011FF29ED
:102A600072D04A1C2023C4F80021635484F8043136
:102A70001EE7D0F80011FF2976D04A1C2A23C4F89B
:102A80000021635484F804319AE60026D4F8083112
:102A9000D4F80C2184F8FF6020469847D4F82831F8
:102AA0002A690133C4F8283101203146BBE70026EA
:102AB000D0F80831D0F80C2180F8FF609847D4F89E
:102AC000283101221344C4F82831314659E6002543
:102AD000194680F8FF50D0E942329847D4F828319F
:102AE00001210B44C4F828312B463DE60021D0E9F2
:102AF000425280F8FF101946A847D4F82831202206
:102B00000133C4F828312270012152E60025D4E9AE
:102B1000423284F8FF5020469847D4F828310122E9
:102B20001344C4F8283129468FE70025D4E94232FE
:102B300084F8FF5020469847D4F8283101221344E6
:102B4000C4F82831294635E60026D0F80831D0F8F7
:102B50000C2180F8FF609847D4F8283101221344F3
:102B6000C4F8283131467DE70025D0E9423280F8AB
:102B7000FF509847D4F8283101221344C4F8283173
:102B800029467BE7143E00202DE9F843044616460B
:102B90001D469BB1714F01209A687AB95A68117825
:102BA0001939C9B2122900FA01F204D83A4235D1D2
:102BB00012F4606F74D11B68002BEDD10023D4F8A0
:102BC0001471C4F814312A461121204600F0C8F8C7
:102BD000D4F80031FF2B4BD02822591CC4F8001127
:102BE000E25484F8042132692AB111212046FFF70A
:102BF00081FCD4F80011FF2976D04B1C2922C4F89F
:102C0000003120466254012384F8042111212A4610
:102C100000F0A6F8C4F81471BDE8F88394F8043104
:102C2000202B45D1D4F80011FF294ED04B1C4FF07A
:102C30002808C4F8003104F801804FF00009D4F8E6
:102C4000147184F804811121C4F814914B462A466A
:102C5000204600F085F8D4F80011FF2953D04B1C12
:102C60002922FF2BC4F80031625484F80421B3D127
:102C70001946002384F8FF302046D4E942329847B1
:102C8000D4F828310133C4F828312823237084F87C
:102C9000043132690121C4F80011002AA5D1ACE742
:102CA00094F8043103F0FD02282ABBD0202BB9D0C0
:102CB000D4F80031FF2B3ED0591C2022FF29C4F844
:102CC0000011E25484F80421B0D10027D4E9423243
:102CD00084F8FF7020469847D4F828310133C4F8AF
:102CE000283139460123A2E70026D4E9423284F88C
:102CF000FF6020469847D4F828310133C4F82831C2
:102D0000314601237AE7D4E9423284F8FF90204625
:102D1000984742F62903238084F80481D4F82831A7
:102D2000326901330221C4F82831C4F80011002AA5
:102D30007FF45BAF61E70022194684F8FF20D4F8E6
:102D40000871D4F80C212046B847D4F82831202245
:102D50000133C4F828312270012167E707310400EC
:102D6000002A00F0C2802DE9F047054688B01E46D3
:102D700014460127D5F81821CAB9A2680ABB6268AF
:102D80001178BEB1E368D5F81081A7602929C5F88C
:102D9000103124D02A292CD0022934D011212846E0
:102DA000FFF7D6FB2468C5F81081002CE2D108B0EB
:102DB000BDE8F0874E2904D007D8A1F11C03042BED
:102DC000E0D82468002CD5D1F1E750390129F8D991
:102DD000E368D5F81081A760C5F81031DEE72368F5
:102DE00011212846FFF7D0FEC5F8108108B0BDE8D4
:102DF000F08723681121284600F0D6F8C5F8108125
:102E000008B0BDE8F087644ED5F81471D2684FF071
:102E100000091121C5F814912846FFF76BFB06F154
:102E2000010AC5F81471D5F800113A270AE00B46DB
:102E300001315645C5F80011EF5485F8047113D0DF
:102E400016F8017FFF29F2D1D5F80831D5F80C2109
:102E500085F8FF9028469847D5F828310133C5F802
:102E6000283101210023E4E763681C692378482B9B
:102E700017D04E2BA3F15002A3F11C010ED00BD89A
:102E800004290BD9224611212846FFF733FBC5F848
:102E9000108108B0BDE8F087012AF3D8E4682378F0
:102EA000E7E73E4F7B2607F10C0A4FF000090AE0E6
:102EB0000B4601315745C5F80011EE5485F8046101
:102EC00014D017F8016FFF29F2D1D5F80831D5F8E1
:102ED0000C2185F8FF9028469847D5F82831013312
:102EE000C5F8283101210023E4E7704722692C4905
:102EF000013201A804F04EF901A805F0D5F920B37C
:102F000001AED5F8001106EB000A4FF0000908E009
:102F10000B4601315645C5F80011EF5485F8047190
:102F200015D0FF2916F8017BF2D1D5F80831D5F874
:102F30000C2185F8FF9028469847D5F828310133B1
:102F4000C5F8283101210023E4E7D5F80011154F19
:102F50007D2607F1020A4FF000090AE00B46013115
:102F60005745C5F80011EE5485F8046196D017F85E
:102F7000016FFF29F2D1D5F80831D5F80C2185F879
:102F8000FF9028469847D5F828310133C5F82831F5
:102F900001210023E4E700BF543B0020583B002000
:102FA000FC4C0020683B00202DE9F0470446174602
:102FB00053B11E469D687DB31B68002BFAD1324683
:102FC00011212046FFF7CCFED4F80031FF2B00F092
:102FD0009D80591C2022FF29C4F80011E25484F876
:102FE000042127D05B224B1CC4F80031625484F8C2
:102FF0000421FA682AB111212046FFF77BFAD4F8A0
:103000000031FF2B2FD0591C5D22C4F80011E2546F
:1030100084F80421BDE8F0875B681B782A2B32D145
:1030200011212B4632462046FFF79AFED4F80011B4
:10303000FF29D7D10022D4F8083184F8FF20204698
:10304000D4F80C2198475B22D4F82831227084F8F8
:103050000421FA68591C0123C4F82811C4F800316E
:10306000002AC8D1CFE70025194684F8FF50D4E9DB
:10307000423220469847D4F8283101210B44C4F845
:1030800028312B46C0E7DFF8E480D4F800114FF078
:10309000200908F1010A0CE00B46D04501F10101BD
:1030A000C4F8001104F8039084F804911AD018F8B9
:1030B000019FFF29F0D1D4F80831D4F80C2184F80D
:1030C000FF5020469847D4F828310133C4F82831FE
:1030D00000230121D045C4F8001104F8039084F8BE
:1030E0000491E4D11121002332462046FFF738FE37
:1030F000D4F80011FF2926D04B1C2922FF2BC4F83D
:103100000031625484F804217FF463AF0022194631
:1031100084F8FF20D4F80851D4F80C212046A847A1
:10312000D4F828315B2245F62031218084F804212F
:10313000FA680133C4F828310223C4F80031002AA8
:103140007FF459AF5FE70022D4F8083184F8FF20FC
:103150002046D4F80C219847D4F82831292201338D
:10316000C4F828312270012333E700BF5C3D002002
:103170001178322902D01121FFF7BCB9D3682DE9AB
:10318000F041D3E9015767B32F44D0F8001104464A
:10319000013D013F4FF0000809E00B46BD4201F13F
:1031A0000101C4F80011E65484F8046119D0FF2924
:1031B00015F8016FF1D1D4F80831D4F80C2184F856
:1031C000FF8020469847D4F828310133C4F82831CD
:1031D00000230121BD42C4F80011E65484F80461C3
:1031E000E5D1BDE8F08100BF2DE9F04F2DED028B58
:1031F000E7B0037800AF5F2BC7E90021054600F078
:103200004481A9490822284604F0D2FA002800F097
:1032100007814FF000090123B9F1020F7B640CBF55
:1032200045234623A9F1020A08EE103A5FFA8AFA0A
:10323000284605F039F82B1842000021C7E903534E
:10324000B2F5006F4FF01103C7E90535C7E9081261
:10325000C7E90B10C7E90D11C7E90F11B96400F2F6
:103260001B818300E84600EB80000733A8EBC00019
:10327000854623F007036E46B9F1010FADEB030D50
:10328000FE61C7F828D040D0BAF1010F35D8EB7AEB
:1032900005F10B045F2BBC6103D12B7B5A2B00F093
:1032A000B080002A40F3AB80204604F0FDFF0023ED
:1032B0000122C6E901333A62002800F0A080C6E985
:1032C000034033700023324618EE101A07F10C0049
:1032D000FAF76CFC0646204604F0E6FF2318BB61B3
:1032E000235C13B9002E40F0E1807B6C013340F089
:1032F000C38000237B64C5469AE707F10C00FBF707
:10330000A7F8BB6906461B78EBE72B785F2BECD15F
:103310006B786A1C5A2BBA61E7D1AB78AA1C472B91
:10332000BA6100F09B80542B00F09880494607F169
:103330000C00FCF7E9FF7B69DB07064640F197804C
:10334000BA6913782E2BCCD1334616461A467378B9
:10335000A3F1610119294FF0000B45D95F2B43D030
:10336000303B092B00F2FD80317834462E2912D1F2
:103370006378303B092B0ED8A378A3F13001A01C51
:103380000929044605D814F8013FA3F130010929A1
:10339000F9D92E2BECD0D7E908139942BC61A4EBE4
:1033A000060067DAD7F81CC001EB810E0CEB8E0328
:1033B00001310028C3E901BB39625BDDC3E901BB10
:1033C0000CF82EB0C3E903604F2107F10C00FAF7A7
:1033D000EDFB23782E2B024640F0C1802646737801
:1033E000A3F161011929B9D8B31C1C4613F8011BBC
:1033F000A1F161001928F8D95F29F6D0B6E70026B7
:1034000060E76B7B05F10D02472BBA6107F10C00F9
:1034100001D0542B1DD1FCF7EFFBBC69064651E7E8
:103420002B7A2E2B04D05F2B02D0242B7FF4F1AE0D
:103430006B7A442B02D0492B7FF4EBAEAA7A5F2A39
:103440007FF4E7AE492B0CBF4FF002094FF00309A0
:10345000E1E6FCF759FFBC69064633E707F10C00CB
:10346000FCF7CAFB7B69DB0706463FF569AFBB6922
:103470001B7836E70023A7E7002007F5CE77C5467F
:10348000BD46BDEC028BBDE8F08F43785A2B7FF42C
:10349000B8AE4FF00109BEE6084607F5CE77BD4647
:1034A000BDEC028BBDE8F08F543E002007F14C04C8
:1034B0007A68C4F8082131463A68C4F80C212046DD
:1034C000C4E94433C4E94933C4E94633C4E94D335C
:1034D000C4E950337B60C4F8003184F80431C4F887
:1034E0002031C4F82C31FAF753FCD4F81C217B6846
:1034F000B2F5006F01DAC4F81C31D4F83811D4F8F1
:103500004431012901FB03F33246B8BF01216E4665
:10351000A6EBC101012B8D46C4F844316846B8BF03
:103520000123A0EBC3039D460025C4F830112046BB
:103530001121C4F83CD1C4F84851FEF7DBFFD4F8A0
:103540000011D4F8083165542046D4F80C21B54652
:103550009847D4F81801B0FA80F040098DE7064684
:10356000BFE6164683E700BF70B51378012B82B023
:103570001546044603D9312B01D0062B38D101263C
:103580006B68012B22DCD4F81C21B2F5806F1DDCA6
:10359000013301326B601121D4F82C31C4F81C21A5
:1035A000C4F82CD12A46204601930095FCF728FF49
:1035B0006A68D4F81C310199C4F82C11013A013B16
:1035C0006A60C4F81C3136B102B070BD0123C4F882
:1035D0001831002EF8D1D4F80011FF2915D04A1C5B
:1035E0002923C4F80021635484F8043102B070BD6B
:1035F000D0F80011FF2916D04A1C2823C4F8002156
:103600000026635484F80431BAE7D4E9423284F8DE
:10361000FF6020469847D4F8283101221344C4F8AB
:1036200028313146DCE70026D0E9423280F8FF60DD
:103630009847D4F8283101221344C4F82831314680
:10364000DBE700BF2DE9F84FD368DB681B6819780A
:10365000662978D11269D0F82471D2E9038A9AF8E0
:1036600000203C2A4FF0FF3208BFDAE903A9C0F876
:1036700024215B7818BF4FF000096C2B044600F042
:10368000A28063D84C2B01D0522B57D1D4F8001113
:10369000FF2900F0EB804B1CC4F800312823635451
:1036A000524684F8043111212046784EFFF75CFF22
:1036B000112142462046FFF75BFD06F1020BD4F8CC
:1036C00000112E254FF0000A0BE00B465E4501F17C
:1036D0000101C4F80011E55484F8045119D016F81A
:1036E000015FFF29F1D1D4F80831D4F80C2184F816
:1036F000FFA020469847D4F828310133C4F8283178
:10370000002301215E45C4F80011E55484F80451FA
:10371000E5D1424611212046FFF72AFD4A461121F4
:103720002046FFF721FFD4F80011FF297FD04A1C63
:103730002923C4F80021635484F80431C4F82471A7
:103740000120BDE8F88F0020BDE8F88F722BF5D17D
:10375000D0F80011FF297BD04B1CC4F8003128237E
:103760006354524684F8043111212046484EFFF735
:10377000FBFE424611212046FFF7FAFC06F1030941
:10378000D4F800112E254FF000080AE00B46013155
:103790004E45C4F80011E55484F80451CED016F813
:1037A000015FFF29F2D1D4F80831D4F80C2184F854
:1037B000FF8020469847D4F828310133C4F82831D7
:1037C00001210023E4E7334DD0F80011282605F14C
:1037D000030B4FF000090BE00B46AB4501F1010173
:1037E000C4F80011E65484F8046119D015F8016F8B
:1037F000FF29F1D1D4F80831D4F80C2184F8FF90D6
:1038000020469847D4F828310133C4F828310023E2
:103810000121AB45C4F80011E65484F80461E5D1F8
:10382000424611212046FFF7A3FC524677E70025C8
:10383000D4F80831D4F80C2184F8FF50204698477A
:10384000D4F8283101221344C4F8283129466FE7FF
:103850000025D0E9423280F8FF509847D4F828314B
:103860000133C4F828312946012376E70025D4E93D
:10387000423284F8FF5020469847D4F8283101336B
:10388000C4F828312946012306E700BF603D002027
:10389000303B0020283B0020137803F0FD03382B39
:1038A00001D000207047D3682DE9F047DB681F681E
:1038B0003B78642B02D00020BDE8F0877B78692B31
:1038C000044611D003F0DF03582BF4D1D0F80011D7
:1038D0001369FF29D3E9035600F08E804B1CC4F80E
:1038E00000315B2363540CE0D0F800111369FF2909
:1038F000D3E9035600F0B1804B1CC4F800312E23ED
:10390000635484F804312A4611212046FEF7F2FD63
:103910007B78582B3AD0692B0BD0D4F80011FF29B3
:1039200000F08A804A1C5D23C4F80021635484F8A7
:103930000431337803F0FD03382B12D0D4F8001192
:10394000FF2968D04A1C3D23C4F800212046635457
:103950003246112184F80431FFF706FE0120BDE84C
:10396000F087F368DB681B681A78642AE6D15B7815
:10397000692B03D003F0DF03582BDFD120463246FA
:103980001121FEF7B7FD0120BDE8F087DFF8E880E0
:10399000D4F8001108F1040A20254FF000090BE0CB
:1039A0000B46C24501F10101C4F80011E55484F849
:1039B000045119D018F8015FFF29F1D1D4F808316A
:1039C000D4F80C2184F8FF9020469847D4F8283189
:1039D0000133C4F8283100230121C245C4F8001185
:1039E000E55484F80451E5D1F26811212046FEF730
:1039F00081FD36697B788EE74FF00008D4E94232CA
:103A000084F8FF809847D4F828310133C4F828316E
:103A10004146012363E70025D4F80831D4F80C218E
:103A200084F8FF5020469847D4F8283101221344E7
:103A3000C4F82831294686E70025D4F80831D4F89F
:103A40000C2184F8FF5020469847D4F828310122F1
:103A50001344C4F82831294665E74FF00008D4E93B
:103A6000423284F8FF809847D4F828310133C4F8F3
:103A700028314146012340E7203B00202DE9F04159
:103A80001E4684B0002840D00C46154609B1002AD5
:103A90003BD0002329496A46CDE90033CDE9023302
:103AA000FFF7A2FB002839D0039B009FD3B9DDF8B4
:103AB0000880002F3CD02CB3384604F0F5FB2B686F
:103AC000984219D23946421C2046F5F787F9384604
:103AD00001F052F927460EB100233360384604B096
:103AE000BDE8F0814FF00108002FE4D18EB14FF016
:103AF000FF3333600027F1E7204601F03DF9C5F8B8
:103B00000080E8E7002DFAD1E5E716B16FF0020377
:103B100033600027384604B0BDE8F081009801F01A
:103B20002BF9002EF5D06FF0010333600027D5E7A5
:103B3000002EEED0B8F1010FD9D0F4E7FDB40100AA
:103B40000378472B01D00020704743784E2BFAD1E1
:103B50008378552BF7D1C378432BF4D10379432BCA
:103B6000F1D143792B2BEED183792B2BEBD1C0797B
:103B700001288CBF00200120704700BF10B530B174
:103B8000044600F07DF82046FFF7DAFF08B9F9F7A0
:103B900003FD54F8140CF9F7F7FC00BF2DE9F04FC2
:103BA00085B00246FFF7CCFF38B152E90674D2E97E
:103BB0000C85D2F828A0002605E004460746012619
:103BC000054680468246104600F05AF80EB1F9F7D5
:103BD000F1FC3846F9F7EAFC00F052F80EB1F9F7BB
:103BE000DBFCF9F7B3F90768DFF890B097F82730F6
:103BF000012B0CBF3B6807F17803029328F0030305
:103C0000019320374FF00009CA4520DDD5F8008028
:103C1000B8F1000F00D0A84402AB0022414638465C
:103C2000F9F7C2F808B1F9F74DFDD8F80030039064
:103C300003AA40465946D3F810800123C047019B90
:103C4000002818BF064609F101091D44DCE746B10A
:103C50000420F9F767F8074B074A08490360F9F7AA
:103C600015FD2046F9F790FC00F048F800F046F802
:103C7000F9F794F8902A002049A50100B426002005
:103C800038B50446F9F766F92246056812F8203976
:103C9000472B03D085BB0260284638BD63784E2B86
:103CA000F8D1A378552BF5D1E378432BF2D12379C2
:103CB000432BEFD163792B2BECD1A3792B2BE9D1BB
:103CC000E379012BE6D854F80C3C002B11DB0133CF
:103CD00044F80C3C4368013B4360954218BF44F8EC
:103CE000105C656A18BF0260204600F013FA28468F
:103CF00038BDC3F10103EBE7F9F74EFC08B5F9F75E
:103D000025F903687BB393F82020472A07D00022C7
:103D1000026003F12000BDE8084000F0FDB993F80F
:103D200021204E2AF3D193F82220552AEFD193F87F
:103D30002320432AEBD193F82420432AE7D193F898
:103D400025202B2AE3D193F826202B2ADFD193F8C4
:103D50002720012ADBD85A69002A05DB013A08D05E
:103D6000511C0ED05A6108BD0132FBD119690160A6
:103D7000F8E71A69026003F12000BDE8084000F08E
:103D8000CBB9F9F709FC00BF08B5F9F7E3F800680B
:103D900030B190F82730012B04BF006878380068F4
:103DA00008BD00BF03685A004CBF43F0004323F036
:103DB00000431844704700BF2DE9F84329B34F1E54
:103DC000044615463E464FF0000808EB060101EB9D
:103DD000D171491004EBC1094846FFF7E3FF0346E0
:103DE000C80008308F42204409D0AB4209D8FFF701
:103DF000D9FF0138A8420AD201F10108E5E7AB4238
:103E000005D9884501D04E1EDFE74FF0000948462E
:103E1000BDE8F883012807D0022807D0044B00280A
:103E20000CBF184600207047024870470248704790
:103E3000FD1A0200051B02000D1B020030B5224BCB
:103E400083B004468D1E43B301A92846AFF300801A
:103E5000F0B101992A46FFF7AFFF0146C0B1FFF765
:103E6000A1FF4B68A064012B2BD0002B01F10400B3
:103E700025DBFFF797FF002323650368E064002B31
:103E800012DBFFF78FFF03460020236103B030BD34
:103E900000230920236103B030BD0C4B0C49C91A23
:103EA000C91018460191D5E7C3F30360FFF7B2FFCD
:103EB000031E0CBF09200020236103B030BD012385
:103EC000DAE700230520E0E70000000004D102004B
:103ED000F8D302000368DA0710B5044606D49B073E
:103EE00000F1480009D500F075FC2368590709D591
:103EF0001A070ED5DB0613D510BD00F063FC23684E
:103F00005907F5D404F1D00000F06CFC23681A07BF
:103F1000F0D404F5A87000F06DFC2368DB06EBD448
:103F200004F5E870BDE8104000F0A8BC0346006846
:103F300000B11844704700BF704700BF70B5044619
:103F40000E46316C2046FFF779FF054688B9326C82
:103F50006261236932462146012098470828F0D043
:103F6000072806D12846316CFFF7E6FF301D00F028
:103F70001DFCF6F721F800BF2DE9F0470D1DD0F824
:103F80000C80D0F81890074614460FCDADF5727D21
:103F90000DF10C0CACE80F000FCDACE80F000FCD0D
:103FA000ACE80F0095E80F0002AE4FF0000E8CE871
:103FB0000F00C6F800E020E0336C7B614FF4F07234
:103FC00031467AA8F4F70AFF3B697AAA3946504687
:103FD0009847889B73642146CDE9006905463B46B6
:103FE0003A460120C0470446E0B94FF4F0727AA97E
:103FF0003046F4F7F3FE082D1AD1316C3846FFF73E
:104000001DFF09345FFA84FA05460028D4D0B36B4B
:1040100073643A46CDE900693B464AF0100101203D
:10402000C04700B1092528460DF5727DBDE8F0872F
:10403000072DF7D12046316CFFF77EFF03A800F073
:10404000B5FB00BFF0B5CB6B0B6401F1040C0E4661
:104050000546BCE80F00F9B001AC0FC4BCE80F0086
:104060000FC4BCE80F000FC49CE80F004FF0FF37EF
:1040700084E80F00009706E02B696A4629469847B6
:104080000828044608D110992846FFF7D7FE0028D3
:10409000F2D0092079B0F0BD6846FFF71BFF062C6F
:1040A000F7D131462846FFF749FF00BFC160D96B01
:1040B0008261196400221946FFF75EBF70B5C668B9
:1040C00043690B64AEB903690A4604460D460146CE
:1040D00002209847072805D008280FD129462046F6
:1040E000FFF72CFF3046296CFFF726FF281D00F054
:1040F0005DFB0122FFF740FFF5F75EFFF5F75CFF80
:10410000C26822B1CA6B0A640022FFF735BFFFF70D
:1041100099BF00BF704700BF836801460BB1012003
:1041200018477047012912D009D873B90F2A0CD843
:1041300000EB820218465368009A136070470339F7
:10414000012994BF012002207047022070470846D1
:10415000704700BF00B585B00A46002303A900914F
:104160001946FFF7DFFF039805B05DF804FB00BFB9
:10417000012912D009D873B90F2A0CD8009900EB85
:10418000820209685160184670470339012994BFBB
:10419000012002207047022070470846704700BF88
:1041A00010B584B0002303AC039200940A4619466C
:1041B000FFF7DEFF04B010BD70B5D36B136402F1DE
:1041C000040C05460C46BCE80F00ADF50E7D0DF164
:1041D0005C0EAEE80F00BCE80F00AEE80F00BCE8D4
:1041E0000F00AEE80F009CE80F004FF0FF368EE89E
:1041F0000F00169610E0FFF7D3FF214616A8A84738
:10420000034616AA6946082083B9049B98470528E7
:1042100006460CD0092809D026996846FFF70EFEFD
:1042200003466A460C2116A8002BE4D0092616A8DE
:10423000FFF750FE30460DF50E7D70BD2DE9F04FB5
:10424000CC6C89B01E4654F8043B06940D461746C4
:1042500000F00308002E79D01A0C8DF81D201B04E5
:10426000D2B2059304EB820402238DF81C302B6D2F
:10427000B8F1020F08BFAC6B13F001030CD005A915
:10428000384600F095FB18B9082009B0BDE8F08F5A
:10429000092009B0BDE8F08FD4F800A0BAF1000FF2
:1042A000EDD0019300F008030293022E4AD0B4F837
:1042B00000A0B4F802900434AB6C29F0010B0F217C
:1042C00038469B44FFF746FF834539D82AF0010260
:1042D0005A44824294BF002201224FEA490303F06C
:1042E00002030AF0010A43EA0A03012B4BD0022B16
:1042F00032D0002BCCD1B8F1000F02D0002A40F010
:10430000CD800434D4F800A0BAF1000FCDD105A9B6
:10431000384600F04DFB0028BAD1019B002BB3D0EA
:104320000F213846FFF716FF0E2102463846FFF7E9
:1043300037FF38466A4A0F21FFF732FF0720A8E708
:104340000022CAE7D4F804900834B5E71B020593AD
:104350008DF81D60032388E7D4F8009029F0004B06
:10436000B8F1000F46D12AB1029B002B5BD0BBF104
:10437000000F73D0B9F1000F00DA04340BF1010B18
:1043800004EB8B04BEE7B8F1000F19D1B2B161683C
:104390002268881C4FEAD2723FF47AAF05F15803C5
:1043A0000131049300F08E80201DFFF7BFFD04ABA8
:1043B00001462846F8F7F8FC002859D10834A1E74F
:1043C0000D213846D5F82090FFF7C4FE8145F5D180
:1043D000AB6A9C42F2D12046FFF7E4FC0F21024673
:1043E0003846FFF7DDFE38462A460021FFF7D8FEA3
:1043F00007204EE70D213846D5F820A0FFF7AAFE8A
:104400008245B7D1AB6A9C42B4D104230022C5E9EE
:104410000B23E318C5F828B06B632368002B59DB26
:1044200001230193AAE7994605F15803CDF80C80C2
:1044300004F1040AB0461E460EE050460496FFF70B
:1044400075FD0022014604AB284609F101090AF175
:10445000040AF8F7A9FCD8B9D945EED10D213846A0
:10446000FFF778FE049B2862C5E90934062010E7AF
:1044700081460D213846FFF76DFEB9F1020F04BFEA
:104480002B46049A286214BF049B43F82C2FEBE7B9
:104490004646D4F80090DDF80C806BE72046FFF725
:1044A00081FC04340246AC6328461446F8F7D4FC79
:1044B00000283FF4EDAE384622460F21FFF770FE8C
:1044C0000720E6E60D2138460193FFF743FE019BE6
:1044D0002862C9E70BF1010004EB80007CE700BF14
:1044E000B51102000023FFF7A9BE00BF0123FFF7AB
:1044F000A5BE00BF0223FFF7A1BE00BF2DE9F04318
:104500000646C3B091461C46042900F29B80DFE8B2
:1045100001F07B56992E0300002C40F09380102A66
:1045200000F290800368DC0600F1F38020AF38468B
:1045300000F0AEF9B46B394600234FF0010C0CFAD1
:1045400003F212EA090F204603F1010303D050F8E9
:10455000042B0A600446042B01F10401EFD1384614
:10456000B46300F08BF9002043B0BDE8F083032C66
:1045700068D194B204EB1243102B4FEA124961D870
:1045800003681D0700F1CD8020AF384600F054F9D4
:10459000B26B07EBC90154B10B46D01A01EBC40151
:1045A000E4001D5843F8045B8B42FAD1224438469C
:1045B000B26300F01FF9002043B0BDE8F083012C86
:1045C0004FEA12481FFA82F938D0052C3AD108EB8D
:1045D0000903202B36D8B8F10F0F76D9B9F1000FA7
:1045E00040F083800F2B0BD83368D80708D53046AE
:1045F00023F0010343F0020340F8483B00F0EEF8DB
:10460000002043B0BDE8F083E4B9876B23461FFA6E
:1046100082FC0120341D00FA03F212EA0C0F394625
:1046200004D051F8042B44F823200F460133102BFB
:10463000F1D119F40050E3D1B76304E008EB0903AA
:10464000102B03D9022043B0BDE8F083B8F10F0F5F
:10465000F8D83368DA0706D5304623F0030340F86C
:10466000483B00F0B3F820AF38464D4600F0AEF8B6
:10467000B26B002D5ED04FF0000907EBC80102EBD2
:10468000C503043952F8040B41F8040F9A42F9D1DA
:10469000B9F1000F54D06F464146102938BF1021A0
:1046A00007EBC101843903EBC90253F8045B41F8FD
:1046B000045F9A42F9D1012C3BD0B8F10F0FB263DD
:1046C00058D9384600F08EF89AE7102B54D9326842
:1046D000D707A3F1100909D522F00103304643F0B2
:1046E000020340F8483B00F079F83268530739D4A8
:1046F000B8F10F0F02D820A800F070F86F463846C6
:10470000C8F1100500F072F8002DB26B28DD20AF63
:10471000B3E723F01003036000F5E87000F0B8F889
:1047200004E723F00803036000F5A87000F084F8A4
:104730002AE720AF0432B263384600F043F85FE75F
:10474000012CF7D0B8F10F0FB2633FF659AF3846DE
:1047500000F040F8B9F1000F3FF452AF6F46B0E7F8
:10476000134699E7304622F0040240F8D02B00F0BF
:104770003DF8BDE720AFEAE73368D90708D523F055
:104780000103304643F0020340F8483B00F026F8AE
:1047900020AF38464D4600F021F8B26B002D7FF473
:1047A0006AAF384600F016F82AE700BF00F134017E
:1047B00091E838009C46A6464CF8045D90E8FF0F4F
:1047C000E54600BD90EC210B704700BF80EC210B4B
:1047D000704700BF90EC200B704700BF80EC200BAF
:1047E000704700BFD0EC200B704700BFC0EC200B1F
:1047F000704700BFF0EC0201F0EC0211F0EC022176
:10480000F0EC0231F0EC0241F0EC0251F0EC02610C
:10481000F0EC0271F0EC0281F0EC0291F0EC02A1FC
:10482000F0EC02B1F0EC02C1F0EC02D1F0EC02E1EC
:10483000F0EC02F1704700BFE0EC0201E0EC021185
:10484000E0EC0221E0EC0231E0EC0241E0EC02514C
:10485000E0EC0261E0EC0271E0EC0281E0EC02913C
:10486000E0EC02A1E0EC02B1E0EC02C1E0EC02D12C
:10487000E0EC02E1E0EC02F1704700BFB0FC018126
:10488000B0FC0191B0FC01A1B0FC01B1704700BFC8
:10489000A0FC0181A0FC0191A0FC01A1A0FC01B140
:1048A000704700BFEC4600B52DE900502DE9FF1F11
:1048B0004FF000032DE90C0001A9FFF7C3FBDDF861
:1048C00040E012B0704700BFEC4600B52DE9005043
:1048D0002DE9FF1F4FF000032DE90C0001A9FFF7A0
:1048E000EDFBDDF840E012B0704700BFEC4600B5CC
:1048F0002DE900502DE9FF1F4FF000032DE90C00BA
:1049000001A9FFF7FDFBDDF840E012B0704700BFE2
:10491000EC4600B52DE900502DE9FF1F4FF00003D4
:104920002DE90C0001ABFFF7C1FBDDF840E012B050
:10493000704700BFEC4600B52DE900502DE9FF1F80
:104940004FF000032DE90C0001AAFFF735FCDDF85C
:1049500040E012B0704700BF027A03467AB9427A4B
:10496000A2B14168013A10B44272086803220C1DDA
:104970001A7202025C60000E10BC1A607047006878
:10498000013A1A7202021A60000E7047B020704796
:1049900000B585B0002303AA009219460C22FFF748
:1049A000C1FB039805B05DF804FB00BFFFF7F0BF43
:1049B0002DE9F04385B007460E464FF0000803ADE1
:1049C0003046FFF7C9FFB028044600F0CB8003064D
:1049D00040D500F0F003802B56D0B02B7DD01CD8F2
:1049E000902B00F09380A02B13D1C34303F0070357
:1049F0004FF47F621A41010702F47F624FF0000317
:104A000048BF42F4804219463846FFF777FD002838
:104A1000D6D0092005B0BDE8F083C02B4BD1C62805
:104A200000F08980C72800F0A28000F0F803C02BB6
:104A300000F0BC80C82800F0BF80C928E9D130460A
:104A4000FFF78AFF020300F00F0002F4702201302A
:104A5000024339E08300DBB203F104090023194665
:104A600000950D223846FFF75DFB039B60064CBFA7
:104A7000A3EB09034B440393002300950D22194631
:104A80003846FFF775FB9BE704023046FFF764FFEB
:104A90002043B0F5004FBCD004010023A2B2194658
:104AA0003846FFF72BFD0028B3D114F4004F18BF90
:104AB0004FF0010884E700F0F803D02BA9D100F0F3
:104AC0000702013242F40022052301213846FFF794
:104AD00015FD00283FF474AF9BE7B12837D0B2280A
:104AE00000F08780B32856D000F0FC03B42B90D0A0
:104AF00000F00702013242F4002201231946384631
:104B0000FFF7FCFC00283FF45BAF82E700F00D03E9
:104B10000D2B3FF47EAF002300F00F0219460095E5
:104B20003846FFF7FFFA002300950D221946384654
:104B3000FFF71EFB44E73046FFF70EFF020300F0CD
:104B40000F0002F47022013002430323D6E73046FF
:104B5000FFF702FF024600283FF45BAF10F0F003BE
:104B6000CCD056E7B8F1000F32D0002052E73046E3
:104B7000FFF7F2FE024600283FF44BAF10F0F00FB3
:104B80007FF447AF002304213846FFF7B7FC002825
:104B90003FF416AF3DE73046FFF7DEFE020300F0BC
:104BA0000F0002F4702201300243A6E700F00F026A
:104BB000013242F42022C8E73046FFF7CDFE00F074
:104BC000F00200F00F031032013343EA02327BE7B8
:104BD00003AC43460E22414600943846FFF7A2FA42
:104BE000009443460F2241463846FFF7C1FA40463B
:104BF00010E700230D22194600953846FFF792FA78
:104C00003046FFF7A9FE0206039C4FF002090CD5BF
:104C100000F07F0000FA09F0044430460394FFF7E7
:104C20009BFE030609F10709F2D400F07F0303FAA3
:104C300009F304F5017423441DE700BF10B5C26CED
:104C4000536884B04FF0030C08321C0208461B0E58
:104C500001A9019402928DF80CC08DF80D30FFF778
:104C6000A7FE04B010BD00BF08B5FFF79FFE806C23
:104C700008BD00BF08B5FFF799FEC06CC3790233C9
:104C800000EB830008BD00BF08B5F5F795F908B53E
:104C9000FFF7FAFF002101F063BC00BF0A220021E8
:104CA00001F010BD0A22002101F00CBD10B4044C2B
:104CB00003460A4620685DF8044B194600F002B826
:104CC0007C7C002038B5A1FB02148CBB00F05CF8A2
:104CD0000546E0B150F8042C22F00302043A242ADD
:104CE00017D8132A1AD91B2AC0E900441DD9242A2F
:104CF00014BF00F1100200F118024FF00003C0E9E8
:104D0000024404BF04614461C2E900339360284651
:104D100038BD214602F074FC284638BD0246002307
:104D2000C2E900339360284638BD00F10802F6E777
:104D300003F05AF80C2300250360E8E7931E222BAA
:104D400010B50C460CD80A2A03D001F0C9FC204645
:104D500010BD0028F9DA2D2301F8013B4042F4E7A9
:104D600000230B70184610BD024B0146186800F076
:104D70000BB800BF7C7C0020024B0146186803F092
:104D80009FBB00BF7C7C00202DE9F04F01F10B069A
:104D9000162E83B0044624D8102900F2BA8000F001
:104DA000A3FA102618220220B54F3A44A2F10801B6
:104DB00053688B4200F0BA805A68D96822F0030227
:104DC0001A449D68E9608D60516841F001012046F8
:104DD000516003F1080500F08DFA284603B0BDE8E4
:104DE000F08F36F0070600F19480B14200F2918016
:104DF00000F07AFAB6F5FC7FC0F09A81730A00F0F1
:104E00008F80042B00F26F81B30903F1390003F1A5
:104E1000380CC3009A4F3B44A3F108055B689D42E0
:104E200006D10CE0002980F22781DB689D4206D084
:104E30005A6822F00302911B0F29F3DD60463D6999
:104E4000DFF850C265457CD06A6822F00302931BEC
:104E50000F2B00F37B81002BC7E904CC80F26C811F
:104E6000B2F5007F80F01A81D308796801334FEAE8
:104E7000521E012202FA0EF20A4357F833E0C5F837
:104E800008E007EBC3010839E9607A6047F833505E
:104E9000CEF80C50831001219940914257D811420D
:104EA00006D120F003004900114200F10400FAD0BD
:104EB00007EBC0094D468646D5F80C80454508D11C
:104EC0001DE1002B80F22481D8F80C80454500F0CC
:104ED0001681D8F8042022F00302931B0F2BF0DD7B
:104EE0002046D8E9025408EB060146F00106C8F84E
:104EF0000460EC60A56043F00104C7E90411C1E956
:104F000002CC4C6048F8023000F0F4F908F10805D2
:104F100002E00C2323600025284603B0BDE8F08F93
:104F20004FF4007340204FF03F0C73E7D3689A4270
:104F300008BF02307FF440AF3D69DFF858C16545D6
:104F400082D17A688310012199409142A7D9BD6826
:104F50006B6823F003094E4503D8A9EB06030F2B1A
:104F60007ADCDFF834B1474BDBF800201B680132F4
:104F7000334405EB090A00F0338103F580530F3306
:104F800023F47F6828F00F084146204602F004FF12
:104F9000411C024600F0F380824500F2EE803A4B5D
:104FA000196841441960084600F04E81DBF8001092
:104FB000019301311BBFA2EB0A010918CBF80020B5
:104FC000196012F0070B00F01781CBF108010A44B9
:104FD000CBF5805190440831A1EB0801C1F30B0AD5
:104FE00051462046009202F0D7FE421CDDE9002324
:104FF00000F04F81801A00EB0A081968BA6048F087
:1050000001005144BD425060196000F02981B9F19E
:105010000F0F40F227816868A9F10C0C2CF0070CE7
:1050200000F0010040EA0C0068604FF0050E05EB4F
:105030000C00BCF10F0FC0E901EE00F232815068A4
:105040001546124B1A688A4238BF1960104B1A680D
:105050008A4238BF196094E0AA1943F0010346F070
:1050600001066E602046BA60536000F043F90835CF
:10507000284603B0BDE8F08FD9681A44A1E600BF06
:1050800060780020D4A90020A4A90020CCA9002089
:10509000D0A9002068780020687C0020B2F5206F3D
:1050A0004FEA522363D3142B00F2B78003F15C0163
:1050B000C9005B3307EB010E7958AEF1080E8E453F
:1050C00000F091804B6823F00303934202D9896872
:1050D0008E45F7D1D1F80CE07A68C5E9021ECEF80A
:1050E0000850CD60D6E6142B59D9542B00F29D8080
:1050F000330B03F16F0003F16E0CC3008AE60EF16F
:10510000010E1EF0030F05F108057FF4D5AE51E046
:10511000424445465368D8F80C1043F001035360ED
:1051200055F8083F2046D9608B6000F0E3F8F3E6BD
:10513000F00806F1080237E62A442046536843F097
:1051400001035360083500F0D5F8E5E6A9192046BB
:1051500046F0010643F001046E60C7E90411C1E99D
:1051600002CC4C60AB5000F0C5F80835D4E693098A
:1051700003F13901C90038339CE7BD425FD0BD68F7
:10518000686820F003084645A8EB060302D80F2BF9
:105190003FF762AF204600F0ADF80025BCE603F112
:1051A0005C0003F15B0CC30034E659F808394B4549
:1051B00040F0968010F0030F00F1FF30F5D17B68CE
:1051C00023EA01037B60490099423FF6C0AE19B95A
:1051D000BDE649000EF1040E1942FAD0704667E6AA
:1051E00003F11008D0E69A104FF001087B6808FA26
:1051F00002F21A437A6070E702EB08014942C1F3F8
:105200000B0A51462046009202F0C6FD431CDDE920
:1052100000237FF4EFAEDA46EFE6542B25D8130BCC
:1052200003F16F01C9006E3344E7B3F5AA7F25D8B7
:10523000F30B03F1780003F1770CC300EAE5294B87
:10524000186840441860B1E6CAF30B0CBCF1000FBB
:105250007FF4ACAEBD68C84448F001006860F0E679
:105260001546EEE60123536094E7B3F5AA7F23D8F1
:10527000D30B03F17801C90077331BE740F2545296
:10528000934223D8B30C03F17D0003F17C0CC300DF
:10529000C0E5ABF1080BD844A8EB02084FF0000AB8
:1052A000ABE605F108012046009303F009F9BD685B
:1052B000009B68681968C4E640F254518B420BD8D1
:1052C000930C03F17D01C9007C33F3E64FF47E7348
:1052D0007F204FF07E0C9DE54FF47E717E23E9E642
:1052E0007B6870E7A4A90020014802F0ABBD00BFB5
:1052F0009CA90020014802F0A7BD00BF9CA9002086
:1053000010B4044C03460A4620685DF8044B194665
:1053100000F002B87C7C00202DE9F84F17460029E8
:1053200000F098800C4607F10B058046FFF7DCFF84
:10533000162D54F8041C5BD810252A46AF425CD8C1
:1053400021F003069642A4F1080962DABC4BD3F8B7
:1053500008C009EB0600844500F09780D0F804C02F
:105360002CF0010303445B68DB0768D42CF0030CCA
:1053700006EB0C03934247DACB0710D454F8083CF1
:10538000A9EB030ADAF8043023F003018C44B44497
:10539000944580F211817318934280F2E880394677
:1053A0004046FFF7F1FC0746E0B154F8043C23F017
:1053B00001034B44A0F10802934200F0D280321F57
:1053C000242A00F2F580132A00F2AC80034622461C
:1053D000116819605168596092689A602146404688
:1053E00003F06EF84046FFF785FF3846BDE8F88FBA
:1053F00025F00705002D2A46A0DA0C23C8F8003056
:1054000000273846BDE8F88F1E46D0E90223D36056
:105410009A60731B0F2B22D8D9F8043003F00103D4
:1054200033434E44C9F80430736843F0010373609A
:1054300040462746FFF75EFF3846BDE8F88FC907AC
:10544000ADD454F8083CA9EB030ADAF8041021F0B3
:105450000301A0E7BDE8F84F1146FFF795BCD9F866
:10546000042009EB050102F001024E4443F0010360
:105470002A43C9F804204B60736843F001030831E4
:105480007360404603F01CF8D2E7DCF8040020F01B
:10549000030B06EB0B0C05F1100084454DDAC90730
:1054A0003FF57DAF54F8081CA9EB010ADAF80410A7
:1054B00021F003018B44B34458453FF76CAF574686
:1054C000DAF80C1057F8080F321F242AC1608860E0
:1054D00000F2DB80132A40F2D6802168CAF8081057
:1054E0006168CAF80C101B2A00F2DF8008340AF148
:1054F00010022168116061685160A16891600AEB37
:105500000501ABEB050242F0010299604A60DAF84E
:10551000043003F001032B434046CAF80430FFF780
:10552000E9FE6EE723680360636843601B2A68D85E
:1055300004F1080200F108034AE709EB05029A604A
:10554000ACEB050343F00103536054F8043C03F053
:1055500001032B43404644F8043CFFF7CBFE2746AB
:105560004FE750F8043C23F003031E4451E757462D
:10557000DAF80C1057F8080F321F242AC16088602F
:105580004CD8132A48D92168CAF808106168CAF8AB
:105590000C101B2A56D808340AF110021E46236844
:1055A000136063685360A3689360D1463C4630E75C
:1055B000214601F0A9FF11E7D0E902135746CB605D
:1055C000996057F8081FDAF80C30CB60321F242A94
:1055D00099602DD8132A29D92368CAF8083063683E
:1055E000CAF80C301B2A42D808340AF1100322688A
:1055F0001A6062685A60A2689A606646D1463C4664
:1056000007E7A3688360E368C360242A26D004F117
:10561000100200F11003DBE63A46BFE721463846A8
:105620001E46D14601F070FF3C46F2E63B46DEE7FF
:10563000214638466646D14601F066FF3C46E8E61C
:1056400060780020A168CAF81010E168CAF8141048
:10565000242A20D010340AF118029FE7236903613D
:105660006169416104F1180200F11803B0E6A36812
:10567000CAF81030E368CAF81430242A21D0103454
:105680000AF11803B3E73A4633E72146384601F0FA
:105690003BFF164B33E72269CAF818206269CAF843
:1056A0001C2018340AF1200278E7A168CAF810100B
:1056B000E168CAF81410242A0DD010340AF1180237
:1056C00017E72369CAF818306369CAF81C30183420
:1056D0000AF120038BE72269CAF818206269CAF828
:1056E0001C2018340AF1200203E700BF6078002074
:1056F0002DE9F04F2DED108B97B08A4600210792CF
:10570000129100220021CDE90412804651461191E8
:105710000F4611F8012B2D2A5ED801A050F822F077
:10572000D92E0200F12D0200F12D0200F12D020010
:10573000F12D0200F12D0200F12D0200F12D0200E9
:10574000F12D0200272D0200272D0200272D020037
:10575000272D0200272D0200F12D0200F12D02005D
:10576000F12D0200F12D0200F12D0200F12D0200B9
:10577000F12D0200F12D0200F12D0200F12D0200A9
:10578000F12D0200F12D0200F12D0200F12D020099
:10579000F12D0200F12D0200F12D0200F12D020089
:1057A000272D0200F12D0200F12D0200F12D020043
:1057B000F12D0200F12D0200F12D0200F12D020069
:1057C000F12D0200F12D0200F12D0200133502002F
:1057D000F12D0200FF34020000210991302A7DD012
:1057E000002308932F2A144640F2CD844FF000097D
:1057F00038464E464D4612E00130082D1190C8BF84
:1058000009EB89090478C6BF02EB4902A2F130090D
:10581000A3F130062F2C05F1010522466FDD06EBC2
:105820008603392C02EB4303E6DD9F49012201F098
:10583000BFFF002837D1119B1A46013311935478CA
:10584000002D40F04385302C40F02485C3F1010247
:105850009818013311931C78302CF9D0A4F131033E
:10586000082B00F20183119F431CA4F1300B0B9312
:105870000125BC464FF0000E06EB86060BEB4606F4
:1058800000200CF1010311939CF80140A4F13001B8
:10589000092900F2BB8201308B46002940F04F8479
:1058A000DDF844C0EDE70020652CAE460B90844641
:1058B00001D0452C30D1002D6BD1089B034367D11B
:1058C000079B9FED778B13B1079BC3F800A0B0EE49
:1058D000480B17B0BDEC108BBDE8F08F7A7802F062
:1058E000DF02582A00F00C84013711973A78302AE9
:1058F000FAD0002A00F0B7800123089372E76A49C2
:10590000012201F055FF002800F0C080AE464FF0A4
:10591000000CCDF82CC060464FF0000B002D7ED05F
:1059200007EE906A0B9BB8EE677BABEB0303BEF10F
:10593000000F08BFAE46102D0A932B46A8BF1023B8
:10594000092D8DED047B0CDD584A02EBC30212EDEC
:10595000125B06EE909AB8EE666BA7EE056B8DEDC6
:10596000046B0F2D00F3A8800A9A002A00F0E4834C
:105970000A9A40F33C83162A40F398840A99C5F1A9
:1059800025028A4280F2A6840A9AEB1A134499E00F
:105990000025DDF844A00AF1010311939AF80140B3
:1059A0002B2C00F05E822D2C00F0F78100230A934F
:1059B000A4F13003092B00F2EB81302C05D1119BAF
:1059C000013311931C78302CFAD0A4F13103082B49
:1059D000A2D8119A0C92531C1193A4F1300B547855
:1059E0002F2C07DCDEE3013311934C782F2CA2F12E
:1059F000300B06DD0BEB8B02392C194604EB42020F
:105A0000F1DD0C9A9B1A082B40F3CC8344F61F6BF4
:105A10000A9B002B82D0CBF1000B002D80D1089B7C
:105A2000034320D1BCF1000F7FF44AAF692C00F092
:105A3000CF8300F3F382492C00F0CA834E2C7FF40D
:105A40003FAF1B4911A803F05DF900283FF438AFC0
:105A5000119B1B78282B00F0F284164802F094FC6E
:105A6000B0EE408B01E09FED0E8B079A0AB1119BBF
:105A70001360099B002B3FF42AAFB1EE488BB0EEC8
:105A8000480B17B0BDEC108BBDE8F08F119B0B904D
:105A90005A1C11925C78AE46F8E600BFAFF3008066
:105AA0000000000000000000EC0D0020A802002013
:105AB00054560020380C00200A9AEB1A1344002B8D
:105AC00040F3B08213F00F010AD0C34A02EBC102C7
:105AD0009DED046B92ED007B27EE067B8DED047B44
:105AE00033F00F0240F038820023089300962B46D3
:105AF00072463946404603F091FA8146002800F08C
:105B0000E1820B9BA3EB0B0B0A9B9FEDA9EB002BF8
:105B10009FEDA9CB9FEDAADB9FEDABBBB4BF5A466F
:105B200000224FF0000A23EAE3730B920C935446D1
:105B3000D9F80410404603F0EFF90646002800F0BB
:105B40000E81D9F810209DED048B0232920009F1EC
:105B50000C010C30F3F742F9B0EE480B14AA13A96C
:105B6000404603F017FE1290002800F0E480012167
:105B7000404603F0FBFA0446002800F0F080139A38
:105B8000002AC0F2DE800B9B0C9F02EB030B089BEC
:105B9000149DD21A2A44914B013A9A42C5F1360516
:105BA00080F29880991A1F29A5EB010500F3E38084
:105BB000012202FA01F30D9300230E932F44089B58
:105BC0005D44AB455A461F44A8BF2A46BA42A8BF07
:105BD0003A46002A03DDAD1ABF1AABEB020B0B9B52
:105BE000002B00F38880002D00F39C800A9B002B83
:105BF00000F3B780002F00F3A980BBF1000F08DD90
:105C000021465A46404603F0EDFB0446002800F0CA
:105C1000A68012993246404603F07EFC8246002858
:105C200000F09D800023C568C360214603F052FC4C
:105C30000028C0F2C78300F061832146504603F07C
:105C400013FEB0EE007BB4EEC70BF1EE10FA46D8AF
:105C5000002D00F0CB80B7EE009B0598604B002232
:105C60006049DFF884C100EA0107674500F0D4808D
:105C7000089959B1B7F1D46F08D8B4EECB9BF1EEC7
:105C800010FA40F2568103F1D661CB1BB0EE480BFF
:105C900043EC1A2B03F0EAFCAAEE008B8DED048B8B
:105CA00018EE903A089A22B94E4A1A40974200F0EC
:105CB000E4801299404603F055F93146404603F01E
:105CC00051F92146404603F04DF95146404603F054
:105CD00049F92DE701230021CDE90D316EE7B6EE3C
:105CE000009B20EE099B002D5FD1B1EE497B05980A
:105CF00053EC172BB4E721461A46404603F012FB3B
:105D0000044660B30146129A404603F05DFA30B390
:105D10000F901299404603F025F90F9A1292002D28
:105D20007FF764AF12992A46404603F05BFB12905E
:105D300000287FF45BAF22239FED258BC8F800304D
:105D4000BCE00C9BDDF82CB09F1A20E731463A46A8
:105D5000404603F047FB064600287FF44EAF1298FA
:105D6000E9E731460C9A404603F0DCFA0646002883
:105D70007FF440AFF3E7C2F17F4202F57F0202F504
:105D80007B420121E23201FA02F3CDE90D1315E75E
:105D9000CDF844A04FF0000BC0E501230A930AF1AF
:105DA000020311939AF8024002E6B0EE497B9EE7A7
:105DB0009535A094FFFFCF3F9535A094FFFFDF3FBF
:105DC00035E5AF350000E03F0000C0FFFFFFDF41D9
:105DD000000000000000F07FA802002002FCFFFF8E
:105DE0000000F03F0000F07F0000E07FDDE90412DA
:105DF000002900F08580DDE90412012900F0D88136
:105E00001046B74BB7EE009B002229E7652C4FF0F8
:105E1000010C3FF4BEAD4CE543EC1A2BA0F15473DA
:105E200005939DED04FBB0EE4F0B03F01FFCAD4955
:105E3000AAEE00FB1FEE903AAB4A194091428DED5D
:105E400004FB72D9A94B18EE902A9A4203D118EE9E
:105E5000103A013383D0A54A4FF0FF33CDE9043225
:105E600027E700230A939AE7652C00F0D080452CA1
:105E700000F0CD804FF0010CD1E551EC190B0D93E2
:105E800009F0C4FD09F094FD049B1D430D9B41ECFA
:105E9000170BC3F313031D4339EE479B00F0A0809B
:105EA000B4EECC9BF1EE10FA05D4B4EECD9BF1EE3E
:105EB00010FA7FF7FEAE9DED048B12980146404626
:105EC00003F050F83146404603F04CF82146404676
:105ED00003F048F84946404603F044F8514640462E
:105EE00003F040F8C1E501220992791C11917A78FA
:105EF000002A3FF4E5AC0F4670E400220992F4E773
:105F0000C2F313031046002B7FF47BAFB7EE007B88
:105F1000B4EEC70BF1EE10FA00F1D381B6EE009BA0
:105F200020EE099BB1EE497BE2E603F15473059341
:105F3000B8E6BCEEC99B19EE103A012B38BF01231D
:105F400009EE103AB8EE499B002D40F03E81B1EECB
:105F5000497B53EC172B96E6B2F59A7F00F3B2809B
:105F6000102A4FEA221340F38682614C9DED047B98
:105F700000202246014613F0010F01F101014FEA12
:105F8000630304D092ED006B012027EE067B012B0A
:105F900002F10802EFD108B18DED047B059BA3F15E
:105FA0005473059304EBC1049DED046B94ED007BE9
:105FB0004C4B27EE067B17EE902A4E4913408B423E
:105FC0008DED047B7ED8A1F580118B4240F2D68105
:105FD000464C4FF0FF33CDE904340023089385E5A8
:105FE000B4EECE9BF1EE10FA7FF563AE63E71632A6
:105FF000FFF662AD0B9BA3EB0B0B3F4B03EBCB030D
:1060000093ED007B9DED046B86EE078B2DE54FF045
:10601000000ECDF82CE04FF0010C4EE46E2C3FF456
:1060200010AD4DE43FF460AD5B4213F00F010AD0B8
:10603000314A02EBC1029DED046B92ED007B86EECE
:10604000077B8DED047B1B113FF44EAD1F2B33DC22
:1060500013F0100218BF6A229DED047B0892274AB4
:106060000021D80704D592ED006B012127EE067BB5
:106070005B1002F10802F4D109B18DED047B089B9D
:1060800093B1DDE90401C1F30A52C2F16B03002BA5
:106090000ADD1F2B40F32F820020342B049040F3A5
:1060A00040824FF05C7305939DED047BB5EE407B21
:1060B000F1EE10FA7FF41AAD22239FED058BC8F89C
:1060C0000030D2E422239FED048BC8F80030CCE4EA
:1060D0000000000000000000000000000000F07F51
:1060E0000000F0BF0000F07FFFFF9F7CFFFFEF7F0D
:1060F000800200200000A07CA80200207003002085
:106100000293099B019312AB0093A74A13AB11A909
:10611000404602F02DFB10F00F0504463FF4A3ACFF
:10612000062D74D1079B9FED9A8B0137002B3FF40E
:10613000CEAB1F60FFF7CBBB9DED048B95E40B9BB3
:10614000DDF844C003440B93012805F101031A460E
:1061500014D02844441E03E046009C420DD0013375
:106160002A46082A1D4606EB8600F5D9102BDCBF0F
:1061700009EB89094FEA4909EFE70232082D3CDCB7
:106180001546FFF779BB89490122384601F010FB1B
:10619000002800F082804FF0000EF14676467546EA
:1061A000FFF7B5BB44F61F639B45A8BF9B462FE492
:1061B000DDE904231846002B7FF423AE22239FED54
:1061C000748B1298C8F8003078E6B0EE497BC0E6D0
:1061D000774911A802F096FD00283FF471AB119B9E
:1061E0007449013B11A8119302F08CFD10B9119B69
:1061F000013311939FED688B37E4102ADCBF09EB64
:10620000890901EB490915460020FFF73ABB129AAC
:106210003AB1352114A803F059FB1299404602F017
:10622000A1FE013D139B042D00F28F81DFE805F0F4
:10623000032D2A1F0300149A049203F23342159B84
:1062400023F4801343EA02530593E50502D543F096
:1062500000430593584A1A409DED048B002A7FF4B1
:1062600004AC01F0C1FD22230360FFF7FEBB4FF039
:10627000FF336FF00046CDE90436E3057FF55CAFF0
:10628000059BE4E74C4B0593F7E7149B0493159BA0
:106290000593DAE70020FFF7E1BA119B1A460133B4
:1062A0001193547806468146FFF7CDBA434B03EB72
:1062B000C20393ED008B9DED047B28EE078BFFF767
:1062C000D4BBBEEE007BB6EE009B11E5AE460B9054
:1062D000FFF7DCBA394BC5F10F054A1B03EBC505C7
:1062E00003EBC20395ED008B93ED007B9DED046BFA
:1062F00028EE068B28EE078BFFF7B7BB002D00F0CA
:106300009580DDE904BC2E4BCCF313019942624623
:1063100000F0D2800E9B002B00F0A580DDE9041276
:10632000134217461AD0B0EE480B002D00F0A6809D
:1063300003F09CF9089B7BB1C7F30A53C3F16B03CD
:10634000002B09DD1B0503F17F51002001F54011F1
:1063500041EC170B20EE070B38EE008B089B5BB16E
:106360009FED0F7B144B28EE078B18EE902A1340FD
:1063700013B92223C8F8003012989FE502F1547334
:10638000059300230893FFF7B1BB00BFAFF3008074
:106390000000000000000000000000000000F07F8E
:1063A000000000000000503974480020EC0D00206F
:1063B00010320020143200200000F07FA8020020DC
:1063C000FFFF0F00DDE904120D43C7D1C2F3130331
:1063D0001746002BC2D122F000431B0D1B05B3F161
:1063E000D66FBBD9DAF814301BB9DAF81030012BAC
:1063F000B4DD51460122404602F0F4FF21468246B8
:1064000003F068F80028A9DD089B002B7ED1504BD3
:106410003B40A3F580136FEA13536FEA03530593D0
:106420004FF0FF3304939DED048B97E7DDE90412F1
:10643000C2F313030B4317467FF46CAFE4E74549FF
:1064400011A814AA02F07AFC05287FF406AB159B6C
:1064500043F0FF4343F4E0030593149B04939DED45
:10646000048BFFF702BBDDE904010D9B03423FF4FF
:1064700075AF0F4657E7384C00218FE503F0F6F86B
:10648000089B002B55D0C7F30A53C3F16B03002BB5
:1064900009DD1B0503F17F5101F54011284641EC50
:1064A000170B20EE070B38EE408BB5EE408BF1EE6C
:1064B00010FA7FF455AF81E6089B04991BB3244B77
:1064C0001340B3F1D46F1ED81B0DC3F16B034FF013
:1064D000FF3000FA03F399427FF41CAF1F4B9A423E
:1064E00030D01B4B134003F5801305930023049316
:1064F0009DED048B32E74FF0FF3202FA03F3049A6A
:106500001A400492D0E54FF0FF33E4E7104B3B40D4
:10651000B3F1D66F3FF77DAFB3F15C7F3FF720AFAC
:106520004CE6C2F14B024FF0FF3393400B40059312
:10653000BAE538EE408BB5EE408BF1EE10FA7FF401
:106540001BAF3BE60131CCD109E400237DE600BF5F
:106550000000F07F8848002080020020FFFFEF7FCE
:1065600010B4054C054B84460A4620685DF8044B80
:106570006146FFF7BDB800BF7C7C0020F4760020A8
:10658000012B2DE9F84F40D0242B98463DD84C4D97
:106590008E4676461EF801BB15F80B4014F0080431
:1065A000F7D1BBF12D0F72D0BBF12B0F08BF9EF8B6
:1065B00000B06FF0004908BF06F1020E002B42D078
:1065C000102B57D0B9FBF8F700252E4608FB179A79
:1065D00005E033D008FB06C601251EF801BBABF170
:1065E000300CBCF1090F06D9ABF1410CBCF1190F0D
:1065F00012D8ABF1370C634517DDB5F1FF3FECD096
:10660000B742E6D24FF0FF35E7E701F0EDFB162386
:1066100003600020BDE8F88FABF1610CBCF1190FED
:1066200003D8ABF1570C6345E7DC6B1C27D08CB962
:106630000AB1A5BB11603046BDE8F88FE245C9DA62
:106640004FF0FF35C9E7BBF1300F05D04FF00A0816
:106650004346B7E77642EBE79EF8003003F0DF03EE
:10666000582B21D14FF010089EF801B043460EF18F
:10667000020EA7E7BBF1300F1AD09846A2E72223FB
:10668000036072B10EF1FF314E461160D3E79EF800
:1066900000B04FF0004906F1020E01248EE7B1462A
:1066A000F0E74E463046C7E74FF00808434689E713
:1066B0009EF8005005F0DF05582DD3D0984681E7AD
:1066C000A130002010B4054C8446134620685DF8C4
:1066D000044B0A466146FFF753BF00BF7C7C002095
:1066E000F0B5254FA2F1020E164605460C460FCF17
:1066F0008BB0EC46ACE80F000FCFACE80F0097E88A
:1067000003004CF8040BBEF1220F8CF800102ED8B9
:1067100004F1FF3E70464FF0000CB5FBF6F206FBAD
:10672000125328336B44614613F828CC00F801CF8C
:106730002B469E4201F1010C1546EED9002304F8C8
:106740000C3089B1A44472461EF8010F1CF8015D9B
:106750008EF80050A4EB0E030232013B121B0B44D7
:106760009A428CF80000EEDB20460BB0F0BD00230F
:10677000184623700BB0F0BD78300020FFF7B0BF93
:1067800013460A460146022001F006BE024B184499
:10679000407800F007007047A0300020054B1844F7
:1067A000407800F00300A0F10200B0FA80F0400948
:1067B000704700BFA0300020054B1844407800F01F
:1067C0000300A0F10100B0FA80F04009704700BF5B
:1067D000A0300020034B1B5C03F00303012B08BF18
:1067E00020307047A1300020B1F90C202DE9F04194
:1067F0000C461107804647D4636842F40062002BC0
:10680000A2815EDDA56A002D58D00023D8F8006073
:10681000C8F8003093B212F4805256D10123E169D6
:106820004046A847431C67D0A389A56A5F0705D5E2
:106830006368C01A236B0BB1E36BC01AE1690246AF
:1068400000234046A847411C41D1D8F80030002B16
:106850003DD01D2B01D0162B56D1A3892269226071
:1068600023F4006300216160A381216BC8F80060FC
:1068700021B304F14003994202D0404601F020FECA
:1068800000202063BDE8F0812669BEB193B225687F
:1068900026609A070CBF63690023AD1BA3600BE061
:1068A0002B463246E169676A4046B847B0F1000CB2
:1068B000A5EB0C05664417DD002DF1DC0020BDE8DA
:1068C000F081E36B002B9DDCF8E7206DAEE7B4F9B7
:1068D0000C302269226023F40063A3810022DB04D0
:1068E0006260C2D52065C0E7A38943F040034FF042
:1068F000FF30A381BDE8F081D8F80030002B93D0A1
:106900001D2B06D0162B04D0A38943F04003A3818E
:10691000D5E7C8F80060D1E738B50C46054608B1A0
:10692000436B03B3B4F90C0088B1636EDB0701D489
:1069300081050FD528462146FFF756FF636EDA071B
:10694000054602D4A3899B0508D5284638BD0546CF
:10695000284638BDA06D01F075FAEBE7A06D01F097
:1069600073FA284638BD00F0D1F8DBE750B338B5EC
:10697000174B1D6804460DB16B6BBBB1B4F90C002D
:1069800088B1636EDB0701D4810513D52846214603
:10699000FFF72AFF636EDA07054602D4A3899B0539
:1069A0000CD5284638BD0546284638BD284600F097
:1069B000ADF8E3E7A06D01F045FAE7E7A06D01F05F
:1069C00043FAEEE7034A0449044800F0C5BA00BFA1
:1069D0007C7C0020707C0020313F0200A06B0020F6
:1069E000024A0349034800F0B7BA00BF707C002098
:1069F000F9B70200A06B00200C4B4168994210B51A
:106A0000044601D007F0ECFBA168094B994202D083
:106A1000204607F0E5FBE168064B994204D020468A
:106A2000BDE8104007F0DCBB10BD00BFD8A90020B6
:106A300040AA0020A8AA00202DE9F8432A4C2B4B9D
:106A40002B48DFF8C090DFF8C0802A4F186000257F
:106A500004230822294604F15C00274E6566C4E938
:106A60000253C4E90055C4E90455A56100F0C8FD0E
:106A7000224B63670822294604F1C400C4E9074990
:106A8000C4E90987C4E91A55C4E91E55C4F8CC50B5
:106A90002567C4F88050E66200F0B2FD184BC4F8D8
:106AA000DC30294604F16803082204F59670C4F826
:106AB0008430C4E92298C4E92476C4E93455C4E991
:106AC0003855C4F83451C4F8D850C4F8E85000F030
:106AD00097FD04F1D003C4E93C98C4E93E76C4F8BC
:106AE000EC30BDE8F88300BFD8A9002010AB00202F
:106AF000F93F0200514802007148020009000100FC
:106B000012000200ED4702001148020010B50446D1
:106B10000A4801F097F9636B23B9094B094A1B68CE
:106B2000626323B1BDE81040044801F08DB9FFF75E
:106B300083FFBDE81040014801F086B9A0A90020FC
:106B400010AB002011400200014801F07BB900BFEA
:106B5000A0A90020014801F077B900BFA0A900203A
:106B600030B5174B1D680C4683B001460DB16B6BF9
:106B7000FBB1636EDB0702D4A389980513D52246C7
:106B8000284600F087FA636EDA07054602D4A38927
:106B90009B0502D5284603B030BDA06D01F054F925
:106BA000284603B030BDA06D019101F04BF9019969
:106BB000E5E701902846FFF7A9FF0199D9E700BF53
:106BC0007C7C002030B587B005460846144601910C
:106BD00001F06AFB01AA0123CDE9020205900493AA
:106BE0000DB16B6B6BB3636E13F0010FB4F90C3026
:106BF0009AB201D198051DD5910406D4626E43F472
:106C0000005322F40052A381626603AA284621465B
:106C100000F028F8636EDA07054602D4A3899B05C5
:106C200002D5284607B030BDA06D01F00DF9284609
:106C300007B030BDA06D01F005F9B4F90C309AB27F
:106C4000DAE72846FFF762FFCDE700BF10B4044C37
:106C500003460A4620685DF8044B1946FFF7B2BFA9
:106C60007C7C00209368002B00F085802DE9F04F9C
:106C7000B1F90C300C461907804683B0174698B21C
:106C800025D523691BB310F002033D682DD04FF0CA
:106C9000000ADFF8C0B25646B9465E453346524652
:106CA00028BF5B464046002E52D0E169676AB8476C
:106CB000002856DDD9F808301B1A8244361AC9F864
:106CC0000830002BE9D1002003B0BDE8F08F214649
:106CD000404600F051FB002840F03881B4F90C30F8
:106CE0003D6898B210F00203D1D110F0010944D1EF
:106CF0004E46009746B38205D4F808B040F185802F
:106D0000B3455A4600F2B48010F4906F40F0C18051
:106D100020680192494600F0F7FBA368019AA3EBB3
:106D20000B012368A1601344B24623600026009A39
:106D30009368A3EB0A03D1449360002BC3D0B4F94A
:106D40000C0080B2002ED6D1D5E900960835D1E7E7
:106D5000D5E900A60835A0E721464046FFF7DCFD4F
:106D600088B3B4F90C3043F040034FF0FF30A381F7
:106D700003B0BDE8F08F002070471E46BA46994622
:106D8000184600951F4666B3002832D04A46D4E91B
:106D900004132068A568B24228BF3246884204D94D
:106DA00005EB030B5A4500F3A780934264DCE169CD
:106DB000656A3A464046A847B0F1000BD1DDB9EB11
:106DC0000B09C9D00120DAF80830A3EB0B035F44AC
:106DD000A6EB0B06CAF80830002B3FF474AF002E68
:106DE000D2D1009A5668134608320092002EF8D08D
:106DF0001F6832460A21384601F006FA002800F0E2
:106E00009C800130A0EB0709C0E720682369984205
:106E100016D86269B24213D86FF00043B34228BF5C
:106E20003346E16993FBF2F3676A02FB03F34046E2
:106E30004A46B847B0F1000A93DDA6EB0A0676E7AA
:106E4000B345DA4628BFB2465246494600F05CFBDD
:106E5000A3682268A3EB0A035244A3602260002BBC
:106E6000EBD121464046FFF757FD0028E5D078E7F3
:106E70002068B34632464CE73946019200F044FBA5
:106E8000019AA3689B1AA360236813442360934666
:106E900095E723682169A3EB010B636903EB430AC0
:106EA0000AEBDA7A0BF101034FEA6A0A33445345DD
:106EB000524684BF9A46524643052CD51146404659
:106EC000FDF762FF00283BD05A4621690190F1F797
:106ED00085FFA289019B22F4906242F08002A28188
:106EE00003EB0B002361AAEB0B03C4F814A0A3600F
:106EF0002060B34632460CE739465A4600F004FBA0
:106F000023685B44236021464046FFF705FD0028C7
:106F10003FF455AF25E74046FEF7FEF9034600284B
:106F2000DED12169404601F0CBFAB4F90C300C22D5
:106F300023F08003C8F8002015E7721C914626E76D
:106F40000C22B4F90C30C8F800200CE74FF0FF30E9
:106F5000BAE600BF00FCFF7F2DE9F84380460F46EC
:106F600016464FF00009D6E90154013D11D4A3891A
:106F7000012B05F1FF3508D9B4F90E300133214654
:106F800003D04046B84749EA00096B1C04F1680485
:106F9000EDD13668002EE6D14846BDE8F88300BF43
:106FA0002DE9F04186B002FB03F71D4601AB0393C8
:106FB00001230C9C01919046029705970493064685
:106FC00010B1436B002B3DD0636E13F0010FB4F989
:106FD0000C309AB201D199052DD5920406D443F410
:106FE0000053A381636E23F400536366304603AA03
:106FF0002146FFF737FE636E78B1DA0706D5059BA9
:10700000FF1AB7FBF8F006B0BDE8F081A3899B0535
:10701000F5D4A06D00F018FFF1E7D80707D4A389D5
:10702000990504D4A06D00F00FFF2846EBE7284631
:1070300006B0BDE8F081A06D00F004FFB4F90C309B
:107040009AB2CAE7FFF762FDBEE700BF10B5064C73
:1070500082B084460093206813460A466146FFF7D3
:107060009FFF02B010BD00BF7C7C00200FB400B5B4
:10707000074983B004AB086853F8042B8168019377
:1070800004F036FA03B05DF804EB04B0704700BFBB
:107090007C7C002070B50E461446054610B1436B4B
:1070A000002B2FD0636ED80702D4A389990520D571
:1070B000A368013B002BA36019DAA26993420FDB9E
:1070C000F0B20A280CD023685A1C226005461E70B4
:1070D000636EDA0702D4A3899B050ED5284670BDDE
:1070E00028462246314600F0EFF80546F0E7F0B2B8
:1070F000E9E7A06D00F0A6FEDAE7A06D00F0A4FEBF
:10710000284670BDFFF702FDCCE700BF0CB410B5F8
:107110001F4B00291C689CB035DB4FF40273ADF89F
:107120001430029006901FAB18D001394FF6FF7251
:1071300004910791ADF8162002A91E9A01932046EA
:1071400002F032FC421C01DA8B232360029B0022F6
:107150001A701CB0BDE8104002B070474FF6FF72C5
:1071600004910791ADF8162002A91E9A01932046BA
:1071700002F01AFC431C01DA8B2323601CB0BDE82B
:10718000104002B070478B2323604FF0FF30F5E7CB
:107190007C7C00200EB410B59DB06FF000411FAB99
:1071A000CDE906010491094953F8042B0290084CDB
:1071B0000868019302A9059402F0F6FB029B0022E5
:1071C0001A701DB0BDE8104003B070477C7C0020F1
:1071D0000802FFFF10B50C46B1F90E1000F0C6FD15
:1071E000002803DB236D0344236510BDA38923F42A
:1071F0008053A38110BD00BF2DE9F0410C46B1F9C9
:107200000C101F46CB05054616460BD421F48051C1
:10721000A1813B46B4F90E1032462846BDE8F04144
:1072200000F0CCBDB4F90E100223002200F088FD5E
:10723000B4F90C10EAE700BF10B50C46B1F90E1016
:1072400000F07EFDA389421C0EBF23F4805343F45B
:1072500080532065A38110BDB1F90E1000F05EBD12
:10726000F0B5ADF5057D04AF009313464FF4007201
:107270000E460392394603AA054600F0E3F888B1AA
:1072800004460246039B3146284600F097FDBC4267
:10729000039004D02846214601F012F903980DF519
:1072A000057DF0BD4FF0FF30F9E700BF10B4054C8D
:1072B0008446134620685DF8044B0A466146FFF792
:1072C000CFBF00BF7C7C0020F8B50D4614460646B3
:1072D00010B1436B002B4CD0B4F90C20A369A36010
:1072E000170790B21BD52369CBB1EDB281042F46AD
:1072F00022D522686169D31A994229DD0133A16838
:107300000139A160511C2160157062699A4227D031
:10731000A389DB0701D50A2D22D03846F8BD2146C6
:10732000304600F029F808BBB4F90C20236990B26C
:10733000EDB281042F46DCD442F40052A281626E89
:10734000616922F4005262662268D31A9942D5DC40
:1073500021463046FFF7E0FA40B922680123CEE724
:1073600021463046FFF7D8FA0028D6D04FF0FF3735
:10737000D3E7FFF7CBFBAFE738B5314B1B680546CA
:107380000C4613B15A6B002A4ED0B4F90C301807D2
:107390009AB21CD5216929B312F0010007D0002050
:1073A000A06060694042A06139B1002038BD9507F6
:1073B00058BF6069A0600029F7D1120658BF08467F
:1073C000F4D543F04003A3814FF0FF3038BDD10620
:1073D0002ED5520714D4216943F00803A3819AB231
:1073E0000029D9D102F42070B0F5007FD4D0214615
:1073F000284606F059FFB4F90C3021699AB2CBE760
:10740000216B51B104F14002914204D0284601F0B1
:1074100057F8B4F90C300022226321690022C4E934
:10742000001223F02403D7E71846FFF76FFBACE701
:10743000092243F040032A604FF0FF30A38138BD9A
:107440007C7C002030B5146815469BB01A4609B103
:10745000002C19D100214FF42273ADF80C300091AB
:1074600004914FF6FF7302910591ADF80E30694615
:107470001E9B02F099FA002813DB009B2860002273
:107480001A7004981BB030BD4FF4C1630091049191
:10749000ADF80C302146E4DA8B23036000201BB0EA
:1074A00030BD0020EEE700BF032A70B514D940EAD2
:1074B00001039B0722D104460B46194620460E685D
:1074C0000568B54204F1040403F1040316D1043A3B
:1074D000032A20461946F0D8541E9AB1421E01399B
:1074E00001E0C3180CD012F801EF11F801CFE64506
:1074F000A4EB0203F5D0AEEB0C0070BD541EEDE71B
:10750000184670BD104670BD88420DD98B18834255
:107510000AD900EB020CBAB1624613F801CD02F8A9
:1075200001CD9942F9D170470F2A0ED8034602F1D6
:10753000FF3C4AB10CF1010C013B8C4411F8012BCA
:1075400003F8012F6145F9D1704740EA01039B0719
:1075500050D1A2F1100370B501F1200C23F00F05FA
:1075600001F1100E00F11004AC441B095EF8105C30
:1075700044F8105C5EF80C5C44F80C5C5EF8085C47
:1075800044F8085C5EF8045C44F8045C0EF1100EEC
:10759000E64504F11004E9D1013312F00C0F01EBC0
:1075A000031102F00F0400EB031327D0043C24F076
:1075B00003064FEA940C1E441C1F8E465EF8045BC3
:1075C00044F8045FB442F9D10CF1010402F0030263
:1075D00003EB840301EB840102F1FF3C4AB10CF19F
:1075E000010C013B8C4411F8012B03F8012F61457C
:1075F000F9D170BD02F1FF3C03469BE72246EBE761
:10760000830730B548D0541E002A3FD0CAB2034683
:1076100001E0013C3AD303F8012B9D07F9D1032C7B
:107620002DD9CDB245EA05250F2C45EA054536D9B9
:10763000A4F1100222F00F0C03F1200EE6444FEAF1
:10764000121C03F1100242E9045542E902551032BE
:107650007245F8D10CF1010214F00C0F03EB021289
:1076600004F00F0C13D0ACF1040323F00303043334
:10767000134442F8045B9342FBD10CF003042CB199
:10768000C9B21C4403F8011B9C42FBD130BD6446C7
:107690001346002CF4D1F9E703461446BFE71A4617
:1076A000A446E0E7830710B5044610D10268A2F1B2
:1076B000013323EA020313F0803F08D150F8042F6E
:1076C000A2F1013323EA020313F0803FF6D00378DE
:1076D0001BB110F8013F002BFBD100F033FD204619
:1076E00010BD00BF11F0FF01034644D0820732D124
:1076F00010B5046841EA012E4EEA0E4E8EEA0402ED
:10770000A2F1013323EA0203A4F1013222EA0402C6
:10771000134313F0803F0FD150F8044F84EA0E0C4E
:10772000A4F10133ACF1013223EA040322EA0C0292
:10773000134313F0803FEFD0037823B936E010F8FD
:10774000013F002B32D09942F9D110BD8A4211D0AD
:107750009A071846CCD0184613F8012B002AF5D109
:10776000104670479907184607D01846013302782B
:10777000002AF7D170478207F7D10268A2F10133DE
:1077800023EA020313F0803F08D150F8042FA2F13E
:10779000013323EA020313F0803FF6D00378002B75
:1077A000E8D010F8013F002BFBD17047184610BD00
:1077B000002A3ED040EA01039B0730B584462FD112
:1077C000032A2DD90B4608E0043A8446194625D0F1
:1077D0001EF0803F22D1032A22D90468194653F8AB
:1077E000045BA4F1013EAC4284462EEA040E00F193
:1077F0000400E9D09CF800000C78A0421BD1E646BA
:1078000068B11EF8010F11F8014FA2EB0E03A04260
:1078100003F1FF330FD11CEB0303F1D1002030BD86
:107820009CF800000C78844205D1012AF6D0E64687
:10783000E6E710467047001B30BD00BF40EA010379
:107840009B0730B501D1032A0FD8844601F1FF3ED2
:1078500007E01EF8011F03F8011B541EC1B19C462E
:1078600022466346002AF4D130BD0B4684461946B1
:1078700053F8045BA5F1013424EA050414F0803FB9
:10788000E4D1043A032A4CF8045B1946EFD8DDE74B
:107890009444002CE8D003F8011B6345FBD130BDB4
:1078A00001292DE9F0415BD94FF00108C6460024BB
:1078B0004FF0FF35434608E0A3EB05081C464FF0A8
:1078C000010E04EB0E038B4210D200EB0E0CC75CD2
:1078D0001CF80560B742EFD332D04FF001082546BF
:1078E000C646444404EB0E038B42EED30127C2F894
:1078F0000080BE4600244FF0FF363B4607E09F1B4A
:107900001C464FF0010E04EB0E038B4210D200EB2D
:10791000060C10F803801CF80EC0E045EFD817D015
:1079200001272646BE463C4404EB0E038B42EED3B1
:107930000136681C864201D317603046BDE8F081ED
:10794000C6450ABF74440EF1010E4FF0010EB8E7B0
:10795000BE450ABF74440EF1010E4FF0010ED2E78E
:1079600001270026E8E700BF2DE9F04F9246ADF26F
:107970001C4D05AA81460F46504619461D46FFF785
:107980008FFF134683460DF2144243F8045F93427F
:10799000FBD1002D00F0DF806C1E06AE0AF1FF3235
:1079A0000AEB0400009612F8011FAB1A013B534486
:1079B000824246F82130F6D105995A465144504644
:1079C000FFF772FD00286FD10BF1FF330393CBF16A
:1079D000010380460646019309EB060E009A1EF845
:1079E000043052F82330DBB1B8F1000F03D0059A10
:1079F0009A4200D9AB1A1E444FF000087B1B9E42EE
:107A0000EAD909EB070045F4006106F043FD07449D
:107A10007B1B9E42E0D900200DF21C4DBDE8F08F8B
:107A2000C3455B4638BF4346A34210D2591EF218E5
:107A300051444A4402E00133A34208D212F8010B38
:107A400011F801CF8445F6D0019A1644D3E7C34517
:107A5000039B7ED906EB0B024A440AEB0B0102960C
:107A600002E0434515D0034612F8010D11F8016DEF
:107A7000864203F1010C03F1FF30F2D0029E63460F
:107A800008F1010898450AD8059B1E44A5EB030898
:107A9000B4E7434608F101089845029EF4D97046C0
:107AA0000DF21C4DBDE8F08FA5EB0B035B4538BF15
:107AB0005B46013305930BF1FF330193CBF10103D7
:107AC0000026029345F4006809EB0601009A0B5D5D
:107AD00052F823306BB11E447B1BB342F4D209EB46
:107AE0000700414606F0D6FC07447B1BB342EBD2AD
:107AF00091E7A34514D2019B0BEB06020AEB030CA2
:107B00004A445B4602E00133A34209D212F8010B5A
:107B10001CF801EF8645F6D0029A16441E44DBE7B6
:107B2000BBF1000F10D00BEB060048440AEB0B0230
:107B300001E0534508D012F801ED10F801CDE645FB
:107B40001346F6D0059BC6E708460DF21C4DBDE86E
:107B5000F08F5B4694E706AB4FF0FF3400932BE7C2
:107B60002DE9F0410D46097890B00446002954D023
:107B70006A78002A00F08380AB78002B51D0E87837
:107B80002E68002800F082802B79002B57D02846E1
:107B900000F08AFB064640F40071204606F07AFCAD
:107BA00086425BD8FE2E00F28680801B271840227A
:107BB000711C6846FFF724FD7EB16A1E5FFA86FCE1
:107BC000901912F8013F03F03F0340336B44A91AA8
:107BD0006144824203F8401CF3D1013CA35D03F0F1
:107BE0003F0340336B4413F8403C1C44A74203D28C
:107BF00039E04444A74236D314F806C00CF03F0CD9
:107C00000CF140030DEB030C2046324629461CF8CC
:107C1000408CFFF749FC0028EBD1204610B0BDE8AE
:107C2000F081007842EA014200E00C4640EA03435A
:107C3000611C98B19A426078F7D1013CEDE7227857
:107C400062B131BA01E099421ED042EA03232046D4
:107C500014F8012F002AF6D1994215D000242046AD
:107C600010B0BDE8F081BB5DB819002BF6D04FF421
:107C7000006106F00FFC0744BC42AED9EEE710B03D
:107C8000BDE8F041FFF72EBDC41EC6E7120442EA6C
:107C9000016242EA03232178024600E02C4641EAD1
:107CA0000200651C02020029D8D0B3EB002F6178D6
:107CB000F4D1023CB1E7014633462A46204610B0D3
:107CC000BDE8F041FFF750BE41EA00039B0715D124
:107CD0000B68A3F1013222EA030212F0803F0DD1BA
:107CE00001F1040C40F8043B61465CF8043BA3F14D
:107CF000013222EA030212F0803FF3D0034611F86A
:107D0000012B184603F8012B002AF8D1704700BF59
:107D1000014B93F828017047F476002038B5074DE1
:107D20000022044608462A60F2F736F9431C00D0C8
:107D300038BD2B68002BFBD0236038BDC8B20020B3
:107D400038B50C46084D8446114620461A46002395
:107D50002B606446F2F72CF9431C00D038BD2B6829
:107D6000002BFBD0236038BDC8B2002038B50C46CC
:107D7000084D8446114620461A4600232B6064466F
:107D8000F2F708F9431C00D038BD2B68002BFBD05C
:107D9000236038BDC8B2002038B5074D0022044624
:107DA00008462A60F2F7DCF8431C00D038BD2B6887
:107DB000002BFBD0236038BDC8B2002038B50C467C
:107DC000084D8446114620461A4600232B6064461F
:107DD000F3F704FF431C00D038BD2B68002BFBD009
:107DE000236038BDC8B20020014B1868704700BF3F
:107DF0007C7C002070B50D4E0D4D761BB61006D064
:107E0000002455F8043B01349847A642F9D1094EA5
:107E1000094D761B07F03CFEB61006D0002455F83D
:107E2000043B01349847A642F9D170BDB8270060E1
:107E3000B8270060F0270060B8270060704700BFD7
:107E4000704700BF704700BF704700BF00000000D0
:107E50000000000000000000000000000000000022
:107E60000000000000000000A2EB0300704700BF0C
:107E700002780B78012A28BF9A42F5D16DE90445B2
:107E800040EA0104CDE902676FF0000C4FEA44724A
:107E900012B380EA010414F0070F6AD100F007045E
:107EA00020F0070004F0030521F007014FEAC505A3
:107EB000F0E8042314F0040FF1E804670CFA05F469
:107EC00062EA040266EA04060AD063EA0403624630
:107ED00067EA0407664603E0F0E80423F1E8046774
:107EE00082FA4CF582EA0604A4FA8CF46CBB83FA9D
:107EF0004CF583EA0705A5FA8CF595B950E90223FC
:107F000051E9026782FA4CF582EA0604A4FA8CF47D
:107F100083FA4CF583EA0705A5FA8CF52543DBD0F7
:107F20009CB92DBAB5FA85F424F0070427FA04F1B8
:107F3000DDE9026723FA04F303F0FF0001F0FF011B
:107F4000FDE80445A0EB0100704724BAB4FA84F4BC
:107F500024F0070426FA04F1DDE9026722FA04F2AC
:107F600002F0FF0001F0FF01FDE80445A0EB010075
:107F7000704714F0030F3CD110F0030428D150F8DF
:107F8000082B51F8083B82FA4CF582EA0305A5FA62
:107F90008CF55DB950F8042C51F8043C82FA4CF58C
:107FA00082EA0305A5FA8CF5002DE8D02DBAB5FAC2
:107FB00085F424F0070423FA04F122FA04F202F013
:107FC000FF0001F0FF01FDE80445A0EB0100704750
:107FD0004FEAC40420F0030050F8082B21F00301FD
:107FE00051F8083B0CFA04F462EA040263EA040361
:107FF000C9E710F003041AD0A1EB040120F003003C
:10800000E40750F8042B06D00FD28B785FFAA2F465
:10801000E41A06D12BB1CB785FFAB2F4E41A00D19E
:108020001BB920465DF8104B704701F1040150F870
:10803000042BCC0721F0030151F8043B48D824D28B
:1080400022F07F4482FA4CF594EA1325A5FA8CF5C8
:108050000AD165B951F8043B84EA0204B4EB036F1A
:108060000ED150F8042BEBE74FEA132355E035F01F
:108070007F454DD10878FDE80445C0F10000704708
:108080004FEA126203F0FF0347E002EA1C4482FA5F
:108090004CF594EA1345A5FA8CF50AD165B951F867
:1080A000043B84EA0204B4EB034F0CD150F8042BD8
:1080B000EBE74FEA134330E015EA1C4528D10B8863
:1080C0004FEA124229E04FEA124203EA1C4324E03D
:1080D00002F0FF0482FA4CF594EA1365A5FA8CF5D8
:1080E0000AD165B951F8043B84EA0204B4EB032FCA
:1080F00009D150F8042BEBE74FEA13630DE015F0BC
:10810000FF0F05D10B684FEA122223F07F4304E0F2
:108110004FF00000FDE80445704712BA1BBA82FA1E
:108120004CF482EA0304A4FA8CF5B5FA85F402FA59
:1081300004F203FA04F34FEA1260FDE80445A0EBF1
:108140001360704780EA0102844612F0030F4FD19A
:1081500011F0030F32D14DF8044D11F0040F51F816
:10816000043B0BD0A3F101329A4312F0803F04BFCD
:108170004CF8043B51F8043B16D100BF51F8044BB6
:10818000A3F101329A4312F0803FA4F101320BD1E6
:108190004CF8043BA24312F0803F04BF51F8043B6B
:1081A0004CF8044BEAD023460CF8013B13F0FF0FC8
:1081B0004FEA3323F8D15DF8044B704711F0010FFB
:1081C00006D011F8012B0CF8012B002A08BF7047CC
:1081D00011F0020FBFD031F8022B12F0FF0F16BFC3
:1081E0002CF8022B8CF8002012F47F4FB3D170478B
:1081F00011F8012B0CF8012B002AF9D1704700BFB0
:10820000000000000000000001F0FF01102A2BDB3D
:1082100010F0070F08D010F8013B013A8B422DD027
:1082200010F0070F42B3F6D1F0B441EA012141EA60
:10823000014122F007047FF000070023F0E8025616
:10824000083C85EA010586EA010685FA47F5A3FAA6
:1082500087F586FA47F6A5FA87F68EB9EED1F0BC17
:1082600001F0FF0102F0070232B110F8013B013AC0
:1082700083EA010313B1F8D1002070470138704739
:10828000002D06BF35460338073815F0010F07D11A
:10829000013015F4807F02BF013015F4C03F01307A
:1082A000F0BC0138704700BF90F800F06DE902455E
:1082B00020F007016FF0000C10F0070491F820F097
:1082C00040F049804FF000046FF00700D1E900232F
:1082D00091F840F000F1080082FA4CF2A4FA8CF216
:1082E00083FA4CF3A2FA8CF34BBBD1E9022382FA56
:1082F0004CF200F10800A4FA8CF283FA4CF3A2FAD3
:108300008CF3E3B9D1E9042382FA4CF200F10800BE
:10831000A4FA8CF283FA4CF3A2FA8CF37BB9D1E97C
:10832000062301F1200182FA4CF200F10800A4FAC0
:108330008CF283FA4CF3A2FA8CF3002BC6D0002AFD
:1083400004BF04301A4612BAB2FA82F2FDE80245BE
:1083500000EBD2007047D1E9002304F00305C4F11B
:1083600000004FEAC50514F0040F91F840F00CFA34
:1083700005F562EA05021CBF63EA050362464FF099
:108380000004A9E7000000009FED010B704700BF4B
:10839000000000000000F87F2DE9F047DFF87CA026
:1083A0000646DAF8000098460F469146FFF74AFD68
:1083B000184B1C6824B365681F2D24DC5EB96B1C48
:1083C0000235DAF80000636044F82570FFF73CFDE1
:1083D0000020BDE8F08704EB85010123C1F88890F7
:1083E000D4F88821AB401A43022EC4F88821C1F882
:1083F0000881E4D1D4F88C211A43C4F88C21DEE73B
:10840000054C1C60D7E7DAF80000FFF71DFD4FF0C0
:10841000FF30DEE704A8002008A80020E87600204E
:10842000F8B5244F0C460646FCF75EFFBB685D6856
:10843000C4F57E610F3125F003054B1923F47F63EA
:1084400023F00F03A3F58054B4F5805F07DB002110
:108450003046FFF7A1FCBB682B44984204D030465D
:10846000FCF748FF0020F8BD61423046FFF794FC5E
:1084700001300DD0104ABB682D1B45F001055D6031
:10848000136830461B1B1360FCF734FF0120F8BD56
:1084900000213046FFF780FCBA68831A0F2BDEDD1F
:1084A00043F001035360054B03491B68C01A086081
:1084B000D5E700BF60780020A4A90020687C0020D8
:1084C000002961D0F8B50C460646FCF70DFF54F8BC
:1084D000042C7B4FA4F1080522F0010105EB010CEF
:1084E000B868DCF80430604523F0030300F08B80AB
:1084F000D207CCF8043032D454F8082CAD1A114409
:10850000AA6807F1080082426AD00CEB0304D4F891
:1085100004E0EC68D4601EF0010FA26000F09780C8
:1085200041F001036B60CCF80010B1F5007F35D24B
:108530007868CB080122490901338A40024357F881
:1085400033107A6007EBC302083AC5E9021247F814
:108550003350CD603046BDE8F840FCF7CBBE0CEBA5
:1085600003025268D00710D4194407F10800DCF860
:108570000830834273D0DCF80C20DA60936041F05D
:1085800001036B606950D0E7704741F00103B1F51A
:10859000007F44F8043CCCF80010C9D3B1F5206F3B
:1085A0004FEA512348D28B0903F1390003F1380215
:1085B000C300F818FB580838984259D05A6822F07E
:1085C00003028A4202D99B689842F7D1D868C5E96C
:1085D00002308560DD603046BDE8F840FCF78ABEB9
:1085E0000CEB03025268D20763D40B44DCE902129D
:1085F000CA60916043F001026A603046EB50BDE80A
:10860000F840FCF777BE0B44D10707D454F8082C88
:10861000AD1A1344D5E90212CA60916043F0010219
:108620006A60284ABD6012689A4293D8264B304649
:108630001968FFF7F5FE8DE7142B0AD9542B1FD8C4
:108640000B0B03F16F0003F16E02C300B1E7194495
:108650008DE703F15C0003F15B02C300A9E741F081
:108660000103C7E90455C5E902006B60695071E771
:1086700079689210012404FA02F20A437A60A6E7AC
:10868000B3F5AA7F06D8CB0B03F1780003F177028C
:10869000C3008EE740F25452934206D88B0C03F18C
:1086A0007D0003F17C02C30083E74FF47E737E22DA
:1086B0007FE741F001036B60CCF800104AE700BF90
:1086C000607800206C7C0020D4A900202DE9F041C6
:1086D0000469B4EB611F2FDD00F1140E4E1111F08F
:1086E0001F0C0EEB84050EEB86032BD05EF82610D4
:1086F00004339D4221FA0CF1CCF1200818D97746B9
:108700001A6802FA08F20A4347F8042B53F8041BCC
:108710009D4221FA0CF1F3D8A31B9B00053B9B085B
:1087200001330EEB83044EF82310C9B1043417E073
:10873000416174460029F9D100230361002343619C
:10874000BDE8F0819D4288BF00F11002F4D953F8D2
:10875000041B42F8041F9D42F9D8A41B0EEB8404AD
:10876000A4EB0E039B1074450361E7D0BDE8F081D4
:108770002DE9F04F2DED028B0C688B46A17885B06A
:10878000302908EE100A9246029340F0CE816FF035
:108790000100001BE21C8318144612F8011B30294B
:1087A000F9D0DFF8008318F80120002A00F0E580F6
:1087B0002278002718F802203D4626462AB116F8EE
:1087C000012F18F80220002AF9D1B549019301229E
:1087D0003046FEF7EDFF019B814600284DD0002D6D
:1087E0004ED13278A94602F0DF02502A354650D0E9
:1087F000CBF80060002F69D12B1B013B072B3946BA
:1088000004DD5B10072B01F10101FADC18EE100A00
:1088100000F082FB8346002800F0668200F1140617
:10882000AC42019680F0D2810027CDF80C909C4993
:10883000A1463C460CE0202F19D0384604372A7850
:1088400018F8022002F00F02824014434D4547D031
:1088500015F8012D2E2AEED14D45ECD301222846E4
:10886000FEF7A6FF8E490028F0D0202FE5D100208A
:1088700046F8044B04270446E1E7002D00F042814E
:10888000327802F0DF02AD1B502A4FEA85093546E7
:10889000AED16A782B2A00F025812D2A00F0A58020
:1088A0006E1C002018F802104A1E182A00F29B8045
:1088B000727818F8022010390136002A5AD100B116
:1088C00049428944CBF80060002F95D0002B14BF9B
:1088D00000250625284605B0BDEC028BBDE8F08FCB
:1088E000DDF80C90234646F8043B1846019BF61A27
:1088F000B610CBF8106000F0E9FB7601DAF8004022
:10890000301AA04275DCC0F2EF800027DAF8083098
:108910004B45C0F25181DAF804304B454ADDA3EBF8
:1089200009094C4500F38280DAF80C20022A00F095
:108930006581032A00F08181012A00F06F8118EE21
:10894000100A594600F00EFB5025109A00232846C5
:10895000136005B0BDEC028BBDE8F08F01EB810127
:1089600002EB4102A2F1100116F8012F18F80220C3
:10897000002AA4D0192AF1DDA1E749490193012277
:108980002046FEF715FF019B00286DD1617818F88D
:108990000120651C002A69D030292C4605D114F825
:1089A000013F302BFBD018F80320B2FA82F77F0981
:1089B000012302E7012557B1DAF80C30022B5DD014
:1089C000032B5FD0012B00F0848045F01005109B35
:1089D000C3F800B0029B2846C3F8009005B0BDEC78
:1089E000028BBDE8F08F2E4602E70120AA78AE1C6C
:1089F00058E7061B3146584600F096FF074678B107
:108A0000721E53110199012751F8231002F01F0320
:108A100007FA03F30B4203D0BA4200F3E2800227C5
:108A200031465846B144FFF751FE6FE709F1FF3573
:108A3000002F40F0CE80002D40F0CD806B11019AC8
:108A400005F01F0552F823200123AB40134249468D
:108A5000584618BF47F00207A4EB0904FFF736FE9B
:108A60000225DAF80490A6E72178254601F0DF0117
:108A7000502900F0BF80CBF8005027E7119BC3F1CD
:108A800001031193119B002B9FD0DBF81070DDF8D0
:108A90000480BA004346019208EB8700002107E0FA
:108AA000EC0D00201C2F0020984243F8041C3FD9F5
:108AB0001E4653F8042BB2F1FF3FF5D00132022DD0
:108AC000326000F0BF8014F01F0440F0E7802125E1
:108AD0007DE7BA077FF579AF019B1B681F43FB0752
:108AE000D3D472E7002081E7221A594618EE100A03
:108AF000A9EB020900F076FC00F114038346019310
:108B0000002703E7727818F80200711C002800F0B3
:108B1000A0800D4611F8012F18F802000028F8D1A6
:108B2000751B4FEA85090E465DE60234002338E6E0
:108B3000DBF808309F4280F28E803B460BEB8302CD
:108B400001210133022DCBF8103051617AD09F42C0
:108B5000B9DA002B40F39B80DBF8142008EB830389
:108B60000BF1180083424FEA520240F2B1804446B2
:108B7000016842EAC17244F8042B50F8042B834286
:108B80004FEA5202F4D8A3EB0B03193B9B080133C5
:108B900048F8232008EB8303002A40F09D80A3EBD4
:108BA000080292104345CBF8102073D0DAF8083051
:108BB00009F101094B458ADA18EE100A594600F00E
:108BC000D1F9109A00231360A32583E6019E0023A8
:108BD00089E6012732E72946584600F0A5FE0746F8
:108BE0002CE7B11E584600F09FFE00283FF417AF57
:108BF000032715E74FF0000901274AE6119A002ADA
:108C00007FF49DAE02990B60019B0122CBF81020EE
:108C10001A60109B6225C3F800B05BE64C457FF4F8
:108C20008EAE012CEED0611E584600F07DFE00286D
:108C30003FF485AEDAF80430E4E7119A002A3FF4F5
:108C40007EAEDFE7DAF80030013BA34234D02225C4
:108C5000BDE60E46C7E5DBF8041018EE100A013138
:108C600000F05AF90646C8B3DBF8103002339A0018
:108C70000BF10C010C30F0F7B1F8594618EE100A60
:108C800000F070F906F114083369B34656E7002383
:108C9000CBF810300023CBF8143087E7019B434416
:108CA000C4F1200453F8040C00F010FAA042BFF6FF
:108CB0000EAFDBF810304CE7631104F01F0458F8D6
:108CC00023200123A34013420CBF222521257EE649
:108CD000C8F8002043466AB1043360E7074B0848F0
:108CE0003246842105F050FC044B05485A46E421E5
:108CF00005F04AFCCBF81020CCE700BFA42E0020E2
:108D0000B82E002010B4046809E014F8013FA3F164
:108D1000410CBCF1190F98BF2033934209D111F8CF
:108D2000012B002AF1D10134046001205DF8044BCD
:108D3000704700205DF8044B704700BF2DE9F04FED
:108D4000096885B04B1111F01F01029002EB8303FB
:108D5000039140F08F801D1F0193029B01991C68B5
:108D6000002341F8043C61780134002900F0988028
:108D7000DFF87491A846AC469A461E460EE02029BC
:108D800000F28C80564506DDC44501D2072B5BDD21
:108D9000624551D3082314F8011FA1B119F801004D
:108DA0000028ECD00133082B06F101063ADCDCF890
:108DB0000010090100F00F000843CCF8000014F87F
:108DC000011F0029EAD1002E6AD0C44501D2072B29
:108DD00074DD624552D2111F634653F8040B41F80B
:108DE000040FAB42F9D9A5EB0C0323F00303691C74
:108DF00004330CF1010C614538BF042313440021F6
:108E000043F8041BAB42FBD9019B53F8043C2BB93C
:108E1000AA4249D055F8043D002BF9D0052005B0F1
:108E2000BDE8F08F6245B6D200234CF8043C1946E9
:108E3000ACF1040C0123BDE70023ACF104084CF8AD
:108E4000043CB246C446A6E7C3F10801DCF8003092
:108E50008900C1F1200E60469B46476807FA0EF371
:108E600043EA0B0327FA01FB036040F804BF4045C7
:108E7000F3D38DE7191D01911D466EE7039B002B6F
:108E8000C2D0039B0198C3F120014FF0FF33CB40C8
:108E900050F8041C0B4040F8043CB8E7292909D0DD
:108EA000042005B0BDE8F08F012305202B6005B03C
:108EB000BDE8F08F029901340C6084E7DCF8001003
:108EC000C3F108039B00C3F12007644608466668A7
:108ED00006FA07F1014326FA03F0216044F8040F73
:108EE0004445F4D375E700BF1C2F002082B049B180
:108EF0005AB16BB113780B601278101E18BF0120A5
:108F000002B0704701A9002AF3D1104602B07047A1
:108F10006FF00100F4E700BF436C70B505460C46E6
:108F20004BB153F8240080B1026843F82420002399
:108F3000C0E9033370BD21220421FBF7C3FE0346C1
:108F400068640028EDD1002070BD012101FA04F60B
:108F5000721D92002846FBF7B5FE0028F3D0C0E949
:108F60000146E4E731B1436C4A6853F822000860D7
:108F700043F82210704700BF2DE9F0410E6980468A
:108F80000F461D4601F1140E0020DEF800108CB2D1
:108F900002FB0453090C4FEA134C02FB01CC0130D5
:108FA0009CB204EB0C4486424EF8044B4FEA1C453D
:108FB000EBDC3DB1BB68B34207DD07EB860301364E
:108FC0005D613E613846BDE8F08179684046013117
:108FD000FFF7A2FF0446B0B13A69023207F10C0173
:108FE00092000C30EFF7FAFED8F844307A6853F864
:108FF0002210396043F82270274607EB86030136BA
:109000005D613E61DEE7034B03482246BA2105F06D
:10901000BBFA00BFA42E00201C3000202DE9F8432D
:109020001746274A1E4608330C46092E82FB0312B8
:109030004FEAE3730546C3EB620339DD4FF0010CE1
:1090400000214FEA4C0C634501F10101F9DC28468F
:10905000FFF762FF014668B3089B4361092F4FF099
:109060000103036112DC0A340927BE420BDDF21B47
:10907000A61814F8013B0A22303B2846FFF77CFF74
:10908000A6420146F5D10846BDE8F88304F1090976
:10909000C8463C4418F8013B0A22303B2846FFF7FB
:1090A0006BFFA0450146F5D1A7F108044C44DCE76D
:1090B0000021CCE70A46034B0348D32105F064FAAC
:1090C000398EE338A42E00201C300020030C1B0432
:1090D000D3B90004102310F07F4F04BF00020833FF
:1090E00010F0704F04BF0001043310F0404F04BF74
:1090F00080000233002805DB10F0804F03F10103EC
:1091000008BF2023184670470023E4E7036813F0E4
:10911000070208D0D9071FD49A0722D55B0803603D
:1091200001221046704799B209B91B0C1022D9B21E
:1091300009B908321B0A190704BF1B090432990731
:1091400004BF9B080232D90703D45B0802F1010275
:1091500005D0036010467047002210467047202259
:10916000DFE79B08022203601046704738B5436C66
:1091700004460D464BB15868B0B102685A600022EF
:109180000123C0E90435C26038BD21220421FBF768
:1091900099FD034660640028EDD1094B094800227F
:1091A00040F2451105F0F0F91C2201212046FBF7A1
:1091B00089FD0028F1D001220223C0E90123DEE766
:1091C000A42E00201C3000202DE9F04F0E691569F7
:1091D000AE4285B08846144605DB2A46234635460E
:1091E0000C4616469846A3686168AF19BB42B8BFE3
:1091F0000131FFF791FE0190002800F08780019B6C
:1092000003F1140909EB870AD14505D24B46002228
:1092100043F8042B9A45FBD808F1140808EB860B99
:1092200004F11403D8451A4603EB85055FD22B1BC6
:10923000153B23F0030304331534A54238BF042340
:10924000CDE902A7AC461F46924605E0090C29D19C
:10925000C34509F1040948D958F8041B8DB2002D03
:10926000F4D056464C46002356F8041B22681FFAD9
:1092700081FE90B2090C05FB0E00120C034405FBA5
:10928000012202EB13429BB243EA0243B44544F885
:10929000043B4FEA1243E7D849F8073058F8041C5A
:1092A000090CD5D0D9F8003050461A464C46002655
:1092B0000588120C01FB052216449BB243EA0643C3
:1092C00044F8043B50F8045B22682D0C93B201FB78
:1092D000053303EB164384454FEA1346E8D8C345EC
:1092E00049F8073009F10409B6D8DDE902A7002FD3
:1092F00002DC05E0013F03D05AF8043D002BF9D011
:10930000019B18461F6105B0BDE8F08F034B044870
:10931000019A4FF4B17105F037F900BFA42E002077
:109320001C30002012F003032DE9F04114460646DC
:1093300032D10D46A41020D0D6F84080B8F1000FED
:1093400033D0E3074FF0000707D4641015D0D8F8E6
:109350000000A8B18046E307F7D5424629463046CB
:10936000FFF732FFB5B16968736C641053F82120C0
:109370002A6043F821500546E9D12846BDE8F0812E
:10938000424641463046FFF71FFFC8F8000007601D
:109390008046E0E70546D8E7013B0F4A52F8232014
:1093A0000023FFF7E9FD0546C4E701213046FFF73A
:1093B000B3FD804640B1012340F27122C0E904327E
:1093C000002330640360BCE7044B0548424640F28A
:1093D000451105F0D9F800BF984F0020A42E0020B9
:1093E0001C3000202DE9F0470D4614462F69AB686C
:1093F000496807EB62177E1C9E4280464FEA62195D
:1094000004DD5B009E4201F10101FADC4046FFF7FA
:1094100083FD8446002852D0B9F1000F00F11402F8
:109420000EDD09F105014FEA810E134600EB8101C3
:10943000002043F8040B8B42FBD1AEF114031A4415
:10944000296905F1140314F01F0E03EB81012ED0DE
:10945000CEF1200910464FF0000A1C6804FA0EF401
:1094600044EA0A0440F8044B53F8044B994224FAA6
:1094700009FAF2D84B1B153B23F00303043305F123
:109480001500814238BF0423BAF1000F18BF3746D8
:1094900042F803A0D8F844306A68CCF8107053F84A
:1094A00022102960604643F82250BDE8F087043A54
:1094B00053F8040B42F8040F9942F9D8EAE7034B3A
:1094C000034862464FF4EF7105F05EF8A42E0020C9
:1094D0001C3000200B6984460069C01A16D10CF1BB
:1094E000140C14310CEB830210B401EB830301E084
:1094F000944508D252F8044D53F8041D8C42F7D01D
:1095000005D24FF0FF305DF8044B704770470120E3
:109510005DF8044B704700BF2DE9F84F0F691369E0
:10952000FF1A002F0E4690467FD101F11405143228
:1095300002EB830205EB830301E09D4278D253F8EE
:10954000041D52F8044DA142F7D069D37168FFF7AA
:10955000E3FC8146002877D03569D8F81020C76031
:1095600008F1140E06F1140009F1140A06F11001B5
:109570000EEB820200EB850756464FF0000C5EF8BA
:10958000044B51F804BFA3B21CFA8BFCACEB0303F1
:109590004FEA144CCCEB1B4C0CEB234C9BB243EA34
:1095A0000C43724546F8043B4FEA2C4CE7D8A2EB3B
:1095B0000801153908F11508424521F0030404F1AA
:1095C000040438BF0424204421F0030238BF0022E1
:1095D00087425244544418D92646014651F8043B68
:1095E0001CFA83FC4FEA2C4202EB13421FFA8CFC5C
:1095F0004CEA02438F4246F8043B4FEA224CEDD836
:10960000013F3F1A27F00307E21923B952F8043D3E
:10961000013D002BFAD0C9F810504846BDE8F88F3C
:10962000334601274646984690E7F9DB00278DE749
:109630000021FFF771FC814668B101220023C9E9CE
:1096400004234846BDE8F88F064B07484A4640F2D7
:10965000452104F099FF034B03484A4640F2372165
:1096600004F092FFA42E00201C30002082B08DED6B
:10967000000B164B019A1340A3F15073002B06DD2B
:1096800000221946104641EC100B02B070475B42B5
:10969000B3F1A07F4FEA235209DA4FF400231341BC
:1096A00000221946104641EC100B02B07047A2F19F
:1096B00014031E2BDABF4FF00042DA4001220023D0
:1096C0001946104641EC100B02B070470000F07FC5
:1096D000F8B5046900F1140606EB8404271F54F85A
:1096E000045C2846FFF7F2FCC0F120030A280B6057
:1096F0001BDDBE420BD20B3854F8081C2ED145F0AE
:109700007F5343F440130A4643EC102BF8BDB0F1ED
:109710000B01F4D005FA01F141F07F53002143F42D
:1097200040130A4643EC102BF8BDC0F10B0C25FA90
:109730000CF1BE4241F07F5338BF54F8081C00F1D1
:10974000150034BF21FA0CF1002105FA00F00143A5
:1097500043F440130A4643EC102BF8BDC0F1200C33
:10976000854021FA0CF345EA0307A4F10805AE424F
:1097700001FA00F13CBF54F80C0C20FA0CF047F051
:109780007F5338BF014343F440130A4643EC102B88
:10979000F8BD00BF2DE9F043884683B0012157ECA6
:1097A000106B1546FFF7B8FB0446002851D0C7F3ED
:1097B0000A59C7F31303B9F1000F01D043F4801322
:1097C000002E019318D101A8FFF7A0FC019A626155
:1097D000012200F120032261B9F1000F25D0A9F286
:1097E000334909EB03022046C3F13503C8F80020D2
:1097F0002B6003B0BDE8F08368460096FFF786FC57
:10980000034610B3DDE90002C3F1200102FA01F1C1
:109810000143DA4061610192002AA26114BF022271
:1098200001222261B9F1000FD9D1A3F23243C8F865
:10983000003004EB82031869FFF748FCC0EB4213C9
:1098400020462B6003B0BDE8F083009A6261019A64
:10985000E2E7034B0348224640F20F3104F094FE46
:10986000A42E00201C300020F0B583B00E466946BF
:109870000746FFF72DFF01A9304655EC104BB0EE1F
:10988000407BFFF725FF33693A69D21ADDE90031E1
:109890005B1A03EB4213002B09DD17EE902A02EB53
:1098A000035545EC174B87EE000B03B0F0BD10EEEF
:1098B000902A51EC100BC3EB033302EB035141EC44
:1098C000100B87EE000B03B0F0BD00BF013949114A
:1098D00001F1010C116902F1140303EB81018B42C8
:1098E00000EB8C0C17D210B5A0F1040E53F8044B0A
:1098F0004EF8044F9942F9D88A1AA2F1150323F0C1
:10990000030304331844844504D9002340F8043B7E
:109910008445FBD810BD844505D9002340F8043B9D
:109920008445FBD87047704703694A11934200F1A0
:10993000140009DA00EB830302E053F8042DC2B9E6
:109940008342FAD80020704710DD11F01F010DD0BE
:1099500010B450F8224000EB820324FA01F28A404E
:1099600094420CD001205DF8044B704700EB820359
:10997000E6E70120704753F8042D002AF2D1834214
:10998000F9D800205DF8044B704700BF49B1FF2AA9
:1099900002D80A70012070478A2303604FF0FF301D
:1099A00070470846704700BF2DE9F04F2DED088B3A
:1099B000D1B00C460BEE101A90460893834604F083
:1099C0007BFD036812931846FEF76EFC20AF1090E3
:1099D000082200213846FDF713FEA3891B0603D594
:1099E0002369002B00F0558700239FED838B9FEDAB
:1099F000849BCDE92533CDE91333CDE9153327AA6F
:109A00000E9324929246119304934446A1467E4BB2
:109A1000D3F8E450FEF77CF94A4603461CA90097A8
:109A20005846A847002800F0B080C0F2A6801C9AD3
:109A3000252A034601D09944E9E7B9EB0405064617
:109A400040F0A78000234FF0FF328DF86730984632
:109A5000069309F1010999F8003003922B2520267D
:109A600009F10109A3F120025A2A00F2CF80DFE8B0
:109A700012F0E802CD00CD00E302CD00CD00CD0014
:109A80006A00CD00CD0005028402CD001002C9029B
:109A9000CD00BD025B005B005B005B005B005B0018
:109AA0005B005B005B00CD00CD00CD00CD00CD00A4
:109AB000CD00CD005301CD0083011A0253015301A3
:109AC0005301CD00CD00CD00CD001502CD00CD005D
:109AD0009602CD00CD00CD00AB01CD00AA02CD0095
:109AE000CD00E306CD00CD00CD00CD00CD00CD00F2
:109AF000CD00CD005301CD008301DE0153015301A0
:109B000053017702DE017F00CD008902CD005F02A4
:109B1000E0062F027F00CD00AB017C00B806CD002F
:109B2000CD00BD06CD007C00A3F13002002119F864
:109B3000013B01EB810102EB4101A3F13002092A53
:109B4000F5D906918EE7584604F0B6FC43681593A4
:109B50001846FEF7A9FB1690584604F0ADFC836842
:109B60001393169B002B40F02D8699F8003077E771
:109B700099F8003048F0200872E7082200213846A2
:109B8000FDF73EFD0123994441E7B9EB0405064684
:109B900011D0269B2B442693259B0133072BCAE922
:109BA000004525931CDC0AF1080A049B2B4404930E
:109BB000002E7FF447AF269B002B41F00B821BEE5B
:109BC000103AB3F90C3013F0400F049B18BF4FF05C
:109BD000FF330493049851B0BDEC088BBDE8F08FBF
:109BE0001BEE101A24AA584605F03EFC0028E6D1C8
:109BF0000DF19C0AD9E700BF000000000000000042
:109C0000FFFFFFFFFFFFEF7FF47600200B93002B99
:109C1000D1D00021CDE90C118DF8DC3001238DF875
:109C2000671002930791059303910F9137AC18F0D9
:109C30000203099302D0029B0233029318F08403BB
:109C40000A9305D1069B029A9D1A002D00F36983A1
:109C5000269A89B125990DF1670001310132CAF8C0
:109C6000000007294FF0010026922591CAF8040050
:109C700000F3A2830AF1080A099B83B1259B1AA964
:109C800001330232CAF80010072B4FF0020126926E
:109C90002593CAF8041000F3A3830AF1080A0A9B6B
:109CA000802B00F06C82039B05995D1A002D00F358
:109CB000A58218F4807F40F00D82059BCAF804301D
:109CC0001A44259BCAF800400133072B269225939E
:109CD00000F31B830AF1080A18F0040F05D0069B55
:109CE00002995C1A002C00F38883049B0699029861
:109CF0008142ACBF5B181B180493002A40F0B0826D
:109D000000232593079B1BB107995846FEF7D8FB04
:109D10000DF19C0A4C4679E60B93089B073323F020
:109D20000703B3EC028BB0EEC87BB4EE497BF1EED7
:109D300010FA089340F3E984B5EEC08BF1EE10FA07
:109D400001F159809DF86710AB4CAC4B28F08008AE
:109D50000B9A472AC8BF1C460023CDE90C330322C7
:109D600007930292059203930F9300293FF45FAF8C
:109D7000029B013302935AE7432B0B9303D018F055
:109D8000100F00F05D85089D0822002122A837AC45
:109D9000FDF736FC22AB55F8042B2146584605F05A
:109DA0001DFB03460133059001F0EE82059B0895EB
:109DB00023EAE37302930021CDE90C118DF86710BB
:109DC000079103910F9132E70B93089B1A460023EA
:109DD0008DF86730134653F8044B0893002C00F0BD
:109DE00048850B9B532B00F0EC8618F010030C9366
:109DF00040F0E786039B5D1C01F0E5800C991A4654
:109E00002046FEF701FA0790002801F02883079BFF
:109E10001A1B05920C9B039322EAE2720F930D9397
:109E2000079373239DF8671002920B939DE718F038
:109E3000200F0B93089B3DD0073323F007031A46EE
:109E400011465B6851F8082B08911946002BC0F2A7
:109E50000C84039B013300F09E8228F0800052EABC
:109E60000103029040F09982039B002B40F09A82FC
:109E7000804600230393059350AC06E1089B53F8FA
:109E8000042B0692002A80F21984069A0893524203
:109E9000069299F8003048F00408E1E599F800309E
:109EA00048F00808DCE548F0100818F0200F0B9384
:109EB000089BC1D118F0100F40F00B8418F0400F30
:109EC00000F0038433F9042B0893D1170B46BDE748
:109ED000089B48F00202029253F8042B089347F6BD
:109EE0003003ADF868307820454B119300210223F0
:109EF0000B900020039C8DF86700601C00F0AD8083
:109F0000029820F0800852EA010040F0A480002C62
:109F100040F0AE86002BACD1029B13F001030593F9
:109F200000F0D18330238DF83F310DF23F14ACE0C7
:109F300018F0200F40F0D48318F0100F40F09F86E7
:109F400018F0400F40F0978718F4007F00F09786D4
:109F5000089B049953F8042B089311704C4655E55F
:109F600099F80030682B03BF99F8013048F4007865
:109F700009F1010948F0400872E599F800308DF8C0
:109F800067506DE599F800306C2B03BF99F80130EC
:109F900048F0200809F1010948F0100860E50B932A
:109FA00048F0100818F0200100F05183089B073397
:109FB00023F00703596853F8082B089328F48063AB
:109FC0000293002395E70B9348F010030293029B42
:109FD00013F0200100F02983089B073323F00703C7
:109FE000596853F8082B0893012382E799F8003049
:109FF00048F0800834E500BF1C32002020320020E9
:10A000002C320020494611F8013B2A2B01F04982ED
:10A01000A3F13002092A894698BF002101F2448148
:10A0200019F8013B01EB810102EB4101A3F1300280
:10A03000092AF5D9039115E599F8003048F001088F
:10A040000EE59DF86730002B7FF48FAD99F8003056
:10A050008DF8676004E5CDF80880012B00F09D8144
:10A06000022B50AC20D1119802F00F031209C35CEF
:10A0700004F8013D42EA0172090952EA0103F3D1F1
:10A0800050AB1B1BDDF808800593059A03989DF8DB
:10A09000671082424FF00003B8BF0246CDE90C338F
:10A0A000079302920F9360E602F00703D20842EA98
:10A0B0004172C908303352EA0105204604F8013DD7
:10A0C000F2D1029AD10700F14D8250AB1B1B904692
:10A0D0000593DAE70B9B652B40F3D480B5EE408BFC
:10A0E000F1EE10FA40F0C181259BBA49CAF8001080
:10A0F000013301320121072B26922593CAF804105F
:10A1000000F351850AF1080A1B9B0E998B4280F2DD
:10A11000D082109B12991A44CAE90013259B2692FB
:10A120000133072B259300F397830AF1080A0E9B4E
:10A130005C1E002C7FF7D0AD102C259B40F36E8564
:10A140001BEE106A102505E00AF1080A103C102CDD
:10A1500040F364850133A0491032072BCAE900158A
:10A16000CDE92532F0DD24AA3146584605F07CF9C8
:10A1700000287ED1DDE925320DF19C0AE6E7069B39
:10A1800002995D1A002D7FF78EAD102D259B21DDE4
:10A19000099410261BEE104A04E0103D102D0AF120
:10A1A000080A16DD01338C491032072BCAE9001664
:10A1B000CDE92532F1DD24AA214658460DF19C0A4D
:10A1C00005F052F9002854D1103D102DDDE925325B
:10A1D000E8DC099C8049CAF8045001332A44072B63
:10A1E000CDE92532CAF8001000F32685039B0599B6
:10A1F0005D1A002D0AF1080A7FF75BAD102D259B33
:10A200001FDD514610261BEE10AA04E0103D102D54
:10A2100001F1080114DD01336F481032072BC1E949
:10A220000006CDE92532F1DD24AA5146584605F055
:10A230001BF9F0B9103D102DDDE9253227A9EADC24
:10A240008A4601336449CAF804502A44072BCDE9F1
:10A250002532CAF8001000F3DA810AF1080A28E56D
:10A260001BEE101A24AA584605F0FEF800283FF409
:10A2700047AD079B002B3FF4A2AC07995846FEF769
:10A280001FF99CE40E9B012B40F37A81259BCAF8B1
:10A290000040013301320121072B26922593CAF891
:10A2A000041000F3F8810AF1080A1099129801339A
:10A2B0000A44072BCAE90001CDE9253200F3DD810C
:10A2C0000AF1080AB5EE408BF1EE10FA00F0778142
:10A2D0000E990133013901340A44072BCAF80040B2
:10A2E0002593CAF80410269200F35B810AF1080A4C
:10A2F0001499CAF8041001330A44072B1EA9CDE9AA
:10A300002532CAF800107FF7E5AC1BEE101A24AA1C
:10A31000584605F0A9F80028ABD1269A0DF19C0A01
:10A32000DAE4102DDDE925122C4E24DD17941023DC
:10A330001BEE104A084604E0103D102D0AF1080AF1
:10A3400017DD013010320728CAE90063CDE9250284
:10A35000F2DD24AA214658460DF19C0A05F084F846
:10A36000002886D1103D102DDDE925024FF01003A5
:10A37000E7DC179C014601312A440729CDE9251263
:10A38000CAF80060CAF8045000F3BD839DF8671056
:10A390000AF1080A5DE4CDF808800A2A71F1000389
:10A3A00080F0458330320123DDF808808DF83F21AD
:10A3B00005930DF23F1468E61BEE101A24AA5846C6
:10A3C00005F052F800287FF454AF269A0DF19C0A4C
:10A3D00052E400BF54690020686B00203C33002029
:10A3E0001BEE101A24AA584605F03EF800287FF408
:10A3F00040AF269A0DF19C0A51E4102C259BBE4ECD
:10A400001FDD1BEE108A102504E0103C102C0AF111
:10A41000080A16DD01331032072BCAE90065CDE9C1
:10A420002532F2DD24AA414658460DF19C0A05F07A
:10A430001BF800287FF41DAF103C102CDDE92532FD
:10A44000E8DC01332244072BCAE90064CDE9253258
:10A450007FF74BAC1BEE101A24AA584605F004F8FF
:10A4600000287FF406AF269A3FE41B99002940F3A9
:10A470005A830C9E0E9B9E42A8BF1E46002E0BDDEB
:10A48000259B01333244072BCAE9004626922593C7
:10A4900000F389860AF1080A0C9D002EA8BFAD1BA7
:10A4A000002D00F303820C9B18F4806F2344059366
:10A4B00040F01F821B9B0E998B4203DB18F0010FAB
:10A4C00000F0CF84109912980A44CAE90001259936
:10A4D000269201310729259100F3A5860AF1080A81
:10A4E0000E996518CC1A059BED1AA542A8BF254602
:10A4F000002D0DDDCAF80030259BCAF80450013349
:10A500002A44072B2692259300F3BB860AF1080AFA
:10A51000002DA8BF641B002C7FF7DEAB102C259B01
:10A5200040F37C831BEE106A102505E00AF1080A4F
:10A53000103C102C40F37283013370491032072B0A
:10A54000CAE90015CDE92532F0DD24AA3146584686
:10A5500004F08AFF00287FF48CAEDDE925320DF18E
:10A560009C0AE5E7302B3FF48BAD3023023804F82A
:10A57000013C50AB1B1ADDF808800593044684E5C6
:10A5800018F0010F7FF482AE259BCAF8004001331A
:10A5900001320121072B26922593CAF804107FF778
:10A5A000A5AE1BEE101A24AA584604F05DFF002841
:10A5B0007FF45FAEDDE925320DF19C0A98E60E9935
:10A5C0004C1E002C7FF794AE102C40F361831BEEE1
:10A5D000106A102505E00AF1080A103C102C40F31F
:10A5E0005783013345491032072BCAE90015CDE9DD
:10A5F0002532F0DD24AA3146584604F035FF002804
:10A600007FF437AEDDE925320DF19C0AE5E71BEE5C
:10A61000101A24AA584604F027FF00287FF429AE18
:10A62000269A0DF19C0AFFF744BB029B13F010031E
:10A6300040F0C180029A12F0400200F07A8308983C
:10A6400050F8042B0890194692B2012351E418F0F7
:10A65000100355D118F0400200F05D83089850F8BF
:10A66000042B0890194692B2A8E4524261EB4101D2
:10A67000CDF808802D2001233CE41BEE101A24AAFB
:10A68000584604F0F1FE00287FF4F3ADDDE92532F1
:10A690000DF19C0A16E61BEE101A24AA584604F087
:10A6A000E3FE00287FF4E5ADDDE925320DF19C0ADB
:10A6B000FBE518F0010F3FF40FAB2AE5089399F87A
:10A6C0000030FFF7CDB950ACDFE418F4007F40F064
:10A6D000DB8353F8042B0893D1170B46FFF7B6BB67
:10A6E000089B049853F8041B0893C217C1E90002A1
:10A6F0004C46FFF78BB900BF3C330020686B00204D
:10A70000089B53F8042B089358E4B4EE488BF1EE01
:10A7100010FA80F194860B9B612B00F05285412B3F
:10A7200000F0C085039B01330B9B23F0200500F054
:10A730008084472D04D1039B002B08BF0123039382
:10A7400018EE903A002B48F480724646C0F2188604
:10A75000B0EE48AB00239046099307930B9B413B17
:10A76000252B00F29883DFE813F06F04960396031D
:10A77000960368046C049603960396039603960367
:10A780009603960396039603960396039603960301
:10A7900096039603960396039603960396039603F1
:10A7A00096039603960396039603960396039603E1
:10A7B000960368046C04089B53F8042B0893012348
:10A7C000FFF797BB139B002B3FF4CFA9139B1B787C
:10A7D000002B3FF4CAA999F8003048F48068FFF7CD
:10A7E0003FB90B93CDF80880FFF7F1BB0B939A4B61
:10A7F000119318F0200100F00581089B073323F026
:10A800000703596853F8082B089318F0010F0AD072
:10A8100052EA010307D00B9B8DF86930302348F0D2
:10A8200002088DF8683028F4806302930223FFF752
:10A8300060BB0B93FFF7B6BB0B93884B1193D8E724
:10A84000089B012153F8042B02918DF8DC2008931A
:10A85000059137ACFFF7AFBA1BEE101A24AA584681
:10A8600004F002FE00287FF404AD269A0DF19C0A44
:10A870005DE4039B0794062B224628BF062303941E
:10A880002146CDE90C22764C029305930F92FFF7F7
:10A890006CBA40215846FAF777FA20602061002808
:10A8A00000F00F8640236361FFF79EB8102D259BB3
:10A8B00040F35D82514610261BEE10AA04E00831D9
:10A8C000103D102D40F35282013366481032072BA1
:10A8D000C1E90006CDE92532F1DD24AA51465846EA
:10A8E00004F0C2FD00287FF4C4ACDDE9253227A9BD
:10A8F000E6E70E9BCDF82490E31803930D9BCDF86B
:10A900002880139E059DDDF85890DDF83C800B945F
:10A910001BEE101A5046002B34D0B8F1000F35D181
:10A920000D9B013B013E0D93159BC0E90039259B12
:10A9300001334A44072B269225936CDC0830039B95
:10A9400096F800C05B1B6345A8BF6346002B9A4680
:10A950000CDD259C01341A44072CC0E900532692D3
:10A96000259400F3778196F800C00830BAF1000F03
:10A97000ACBFACEB0A046446002C0ADC65440D9BBA
:10A98000002BCAD1B8F1000F00F0AC8308F1FF38FA
:10A99000CAE7102CDDF894C024DD05954FF0100AAD
:10A9A00063460D4604E0103C102C00F1080016DD53
:10A9B00001332C491032072BC0E9001ACDE92532AA
:10A9C000F1DD24AA2946584604F04EFD00287FF404
:10A9D00050AC103C102CDDE9253227A8E8DC2946D4
:10A9E000059D9C460CF1010322444460072B1D4C3D
:10A9F0000460CDE9253200F3C68396F800C0083024
:10AA00006544BCE718F0100300F0C280089B53F8BF
:10AA1000042B0893F9E624AA5846059104F024FD76
:10AA200000287FF426AC269A059927A887E7029884
:10AA3000CDF81CA050AC00F4806000250AEE10BADE
:10AA4000094BDDF84CA0CDF81490A3464FF0050853
:10AA5000AC46044610E000BF2C3200209454002085
:10AA600040320020686B0020CDCCCCCC0A2A71F19A
:10AA7000000136D34A463146501840F10000A3FB8E
:10AA8000005626F0030505EB9605401B151A4FF0FE
:10AA9000CC3661F1000E06FB05F6A5FB039503FB22
:10AAA0000E6609F0010E2E44AEFB085E2D184FEA2B
:10AAB000590930350BF8015C49EAC6790CF1010CF3
:10AAC0000BF1FF3B7608002CD0D09AF800008445AB
:10AAD000CCD1BCF1FF0FC9D00A2A71F1000180F07E
:10AAE0008F815C4650AB1B1BDDF81490CDF84CA059
:10AAF0001AEE10BADDF81CA0DDF80880CDF838C0D9
:10AB00000593FFF7C2BA1BEE101A24AA584604F0A8
:10AB1000ABFC00287FF4ADAB9DF86710269A0DF1D1
:10AB20009C0AFFF796B8259BBE48CAF8000001337F
:10AB300001320120072B26922593CAF8040000F366
:10AB400077810AF1080A002940F0AF800E9908F0D9
:10AB500001030B433FF4C0A8109B12991A44CAE9A1
:10AB60000013259B26920133072B259300F3528275
:10AB70000AF1080A0E99CAF8004001330A44072B6B
:10AB8000CDE92532CAF804107FF7A4A8FFF7BDBBB2
:10AB900018F0400200F0DD80089850F8042B08906F
:10ABA000194692B231E61BEE101A24AA584604F058
:10ABB0005BFC00287FF45DAB269A0DF19C0AFFF741
:10ABC000A3BA22AE0822002130461D94FCF718FDDE
:10ABD000039B5A1C00F0DB800025CDF80890CDF8CF
:10ABE0001C809946A8460CE037A9584604F0F6FBAD
:10ABF000431C404400F0C883484508DC00F018843A
:10AC000080461D9A525933460435002AECD1CDF8BE
:10AC10001480DDF80890DDF81C80C5E0013382491E
:10AC2000CAF804402244072BCAF80010CDE92532A7
:10AC30007FF750A8FFF769BB1BEE101A24AA5846ED
:10AC400004F012FC00287FF414AB269A0DF19C0A44
:10AC5000FFF729B824AA5846059104F005FC0028FE
:10AC60007FF407AB96F800C0269A059927A87DE6E1
:10AC7000012BCDF808807FF4F3A9FFF793BB089B65
:10AC8000049953F8042B4C4611600893FEF7BEBE9E
:10AC900001336549CAF804402244072BCDE9253227
:10ACA000CAF800107FF722AB7BE4109B12981A447D
:10ACB000CAE90003259B26920133072B259300F355
:10ACC000A9810AF1080A0029BFF654AF4D4210319C
:10ACD00080F20F831BEE101A102605E00AF1080A15
:10ACE000103D102D40F3058301334F481032072BE0
:10ACF000CAE90006CDE92532F0DD24AA58460391C1
:10AD000004F0B2FB00287FF4B4AADDE925320399F0
:10AD10000DF19C0AE4E7089B18F400711ABF114674
:10AD200053F8042B53F8042B089318BFD2B2FFF743
:10AD300045B9029B13F40071089B1ABF114653F8E2
:10AD4000042B53F8042B089318BFD2B20123FFF74A
:10AD5000D0B8089B18F400711ABF114653F8042BA1
:10AD600053F8042B089318BFD2B24EE58A4601333C
:10AD70002D49CAF804502A44072BCDE92532CAF8D8
:10AD8000001000F339810AF1080AFFF78CBB002399
:10AD9000194600961DAA584604F046FB03460133A7
:10ADA000059000F0F1821D94059B002B4ED0632B83
:10ADB00000F318810023079337AC082200213046A6
:10ADC000FCF71EFC059D00962B461DAA2146584601
:10ADD00004F02AFB854240F07C83059A0023A354AB
:10ADE00022EAE272CDE90C339DF8671003930292D8
:10ADF0000F93FEF7BABF2D218DF86710FEF7A4BFA1
:10AE0000169B1599ABEB030B1A465846FCF716FD3B
:10AE10009AF80120054B0AB10AF1010A4FF0000C23
:10AE200028E600BF54690020686B0020CDCCCCCC54
:10AE30001BEE101A24AA584604F016FB00287FF4D3
:10AE400018AA1B99269A0DF19C0A7CE6059B9DF891
:10AE500067100F93CDE90233CDE90C330793FEF76A
:10AE600084BF0E99059865182D1ACC1AA542A8BF63
:10AE70002546FFF74DBB089B049953F8042B089314
:10AE800011804C46FEF7C2BD13F9042B0893D1176D
:10AE90000B46FEF7DBBF039A022122AB01931DABE9
:10AEA000009358461BABB0EE4A0B029203F020FC15
:10AEB000472D029A044600F06181462D104405D1C9
:10AEC0002378302B00F06F821B9A1044B5EE40AB14
:10AED000F1EE10FA40F0468103461B1B0E93472DFE
:10AEE00000F01081462D00F0B5811B9B0C930C9B4C
:10AEF000412D03F1FF331B9300F0E5819DF82C20D9
:10AF00000021002BB8BF0C9B8DF87820BABFC3F18D
:10AF100001032D222B22092B8DF8792040F3DA81B1
:10AF20000DF18F05DFF81CC42A4610468CFB032167
:10AF3000DA17C2EBA10202EB8201A3EB410130312F
:10AF400000F8011C19466329134600F1FF32ECDCBE
:10AF50003033D9B2831E9D4202F8011C40F28B822D
:10AF600013460DF17A0201E013F8011B02F8011BF0
:10AF70009D42F9D10DF191030DF17A021B1A134490
:10AF80001EAA9B1A14930E9B149A012B1A44059225
:10AF900040F30382059B109A1344059326F48063C3
:10AFA000059A43F480780023CDE90C3322EAE2725B
:10AFB0000F930292099B002B40F0B1809DF867101F
:10AFC0000393FEF7D2BE2046FDF76EF902460590C8
:10AFD000FEF720BF1BEE101A24AA584604F044FACC
:10AFE000FEF7EDBD591C5846F9F7CEFE0446002881
:10AFF00000F0CA810790E0E61BEE101A24AA58461A
:10B0000004F032FA00287FF434A9269A0DF19C0A44
:10B01000FFF749BA1BEE101A24AA584604F024FA86
:10B0200000287FF426A9DDE925321B990DF19C0A41
:10B0300049E606230393FFF783BB039B02215A1CB7
:10B040002BE7039A032128E71BA8B0EE4A0B03F075
:10B050005FFAB4EE007B20EE070BB5EE400BF1EE8D
:10B0600010FA01D101231B93B348039BB3EE005B9D
:10B07000013B224604E0B5EE400BF1EE10FA13D08E
:10B0800020EE050BFDEEC07BB3F1FF3F17EE901AEB
:10B09000415CB8EEE76B944630EE460B02F8011BBC
:10B0A000194603F1FF33E6D1B6EE006BB4EEC60BE2
:10B0B000F1EE10FA00F34881B4EE460BF1EE10FA0F
:10B0C00004D117EE903ADB0700F13E81002906DB40
:10B0D0004B1C1344302102F8011B9342FBD1131B7C
:10B0E0000E93FCE60B9C0E9BDDF82490DDF8288087
:10B0F0001396E3189D42294628BF194682460591BA
:10B10000FFF7D8B91B9B0C93DA1C02DB039A93421E
:10B110000CDD0B9B023B0B9323F02005E7E62D2172
:10B1200000238DF867100393FEF722BE0C9B0E9A46
:10B130009342C0F2BD80F0070C9B40F13281109A1F
:10B1400013440593710503D50C9B002B00F3358147
:10B15000059B23EAE373029367230B9300230F936A
:10B160000D9327E7229B8342BFF4B7AE30215A1CD0
:10B1700022921970229B9842F9D8AEE6F30700F1AB
:10B18000A780229BA9E624AA5846059104F06CF9F1
:10B1900000287FF46EA896F800C0269A059927A883
:10B1A0006544FFF7ECBB1BEE101A24AA584604F0C6
:10B1B0005BF900287FF45DA8269A0DF19C0AFFF741
:10B1C0006BB978238DF8693030238DF86830039B94
:10B1D000632B48F0020600F3A6800023079337ACE8
:10B1E00018EE903A002B48F481782BDBB0EE48AB98
:10B1F0000B9B23F02005002309930B9B612B7FF40D
:10B20000ADAAB0EE4A0B1BA803F082F9B4EE007BA6
:10B2100020EE070BB5EE400BF1EE10FA01D1012341
:10B220001B93464821E71BEE101A24AA584604F047
:10B230001BF900287FF41DA81B9B269A0DF19C0A80
:10B24000FFF74EB90B9B23F020052D230993B1EE98
:10B2500048ABD2E71B9A0C92002A06F0010340F398
:10B260000D8103990B4340F0CF800C9B059366231F
:10B270000B93720500F1A380059B23EAE37302930D
:10B280006CE71BEE101A24AA584604F0EDF80028CB
:10B290007EF4EFAF1B9C0E9B269A1C1B0DF19C0AA3
:10B2A000FFF736B958238DE700220392FEF7DABB89
:10B2B0000E9B109A9A180C9B0592002B40F3AB80C2
:10B2C00067230B93D5E70B9A0F32D2B2012118E610
:10B2D000A018FBE5002940F0A88030228DF87A20E4
:10B2E0000DF17B02303302F8013B1EABD31A1493ED
:10B2F00049E601331249CAF804502A44072BCDE924
:10B300002532CAF800107FF733AC1BEE101A24AABE
:10B31000584604F0A9F800287EF4ABAFDDE92532E9
:10B320000DF19C0A26E4591C5846F9F72DFD0446F8
:10B3300050B3079054E700BF945400202C320020F3
:10B34000686B002067666666CDF888C012F8011C3D
:10B3500090F80FC0614513460AD14FF0300E03F844
:10B3600001EC229B591E229113F8011C8C45F6D04A
:10B37000392916BF0131817AC9B203F8011CAEE642
:10B3800000239046079360E71BEE102AB2F90C30B9
:10B3900043F040039381FEF716BCF5077FF5FEAD41
:10B3A000F8E50593CEE6B5EE40ABF1EE10FA3FF4CA
:10B3B0008BADC2F101021B9287E567230B931399B2
:10B3C0000B78FF2B79D000250C9A284603E001303A
:10B3D0000131FF2B08D0934206DAD21A4B78002BAA
:10B3E000F5D10B780135F4E70C9213910D900F9580
:10B3F0000F9A0D9B16991344059A01FB032305939D
:10B4000023EAE3730293D5E5109BD318194466230E
:10B4100005910B932DE7C3F101031A4422EAE2736D
:10B420000293672305920B9398E60DF17A0259E790
:10B43000039BDDF80890DDF81C800593B4E418EE5A
:10B44000903A002BB4BF2D219DF86710254C264B58
:10B45000B8BF8DF8671028F08008FEF779BC039B11
:10B460000293059373239DF8671003900F900D903E
:10B470000B93FEF77ABC0223149384E5039A1343DB
:10B4800005D10123662202930B92059366E6109B79
:10B4900001331A4422EAE2730293662305920B9366
:10B4A0005CE6089A99F80130894652F8041B089224
:10B4B00041EAE1710391FEF7D3BA00230F930D9394
:10B4C00096E70C23CBF800304FF0FF330493FEF7E0
:10B4D00081BB1BEE102A938943F040039381FEF752
:10B4E000C8BE00BF24320020283200200000000027
:10B4F0002DE9F04F2DED088BD1B00BEE101A1C4644
:10B500001746834602F0D8FF036811931846FCF7EC
:10B51000CBFE0DF1800A10900822002150460894BD
:10B52000FCF76EF8BBF1000F04D0DBF83430002BD1
:10B5300001F05F801BEE102A536ED80740F16E8138
:10B54000B2F90C2093B29E0409D41BEE101A42F4F7
:10B5500000528A8193B24A6E22F400524A661D0755
:10B5600040F1CF801BEE102A1269002A00F0C9803A
:10B5700003F01A020A2A00F0D48000239FEDA28B68
:10B580009FEDA39BCDE92533CDE91333CDE91533E9
:10B5900027AA0E932492904612930493B9469E4B89
:10B5A000D3F8E440FCF7B4FB4A4603461CA9CDF8A7
:10B5B00000A05846A047002800F0D680C0F2CC80FA
:10B5C0001C9A252A034601D09944E8E7B9EB0706FF
:10B5D000054640F0CD8000234FF0FF328DF86730F4
:10B5E0001E46069309F1010999F8003003922B24B5
:10B5F000202509F10109A3F120025A2A00F21D8138
:10B60000DFE812F0A4021B011B019F021B011B01BA
:10B610001B016A001B011B0151027B021B015C0222
:10B6200085021B0180025B005B005B005B005B002E
:10B630005B005B005B005B001B011B011B011B012E
:10B640001B011B011B019F011B01DE01F7029F0172
:10B650009F019F011B011B011B011B01F2021B012A
:10B660001B01AE021B011B011B01F8011B01DF02C4
:10B670001B011B0112071B011B011B011B011B01ED
:10B680001B011B011B019F011B01DE012B029F01FE
:10B690009F019F016E022B02D9011B0161021B0158
:10B6A00020030B070E03D9011B01F8017C000E07D4
:10B6B0001B011B01EA061B017C00A3F130020021E3
:10B6C00019F8013B01EB810102EB4101A3F13002CA
:10B6D000092AF5D906918EE7584602F0EDFE436837
:10B6E00015931846FCF7E0FD1690584602F0E4FE6C
:10B6F00083681393169B002B40F0F18599F8003076
:10B7000077E71BEE101A58461BEE105AFBF734FE73
:10B71000002841F0BB83AB8903F01A020A2A7FF4A8
:10B720002CAF1BEE101AB1F90E20002AFFF625AF40
:10B730004A6ED20702D49E0541F1B9811BEE101A60
:10B7400023463A46584601F0BDFC0490049851B097
:10B75000BDEC088BBDE8F08F082200215046FBF7B6
:10B760004FFF012399441AE7B9EB0706054611D0AC
:10B77000269B33442693259B0133072BC8E900768B
:10B78000259312DC08F10808049B33440493002D30
:10B790007FF421AF269B002B41F06F811BEE103A06
:10B7A0000022B3F90C3025921CE01BEE101A24AADB
:10B7B000584601F003FD88B90DF19C08E4E71BEE43
:10B7C000101A24AA584601F0F9FC002800F0AD80B8
:10B7D000079B1BB107995846FCF772FE1BEE103A07
:10B7E000B3F90C301BEE102A526E12F0010F9AB210
:10B7F00000F0D780510601F15283049851B0BDEC9E
:10B80000088BBDE8F08F00BF0000000000000000C2
:10B81000FFFFFFFFFFFFEF7FF4760020B2F90C205F
:10B82000910593B23FF58FAE1BEE105AA86DFCF751
:10B8300009FBB5F90C2093B285E60B93002BA9D038
:10B8400000218DF8DC3001238DF8671002930791F9
:10B85000059303910D910F910C9137AF16F00203F0
:10B86000099302D0029B0233029316F084030A93D9
:10B8700005D1069B029A9C1A002C00F35B83269A42
:10B8800089B125990DF1670001310132C8F8000036
:10B8900007294FF0010026922591C8F8040000F313
:10B8A000938308F10808099B83B1259B1AA90133EA
:10B8B0000232C8F80010072B4FF0020126922593A0
:10B8C000C8F8041000F38D8308F108080A9B802B48
:10B8D00000F06582039B05995C1A002C00F39F829F
:10B8E000F40500F10682059BC8F804301A44259B34
:10B8F000C8F800700133072B2692259300F30D83BF
:10B9000008F10808740705D5069B02995C1A002CFB
:10B9100000F37483049B069902988142ACBF5B18C4
:10B920001B180493002A7FF44AAF00232593079B3A
:10B930001BB107995846FCF7C3FD0DF19C084F4613
:10B940002CE60B93089B073323F00703B3EC028B21
:10B95000B0EEC87BB4EE497BF1EE10FA089340F3E9
:10B96000CD84B5EEC08BF1EE10FA01F10D819DF89A
:10B970006710A94FA94B26F080060B9A472AC8BF2B
:10B980001F460023032207930292059203930D930F
:10B990000F930C9300293FF461AF029B0133029394
:10B9A0005CE798053FF526AF1BEE104AA06DFCF74B
:10B9B0004BFAA2891EE799F8003046F0200618E6F7
:10B9C000432B0B9300F05F85F50600F15C85089B27
:10B9D000012153F8042B02918DF8DC200893059186
:10B9E00037AF00218DF86710079103910D910F91EA
:10B9F0000C9133E70B93089B1A4600238DF86730B0
:10BA0000134653F8047B0893002F00F02C850B9B02
:10BA1000532B00F00C8616F010030C9340F00786B1
:10BA2000039B5A1C01F022800C991A463846FCF7F9
:10BA3000EBFB0790002801F0A682079BDA1B05921A
:10BA40000C9B039322EAE2720D930F9307937323E7
:10BA50009DF8671002920B939CE7B4060B93089B2A
:10BA600040F1CE80073323F007031A4611465B6886
:10BA700051F8082B08911946002BC0F22984039B2A
:10BA8000013300F0928226F0800652EA010302960A
:10BA900040F08C82039B002B40F08D8200230393A7
:10BAA000059350AFFAE0089B53F8042B0692002A46
:10BAB00080F2D483069A08935242069299F8003095
:10BAC00046F0040695E599F800306C2B03BF99F811
:10BAD000013046F0200609F1010946F0100688E51C
:10BAE00099F80030682B03BF99F8013046F40076CE
:10BAF00009F1010946F040067BE599F800308DF820
:10BB0000674076E599F8003046F0800671E54946D1
:10BB100011F8013B2A2B01F0B682A3F13002092A69
:10BB2000894698BF002101F2608119F8013B01EBC1
:10BB3000810102EB4101A3F13002092AF5D90391F9
:10BB400059E599F8003046F0010652E59DF8673056
:10BB5000002B7FF4D3AD99F800308DF8675048E59D
:10BB60000B9346F0100616F0200100F04E83089B60
:10BB7000073323F00703596853F8082B089326F47A
:10BB80008063029300230020039C8DF86700661CED
:10BB90006DD0029820F0800652EA010066D1002C98
:10BBA00040F0A985002B7FF479AF029B13F00103CD
:10BBB000059300F0808330238DF83F310DF23F175D
:10BBC0006CE00B9346F010030293029B13F02001EC
:10BBD00000F02E83089B073323F00703596853F8BE
:10BBE000082B08930123CEE799F8003046F00806A9
:10BBF000FFE446F01006B4060B93089B3FF532AF06
:10BC0000F00600F15D83710640F1578333F9042B90
:10BC10000893D1170B462FE71C320020203200205A
:10BC2000089B46F00202029253F8042B089347F651
:10BC30003003ADF868307820934B12930021022333
:10BC40000B90A0E7B30600F1B683F70600F1588524
:10BC5000750600F19386B40540F15285089B04995E
:10BC600053F8042B089311704F4697E40296012B6A
:10BC700000F09C81022B50AF1FD1129802F00F03ED
:10BC80001209C35C07F8013D42EA0172090952EA50
:10BC90000103F3D1029E50ABDB1B0593059A039879
:10BCA0009DF8671082424FF00003B8BF0246079329
:10BCB00002920D930F930C936CE602F00703D208E7
:10BCC00042EA4172C908303352EA0104384607F8A3
:10BCD000013DF2D1029EF507DDD5302BDAD03023BD
:10BCE000023807F8013C50AB1B1A029E0593074629
:10BCF000D4E70B9B652B40F3CD80B5EE408BF1EE86
:10BD000010FA40F0B381259B6049C8F80010013358
:10BD100001320121072B26922593C8F8041000F365
:10BD2000788408F108081B9B0E998B4280F292825E
:10BD3000109B11991A44C8E90013259B26920133E0
:10BD4000072B259300F3828308F108080E9B5C1EE5
:10BD5000002C7FF7D7AD102C259B40F3BF841BEE42
:10BD6000107A102505E008F10808103C102C40F36B
:10BD7000B584013346491032072BC8E90015CDE9D7
:10BD80002532F0DD24AA3946584601F017FA00287A
:10BD90007FF41EADDDE925320DF19C08E5E7069B39
:10BDA00002995C1A002C7FF795AD102C259B22DDA3
:10BDB000099610251BEE106A04E0103C102C08F1C7
:10BDC000080817DD013332491032072BC8E9001586
:10BDD000CDE92532F1DD24AA314658460DF19C0803
:10BDE00001F0ECF900287FF4F3AC103C102CDDE9F5
:10BDF0002532E7DC099E2649C8F804400133224475
:10BE0000072BCDE92532C8F8001000F31183039BFE
:10BE100005995C1A002C08F108087FF761AD102C19
:10BE2000259B21DD414610251BEE108A04E0103CC5
:10BE3000102C01F1080116DD013315481032072BD3
:10BE4000C1E90005CDE92532F1DD24AA4146584675
:10BE500001F0B4F900287FF4BBAC103C102CDDE9F4
:10BE6000253227A9E8DC884601330949C8F804408F
:10BE70002244072BCDE92532C8F8001000F3B78122
:10BE800008F108082CE500BF2C320020546900207E
:10BE9000786B00200E9B012B40F36381259BC8F833
:10BEA0000070013301320121072B26922593C8F837
:10BEB000041000F3198308F1080810991198013350
:10BEC0000A44072BC8E90001CDE9253200F3FE82C0
:10BED00008F10808B5EE408BF1EE10FA00F05F8132
:10BEE0000E990133013901370A44072BC8F8007055
:10BEF0002593C8F80410269200F3438108F108083E
:10BF00001499C8F8041001330A44072B1EA9CDE97F
:10BF10002532C8F800107FF7F3AC1BEE101A24AAE4
:10BF2000584601F04BF900287FF452AC269A0DF1E7
:10BF30009C08E7E4102CDDE92512BB4D25DD1796A2
:10BF400010231BEE106A084604E0103C102C08F188
:10BF5000080818DD013010320728C8E90053CDE980
:10BF60002502F2DD24AA314658460DF19C0801F065
:10BF700025F900287FF42CAC103C102CDDE92502BB
:10BF80004FF01003E6DC179E0146013122440729D9
:10BF9000CDE92512C8F80050C8F8044000F3198311
:10BFA0009DF8671008F108086AE402960A2A71F100
:10BFB000000380F0AF8230320123029E8DF83F21D2
:10BFC00005930DF23F1769E61BEE101A24AA584696
:10BFD00001F0F4F800287FF4FBAB269A0DF19C08E1
:10BFE00061E41BEE101A24AA584601F0E7F8002875
:10BFF0007FF4EEAB269A0DF19C0867E4102C259B8C
:10C00000894D1FDD1BEE107A102604E0103C102C29
:10C0100008F1080816DD01331032072BC8E9005675
:10C02000CDE92532F2DD24AA394658460DF19C08A7
:10C0300001F0C4F800287FF4CBAB103C102CDDE9F4
:10C040002532E8DC01332244072BC8E90054CDE94E
:10C0500025327FF75FAC1BEE101A24AA584601F078
:10C06000ADF800287FF4B4AB269A53E41B9900295D
:10C0700040F3F9800C9D0E9B9D42A8BF1D46002DEC
:10C080000BDD259B01332A44072BC8E90075269256
:10C09000259300F37C8608F108080C9C002DA8BFAE
:10C0A000641B002C00F361830C9B71053B440593DA
:10C0B00000F178851B9C0E9B9C4202DBF30740F14C
:10C0C0004C84109B11991A44C8E90013259B2692B1
:10C0D0000133072B259300F3688608F108080E9BAF
:10C0E0001C1BFD18059BED1AA542A8BF2546002D77
:10C0F0000DDDC8F80030259BC8F8045001332A44F0
:10C10000072B2692259300F35F8608F10808002D7F
:10C11000A8BF641B002C7FF7F5AB102C259B40F3C8
:10C12000DD821BEE107A102505E008F10808103CAE
:10C13000102C40F3D38201333C491032072BC8E95D
:10C140000015CDE92532F0DD24AA3946584601F024
:10C1500035F800287FF43CABDDE925320DF19C0871
:10C16000E5E7F5073FF59AAE259BC8F80070013367
:10C1700001320121072B26922593C8F804107FF77E
:10C18000BDAE1BEE101A24AA584601F017F800287D
:10C190007FF41EABDDE925320DF19C08B0E60E9967
:10C1A0004C1E002C7FF7ACAE102C40F3B2821BEE7D
:10C1B000107A102505E008F10808103C102C40F317
:10C1C000A882013319491032072BC8E90015CDE9BF
:10C1D0002532F0DD24AA3946584600F0EFFF00284A
:10C1E0007FF4F6AADDE925320DF19C08E5E71BEEA8
:10C1F000101A24AA584600F0E1FF00287FF4E8AAAC
:10C20000269A0DF19C08FFF76BBB16F0100340F067
:10C21000DD8016F0400200F0D982089850F8042B17
:10C220000890194692B2AAE44C330020786B0020A3
:10C23000029B13F0100340F0B780029A12F0400204
:10C2400000F0B482089850F8042B0890194692B276
:10C25000012398E4F0077FF555AB69E5089399F859
:10C260000030FFF7C6B9259BA648C8F80000013387
:10C2700001320120072B26922593C8F8040000F311
:10C28000628508F10808002940F050820E9906F0F6
:10C2900001030B433FF436AB109B11991A44C8E9D4
:10C2A0000013259B26920133072B259300F3F0837F
:10C2B00008F108084BE250AFF0E4B20500F15783F3
:10C2C00053F8042B0893D1170B46002BBFF6D7ABBE
:10C2D000524261EB410102962D20012354E4139B4D
:10C2E000002B3FF40BAA139B1B78002B3FF406AAEC
:10C2F00099F8003046F48066FFF77BB9B4EE488BBE
:10C30000F1EE10FA80F188860B9B612B00F03D85E1
:10C31000412B00F03C83039B01330B9B23F0200453
:10C3200000F02986472C04D1039B002B08BF012372
:10C33000039318EE903A002B46F480723546C0F213
:10C34000C785B0EE48AB00231646099307930B9BB5
:10C35000413B252B00F26A82DFE813F0C303680239
:10C3600068026802BC03C0036802680268026802CF
:10C37000680268026802680268026802680268026D
:10C38000680268026802680268026802680268025D
:10C39000680268026802680268026802680268024D
:10C3A00068026802BC03C003089B53F8042B08937F
:10C3B0000123FFF7E8BB089B049853F8041B08937C
:10C3C000C217C1E900024F46FFF7E8B8089B53F8CF
:10C3D000042B0893FFF7D3BB0B934B4B129316F030
:10C3E00020016AD0089B073323F00703596853F8EC
:10C3F000082B0893F7070AD552EA010307D00B9BD5
:10C400008DF86930302346F002068DF8683026F446
:10C41000806302930223FFF7B6BB0B93FFF7A3BB26
:10C420000B930296FFF7D1BB0B93384B1293D6E7D1
:10C430001BEE101A24AA584600F0C0FE00287FF414
:10C44000C7A9269A0DF19C08FFF744BA1BEE101AF3
:10C4500024AA584600F0B2FE00287FF4B9A9269A13
:10C460000DF19C0872E4039B0797062B3A4628BF00
:10C470000623039739460293254F05930D920F9299
:10C480000C92FFF787BA089C0822002122A837AF38
:10C49000FBF7B6F822AB54F8042B3946584602F0A5
:10C4A0009DFF03460133059000F00985059B089424
:10C4B00023EAE3730293FFF794BA16F0100300F037
:10C4C0009D80089B53F8042B089393E71BEE101AEA
:10C4D00024AA584600F072FE00287FF479A9DDE90D
:10C4E00025320DF19C08F5E41BEE101A24AA5846DB
:10C4F00000F064FE00287FF46BA9DDE925320DF120
:10C500009C08DAE4546900202C3200209454002066
:10C51000403200200298CDF81C8050AF00F48060BB
:10C5200000240AEE10BABF4BDDF84C80CDF8149011
:10C53000BB460526A446074605E00A2A71F100011C
:10C5400036D34A462946501840F10000A3FB004567
:10C5500025F0030404EB9504001B141A4FF0CC35AE
:10C5600061F1000E05FB04F5A4FB039403FB0E55DB
:10C5700009F0010E2544AEFB064E24184FEA590976
:10C5800030340BF8014C49EAC5790CF1010C0BF180
:10C59000FF3B6D08002FD0D098F800008445CCD127
:10C5A000BCF1FF0FC9D00A2A71F1000180F0BF82EF
:10C5B0005F4650ABDB1BDDF81490CDF84C801AEED3
:10C5C00010BADDF81C80029ECDF838C00593FFF745
:10C5D00065BB1BEE101A24AA584600F0EFFD002898
:10C5E0007FF4F6A89DF86710269A0DF19C08FFF7D6
:10C5F00047B95846FAF78AFAFEF79CBF16F0400290
:10C6000000F0F280089850F8042B0890194692B276
:10C61000F0E61BEE101A24AA584600F0CFFD0028C1
:10C620007FF4D6A8269A0DF19C08FFF77CBB22ADBB
:10C630000822002128461D97FAF7E2FF039B581CA9
:10C6400000F068830024CDF80890079699462646A6
:10C650000CE037A9584602F0C1FE411C304400F0FE
:10C660002E84484508DC00F0E78406461D9A1259DE
:10C670002B460434002AECD10596DDF80890079E7D
:10C68000059B002B00F05483632B40F3D883591C87
:10C690005846F8F779FB0746002800F01084079009
:10C6A000082200212846FAF7ABFF059C0095234697
:10C6B0001DAA3946584602F0B7FE844240F0EF8486
:10C6C000059A0023BB5422EAE2729DF86710039397
:10C6D00002920D930F930C93FFF75CB9013352490B
:10C6E000C8F804402244072BC8F80010CDE92532D1
:10C6F0007FF706A911E4012B02967FF4BBAA5AE446
:10C70000089B049953F8042B4F4611600893FEF7D9
:10C7100045BF01334449C8F804402244072BCDE902
:10C720002532C8F800107FF7E9AB2AE5109B119875
:10C730001A44C8E90003259B26920133072B259351
:10C7400000F3A68108F108080029C0F27C830E9945
:10C75000C8F8007001330A44072BCDE92532C8F828
:10C7600004107FF7CDA8FFF7D8BB102C259B49DD1F
:10C77000414610251BEE108A03E00831103C102CB6
:10C780003FDD013328481032072BC1E90005CDE910
:10C790002532F2DD24AA4146584600F00FFD00285C
:10C7A0007FF416A8DDE9253227A9E7E7029B13F4F9
:10C7B0000071089B1ABF114653F8042B53F8042B41
:10C7C000089318BFD2B20123FFF7DDB9089B16F416
:10C7D00000711ABF114653F8042B53F8042B089329
:10C7E00018BFD2B2FFF7CBB9089B16F400711ABF7D
:10C7F000114653F8042B53F8042B089318BFD2B2F8
:10C80000F8E5884601330849C8F804402244072B5C
:10C81000CDE92532C8F8001000F34E8108F1080870
:10C8200042E400BFCDCCCCCC786B0020039A02212F
:10C8300022AB01931DAB009358461BABB0EE4A0BE5
:10C84000029201F055FF472C029A074600F08A82B7
:10C85000462C104405D13B78302B00F0A2831B9A64
:10C860001044B5EE40ABF1EE10FA40F047820346BB
:10C87000DB1B0E93472C00F04681462C00F0B9825A
:10C880001B9B0C930C9B412C03F1FF331B9300F07B
:10C89000D1829DF82C200021002BB8BF0C9B8DF875
:10C8A0007820BABFC3F101032D222B22092B8DF86A
:10C8B000792040F349830DF18F04B64E224610468D
:10C8C00086FB0321DA17C2EBA10202EB8201A3EB84
:10C8D0004101303100F8011C19466329134600F16B
:10C8E000FF32ECDC3033D9B2831E9C4202F8011CCB
:10C8F00040F2B38313460DF17A0201E013F8011BF5
:10C9000002F8011B9C42F9D10DF191030DF17A025D
:10C910001B1A13441EAA9B1A14930E9B149A012BE4
:10C920001A44059240F32B83059B109A13440593F8
:10C93000059A25F4806343F4807622EAE2720023AC
:10C940000D9302920F930C93099B002B40F0E8800B
:10C950009DF867100393FFF71DB80E9B0599FD180E
:10C960006D1A1C1BA542A8BF2546FFF7D0BB13F9C3
:10C97000042B0893D1170B46FFF77EB8089B049948
:10C9800053F8042B089311804F46FEF707BE582337
:10C990008DF8693030238DF86830039B632B46F0A7
:10C9A000020500F3DF820023079337AF18EE903AB9
:10C9B000002B46F48176C0F23382B0EE48AB0B9B7D
:10C9C00023F02004002309930B9B612B7FF4BFAC61
:10C9D000B0EE4A0B1BA801F09BFDB4EE007B20EEED
:10C9E000070BB5EE400BF1EE10FA01D101231B93BA
:10C9F0006948039BB3EE005B013B3A4604E0B5EEA9
:10CA0000400BF1EE10FA13D020EE050BFDEEC07BCB
:10CA1000B3F1FF3F17EE901A415CB8EEE76B944616
:10CA200030EE460B02F8011B194603F1FF33E6D145
:10CA3000B6EE006BB4EEC60BF1EE10FA00F34C82CA
:10CA4000B4EE460BF1EE10FA04D117EE903ADB0784
:10CA500000F14282002906DB4B1C1344302102F80E
:10CA6000011B9342FBD1D31B0E9303E73846FBF720
:10CA70001BFC02460590FEF7E3BF1BEE101A24AA2A
:10CA8000584600F09BFB00283EF488AEFEF7A6BE99
:10CA90001BEE101A24AA584600F090FB00287EF4E2
:10CAA00097AEDDE925321B990DF19C084CE6886DA7
:10CAB000FBF7CAF9FEF742BE1BEE101A24AA58462D
:10CAC00000F07CFB00287EF483AE269A0DF19C08D2
:10CAD000FFF7EABA039B02215A1CA9E6039A032135
:10CAE000A6E61BA8B0EE4A0B01F012FDB4EE007BE7
:10CAF00020EE070BB5EE400BF1EE10FA01D1012349
:10CB00001B93264875E71B9B0C93DC1C02DB039AE6
:10CB100093421DDD0B9B023B0B9323F02004B1E6F7
:10CB20002D2100238DF867100393FEF736BF169B67
:10CB30001599ABEB030B1A465846FAF77FFE98F8A7
:10CB40000120174B0AB108F101084FF0000CF8E47E
:10CB50000C9B0E9A9342C0F2A781E9070C9B40F10F
:10CB60001E82109A134405936A0503D50C9B002B73
:10CB700000F32882059B23EAE373029367230B9358
:10CB800000230D930F93DFE62D218DF86710FEF73C
:10CB9000F0BE00BF676666662C3200209454002009
:10CBA000CDCCCCCC0E9BCDF824904046DDF83C801B
:10CBB0000A96FB180393059D139EDDF858900D9B74
:10CBC0000B971BEE101AB8F1000F31D0002B77D164
:10CBD000013E08F1FF38159BC0E90039259B013360
:10CBE0004A44072B269225936EDC0830039B96F867
:10CBF00000C05B1B6345A8BF6346002B1F460BDDCF
:10CC0000259C01341A44072CC0E900532692259430
:10CC100066DC96F800C00830002FACBFACEB070410
:10CC20006446002C15DC65440D9BB8F1000FCDD196
:10CC3000002B45D10B9F0E9B1396FB189D42294656
:10CC400028BF1946DDF824900A9E05918046FFF71B
:10CC500031BA102CDDF894C023DD0595102763460A
:10CC60000D4604E0103C102C00F1080016DD0133E5
:10CC7000A7491032072BC0E90017CDE92532F1DDB5
:10CC800024AA2946584600F099FA00287EF4A0AD5F
:10CC9000103C102CDDE9253227A8E8DC2946059D4B
:10CCA0009C460CF1010322444460072B984C04601D
:10CCB000CDE925325ADC96F800C008306544B3E768
:10CCC0000D9B013B0D9386E724AA5846059100F081
:10CCD00075FA00287EF47CAD269A059927A885E789
:10CCE00024AA5846059100F069FA00287EF470AD38
:10CCF00096F800C0269A059927A88DE7229B8342C3
:10CD0000BFF4B6AD30215A1C22921970229B984272
:10CD1000F9D8ADE50023194600951DAA584602F042
:10CD200083FB03460133059000F0C9801D97A7E4FB
:10CD3000059B9DF867100D93CDE902330F930C937B
:10CD40000793FEF727BE1BEE101A24AA584600F0E0
:10CD500035FA00287EF43CAD1B99269A0DF19C080B
:10CD6000FFF791BAEB0763D4229B81E524AA5846CA
:10CD7000059100F023FA00287EF42AAD96F800C051
:10CD8000269A059927A865444EE7782300E61BEE0E
:10CD9000101A24AA584600F011FA00287EF418ADA3
:10CDA000269A0DF19C08FFF778B91BEE101A24AAF9
:10CDB000584600F003FA00287EF40AAD1B9C269A20
:10CDC0000DF19C08FFF78BB91BEE101A24AA5846E8
:10CDD00000F0F4F900287EF4FBAC1B9C0E9B269A15
:10CDE0001C1B0DF19C08FFF792B900220392FEF77D
:10CDF00002BC1B9A0C92002A05F0010340F330811B
:10CE000003990B4340F0D7800C9B059366230B934B
:10CE10006A0500F1D980059B23EAE3730293AFE62C
:10CE20000B9B23F020042D230993B1EE48ABCBE5F7
:10CE3000B81816E50B9A0F32D2B201212CE5002367
:10CE4000079337AF2CE44C42103163DA1BEE101A13
:10CE5000102504E008F10808103C102C5ADD0133BD
:10CE60002B481032072BC8E90005CDE92532F1DD4A
:10CE700024AA5846039100F0A1F900287EF4A8AC3A
:10CE8000DDE9253203990DF19C08E5E76B6ED807C3
:10CE900005D4AB89990502D4A86DFAF7D5FF4FF0F8
:10CEA000FF330493FEF7A9BC0E9B109A9A180C9BB3
:10CEB0000592002B40F3C78067230B93A8E71BEE76
:10CEC000102AB2F90C3043F040039381FEF78ABC7C
:10CED000002316460793A6E7CDF888C012F8011C78
:10CEE00090F80FC08C4513460AD14FF0300E03F86E
:10CEF00001EC229B591E229113F8011C8C45F6D09F
:10CF0000392916BF0131817AC9B203F8011CAAE59B
:10CF1000786B002001336849C8F804402244072B8D
:10CF2000CDE92532C8F800107FF7C2A91BEE101A10
:10CF300024AA584600F042F900287EF449ACDDE905
:10CF400025320DF19C0802E4002962D130228DF8CF
:10CF50007A200DF17B02303302F8013B1EABD31A6D
:10CF60001493DAE4591C5846F7F70EFF07460028D9
:10CF7000A5D007901AE506230393FFF7DAB9E8076F
:10CF80007FF5D6ACD0E4039B0293059373239DF801
:10CF9000671003900D900F900B93FEF7FBBC059369
:10CFA000E2E5B5EE40ABF1EE10FA3FF458ACC2F159
:10CFB00001021B9254E4109BD31819446623059177
:10CFC0000B9325E767230B9313990B78FF2B6ED0F8
:10CFD00000240C9A204603E001300131FF2B08D0D9
:10CFE000934206DAD21A4B78002BF5D10B78013434
:10CFF000F4E713910C920F900D940D9A0F9B1699D4
:10D000001344059A01FB0323059323EAE373029378
:10D010009AE40DF17A029EE718EE903A002BB4BF25
:10D020002D219DF86710254F254BB8BF8DF867104F
:10D0300026F08006FEF7A1BC039BDDF80890079E52
:10D040000593FFF71DBBC3F101031A4422EAE27303
:10D050000293672305920B9392E5022314935CE4F9
:10D06000039A134305D10123662202930B92059381
:10D0700086E5109B01331A4422EAE2730293662389
:10D0800005920B937CE5089A99F80130894652F88D
:10D09000041B089241EAE1710391FEF7AABA1BEE64
:10D0A000102A938943F040039381FEF791BB00233C
:10D0B0000D930F93A1E700BF786B0020243200206E
:10D0C0002832002070B50C468989ADF58E6D21F0AF
:10D0D0000201ADF81410616E1B91E189ADF81610D4
:10D0E000E1690991616A0B911CA9029106914FF4C3
:10D0F000806106460491079118A80021CDE900320D
:10D100000891FAF79BFEDDE9003202A93046FEF7EE
:10D11000EFF9051E07DB02A93046F9F7FDFB0028F1
:10D1200018BF4FF0FF35BDF814305B0603D5A38957
:10D1300043F04003A3811898FAF782FE28460DF5C4
:10D140008E6D70BD2DE9F84F4B6E9C0490462DD529
:10D150009368126843B38B46064602F1080959E901
:10D16000025A5FEA9A0715D0043D002401E0A74265
:10D170000ED055F8041F5A46304601F057F9431CAB
:10D1800004F10104F3D10023C8E90133BDE8F88FAD
:10D19000D8F808302AF0030AA3EB0A03C8F80830CD
:10D1A00009F10809002BDAD10020ECE7F9F75AFD64
:10D1B0000023C8E90133BDE8F88F00BF10B49468BC
:10D1C0001CB15DF8044BFFF7BDBF204654605DF80D
:10D1D000044B70472DE9F04F2DED028BC5B00DF1DA
:10D1E000500A834608EE101A1646002108225046BF
:10D1F0001C460793FAF704FABBF1000F04D0DBF8E2
:10D200003430002B00F0A08618EE102A536EDB0796
:10D2100040F11385B2F90C108AB295040BD418EEC4
:10D22000103A41F4005199815B6E8AB218EE101ADF
:10D2300023F400534B66100740F1058118EE103AB5
:10D240001B69002B00F0FF8002F01A030A2B00F08C
:10D250000A810023CDE91933CDE90D331BAA0C93C4
:10D26000189291460B930593B0464446A84BD3F8C9
:10D27000E450FAF74DFD2246034612A9CDF800A06E
:10D280005846A847002800F04581C0F23981129A1B
:10D29000252A034601D01C44E8E7B4EB08060546FE
:10D2A00040F03C81002361788DF8433004F101089F
:10D2B00006934FF0FF371E462B2408F10108A1F119
:10D2C00020035A2B00F27881DFE813F0B5027601D3
:10D2D0007601B0027601760176016A007601760168
:10D2E0007D028D02760188029702760192025B0030
:10D2F0005B005B005B005B005B005B005B005B0056
:10D300007601760176017601760176017601760165
:10D3100076015C0284007601760176017601760161
:10D3200076017601760176017601E80076017601D4
:10D33000760133027601DA02760176018B057601F9
:10D340007601760176017601760176017601760125
:10D3500076015C028600760176017601CD028600B8
:10D360007F007601C0027601FD02EA00ED027F0037
:10D37000760133027C006905760176016B05760142
:10D380007C00A1F13003002218F8011B02EB82029D
:10D3900003EB4202A1F13003092BF5D906928EE787
:10D3A000584601F089F843680D931846FAF77CFF58
:10D3B0000E900546584601F07FF883680B93002DC8
:10D3C00040F0D68498F8001077E798F8001046F0FF
:10D3D000200672E746F01006B40640F18E81079BE6
:10D3E000073323F007031A46596852F8083B07929F
:10D3F0000A460029C0F27084791C00F0A28526F04C
:10D400008001039153EA020100F03F840A2B72F17C
:10D41000000180F0418530338DF80F31039E0123E8
:10D4200004930DF20F14049BBB42B8BF3B46039319
:10D43000002308939DF84330002B00F0CB80039B22
:10D4400001330393C6E018EE101A584618EE105A2E
:10D45000F9F792FF002840F05286AA8902F01A03D9
:10D460000A2B7FF4F6AE18EE101AB1F90E30002B2D
:10D47000FFF6EFAE4B6EDB0702D4970540F1128644
:10D4800018EE101A23463246584600F069FE059001
:10D49000059845B0BDEC028BBDE8F08F46F0100654
:10D4A00016F0200200F03681079B073323F00703B4
:10D4B00019465A6851F8083B079126F48061039198
:10D4C000002100208DF84300781C00F010820398A2
:10D4D00020F0800653EA020040F00882002F40F05E
:10D4E0003885002940F0D583039B13F00103049392
:10D4F00000F0118430238DF80F310DF20F1492E7F4
:10D50000082200215046FAF77BF801231C44ADE6BF
:10D51000F4760020B4EB080605461BD0199B1A9A36
:10D5200001333244072BC9E900861A9219931CDD96
:10D53000002A00F0A68318EE101A18AA5846FFF722
:10D5400001FE20BB0DF16C09059B33440593002DB2
:10D550007FF4A8AE1A9B002B40F0C18518EE103A5C
:10D560000022B3F90C30199215E009F10809EBE734
:10D5700018EE101A18AA5846FFF7E4FD002800F02C
:10D58000A680089B1BB108995846FAF799FF18EE38
:10D59000103AB3F90C3018EE102A526E12F0010F47
:10D5A0009AB200F0A080500600F1B285059845B00F
:10D5B000BDEC028BBDE8F08F0029CBD000238DF8A5
:10D5C00043300123CDE903338DF8AC102BAC00239D
:10D5D00008931F4616F00203099302D0039B0233FF
:10D5E000039316F084030A9305D1069B039A9D1AB0
:10D5F000002D00F37B82DDE91903411C9DF84320D7
:10D6000082B101220133C9F8042007290DF1430238
:10D61000CDE91913C9F8002000F34A82084609F140
:10D6200008090131099AE2B111AA0233C9F80020B0
:10D6300007294FF00202CDE91913C9F8042040F37D
:10D640005082002B00F0438318EE101A18AA584697
:10D65000FFF778FD002894D1DDE919030DF16C097D
:10D66000411C0A9A802A00F08481049ABD1A002D78
:10D6700000F3D781049AC9F8004013440729CDE983
:10D680001913C9F8042040F36E81002B00F0758255
:10D6900018EE101A18AA5846FFF754FD00287FF418
:10D6A00070AF1A9B0DF16C09750705D5069A0399A1
:10D6B000541A002C00F36B82DDE9052103988142A6
:10D6C000ACBF521812180592002B7FF451AF089985
:10D6D00000231993002900F049815846FAF7F0FE1B
:10D6E0000DF16C09C1E59C053FF55DAF18EE104AE0
:10D6F000A06DFAF7A9FBA28955E7F006079A00F199
:10D700001F83710640F1198332F9043B0792DA173F
:10D7100011466EE616F01003079940F0098316F0E3
:10D72000400000F001831A4651F8043B07919BB278
:10D73000C3E6079B1A4600238DF84330134653F87F
:10D74000044B0393002C00F01284532900F06583EE
:10D7500016F0100540F061837B1C00F0B3843A465C
:10D7600029462046FAF750FD0890002800F09F84D3
:10D77000031B039A049323EAE3732F460792039350
:10D78000089557E6432902D0F50640F12D83079D01
:10D790000822002116A82BACF9F732FF16AB55F87A
:10D7A000042B2146584601F019FE0346013304902C
:10D7B00000F0B384049B079523EAE37303930023EB
:10D7C0008DF8433003E7079B53F8042B0692002A99
:10D7D00080F29C82069A5242CDE9062398F8001006
:10D7E00046F0040669E598F800108DF8434064E5BA
:10D7F00098F8001046F080065FE5424612F8011BDB
:10D800002A2900F09684A1F13003092B90464FF0AD
:10D8100000073FF654AD18F8011B07EB870703EB31
:10D820004707A1F13003092BF5D948E598F8001016
:10D8300046F0010641E59DF84330002B7FF4C2AD70
:10D84000202398F800108DF8433036E598F8001042
:10D850006C2903BF98F8011046F0200608F1010872
:10D8600046F0100629E598F80010682903BF98F8DB
:10D87000011046F4007608F1010846F040061CE568
:10D8800046F010030393039B13F0200200F006827E
:10D89000079B073323F0070319465A6851F8083BE2
:10D8A000079101210DE6079A46F00203039352F80F
:10D8B000043B079247F63002ADF84420B84A0C9278
:10D8C00002210022FDE5B70600F14882F50600F1CD
:10D8D0004683740600F1D583B00540F14083079B71
:10D8E000059953F8042B07931170BEE403960129A0
:10D8F0003FF48CAD022944AC11D10C9803F00F0118
:10D900001B09415C04F8011D43EA0273120953EA42
:10D910000201F3D1039E44AB1B1B049383E503F088
:10D920000701DB0843EA4273D208303153EA0205AB
:10D93000204604F8011DF2D1039EF307EBD53029F0
:10D94000E8D03023023804F8013C44AB1B1A039E94
:10D950000493044667E5049B1B9401221C931A93CD
:10D9600019920DF16C0909F108099DE60DF16C0998
:10D970007BE4069A039D551B002D7FF776AE102D94
:10D9800040F3BB83099418EE104A07E000F1020C43
:10D9900009F108091046103D102D1EDD8149C9F816
:10D9A0000010421C10331021072ACDE91923C9F8B1
:10D9B0000410EBDD18AA002B74D0214658460DF157
:10D9C0006C09FFF7BFFB00287FF4DBADDDE919032D
:10D9D000103D102D00F1010CE0DC099C714AC9F8E2
:10D9E00004502B44BCF1070FCDE919C3C9F800203E
:10D9F00040F39481002B00F01F8318EE101A18AA30
:10DA00005846FFF79FFB00287FF4BBAD049ADDE981
:10DA10001903BD1A002D00F101010DF16C097FF70A
:10DA200029AE102D29DD0994102718EE104A07E0C1
:10DA300000F1020C09F108091046103D102D1ADD05
:10DA4000421C58491033072AC9E90017CDE91923A8
:10DA5000EEDD18AA03B3214658460DF16C09FFF715
:10DA600071FB00287FF48DADDDE91903103D102D09
:10DA700000F1010CE4DC099C61464A4AC9F80450F3
:10DA80002B440729CDE91913C9F8002000F3E780DA
:10DA900009F108090131EDE54FF0010C18460DF1CF
:10DAA0006C09CAE74FF0010C18460DF16C0972E7DA
:10DAB000002B00F0048118EE101A18AA5846FFF740
:10DAC00041FB00287FF45DADDDE919030DF16C0920
:10DAD000411CA7E5022311AA1C931B9201210DF101
:10DAE0006C09084609F10809411CBAE5102D40F3FC
:10DAF000E582DDE919130F94084618EE104A07E095
:10DB000000F1020C09F108091046103D102D1DDD31
:10DB10002549C9F80010421C10331021072ACDE90D
:10DB20001923C9F80410EBDD18AA03B3214658469F
:10DB30000DF16C09FFF706FB00287FF422ADDDE94B
:10DB40001903103D102D00F1010CE1DC0F9C604623
:10DB5000154AC9F804502B440728CDE91903C9F820
:10DB6000002000F3C18009F10809411C46E5184670
:10DB70004FF0010C0DF16C09C7E77607199353D5E7
:10DB8000069A0399541A002C4EDD0DF16C09102CE5
:10DB900040F3B082199918EE106A10250DE000BF0D
:10DBA0002C320020886B00205C330020881C09F197
:10DBB00008091146103C102C1ADD4A1CB3481033DA
:10DBC000072AC9E90005CDE91923EFDD18AA33B307
:10DBD00031465846FFF7B6FA00287FF4D2ACDDE9AB
:10DBE0001913103C102C01F101000DF16C09E4DC5B
:10DBF000A64AC9F8044023440728CDE91903C9F807
:10DC000000207FF759AD7BB118EE101A18AA5846BC
:10DC1000FFF798FA00287FF4B4AC1A9B4CE501207A
:10DC200019460DF16C09C5E7DDE9053203998A4211
:10DC3000ACBF9B185B18059349E5B2F90C108F0532
:10DC400018EE103A8AB23FF5E8AA18EE105A986D0D
:10DC5000FAF7F8F8B5F90C108AB2FFF7DEBA002B24
:10DC60003FF479AE18EE101A18AA5846FFF76AFA70
:10DC700000287FF486AC19991A9B01310DF16C09CB
:10DC8000F8E419920DF16C095EE4002F7FF4C3AB48
:10DC9000039E0027049744ACFFF7C5BB039B13F01A
:10DCA000100354D1039A12F0400000F06B810799E1
:10DCB0001A4651F8043B07919BB2012101E4099AED
:10DCC000002A64D1184601210DF16C09C9E4012133
:10DCD00018460DF16C09C4E45B4262EB4202039604
:10DCE0002D200121FFF7EEBB002B00F0888018EEFD
:10DCF000101A18AA5846FFF725FA00287FF441ACFD
:10DD0000DDE919030DF16C09411C77E498F8001066
:10DD10000793FFF7D2BA44ACFFF785BB09F10809B6
:10DD20000CF101016046A0E416F4007240F0978106
:10DD300051F8043B0791FFF7C0BBB30500F18881A0
:10DD400052F8043B0792DA171146FFF752BB0799C6
:10DD500051F8043B07910121FFF7B3BB079B0598DE
:10DD600053F8041B0793C217C1E90002FFF77DBAFD
:10DD70000B9B002B3FF426AB0B9B1B78002B3FF437
:10DD800021AB98F8001046F48066FFF796BA02239C
:10DD900011AA1C931B9201200DF16C09A2E60396B7
:10DDA00071E53B4B0C9316F0200259D0079B0733CB
:10DDB00023F0070318465A6850F8083B0790F40709
:10DDC00009D553EA020006D08DF84510302146F0FF
:10DDD00002068DF8441026F4806103910221FFF7BA
:10DDE00070BB2C4B0C93DEE7079B012153F8042BEF
:10DDF00003918DF8AC20079304912BACDFE49DF8E0
:10DE00004320002A40F03281099A002A7FF462AE52
:10DE1000184601210DF16C0927E40021082216A8FB
:10DE20001394F9F7EDFB791C00F0BC8000250794F2
:10DE30002C460CE02BA9584601F0D0FA421C204495
:10DE400000F06B81B84208DC00F070810446139A40
:10DE5000525916AB0435002AECD10494079CAFE06C
:10DE600016F0100307980CD116F0400405D01A469E
:10DE700050F8043B07909BB2A1E716F4007240F003
:10DE8000E18050F8043B079099E700BF5C33002025
:10DE90002C320020945400200399049744AC9E46F1
:10DEA00008EE90BA01F480664FF0000C234606E0BD
:10DEB000BEF10A0F72F1000239D3A6462A46A649DE
:10DEC0001EEB020040F100000F46A1FB001424F0FD
:10DED000030101EB9401401ABEEB00014FF0CC3579
:10DEE00062F1000405FB01F507FB0455A1FB0741A6
:10DEF0000D44052704F00101A1FB071B0918640864
:10DF0000303103F8011C44EAC5740CF1010C013BEB
:10DF10006D08002ECCD00B9909786145C8D1BCF1B1
:10DF2000FF0FC5D0BEF10A0F72F100026CD21C4681
:10DF300044AB1B1B049F039E049318EE90BAFFF79B
:10DF400072BA0396FFF762BA5846F8F7DFFDFFF79B
:10DF50005BB9012903967FF4CDACFFF75CBA079B50
:10DF6000059953F8042B11600793FFF77EB9062F2C
:10DF70003B46039A794C079228BF062304930393E8
:10DF8000FFF725BB039B079913F4007214BF51F8E8
:10DF9000043B51F8043B07911CBF0246DBB2012150
:10DFA000FFF78FBA16AB00930023194613AA584601
:10DFB00001F03AFA03460133049000F0AE80139466
:10DFC000049B002B30D0632B63DC002308932BAC25
:10DFD0000822002116A8F9F713FB049D16AB009345
:10DFE00013AA2B462146584601F01EFA854240F0FE
:10DFF000AB80039B049A07930023A3541F4622EA95
:10E00000E2730393FFF716BA0E9A0D999B1A1846FE
:10E010000893F9F713FC0B99089B4A780AB1013170
:10E020000B914FF0000C48E7039B0793049B03936D
:10E030001F460893FFF7FEB9012118460DF16C0940
:10E04000FFF713BB50F8043B07902246DBB2B6E65D
:10E0500012F9043B0792DA171146FFF7CAB951F8D3
:10E06000043B07910246DBB2FFF727BA01231C935A
:10E0700001210DF143031B930DF16C090B46FFF7D2
:10E08000CDBA079B059953F8042B07931180FFF72E
:10E09000ECB8591C5846F6F777FE044600283CD0E9
:10E0A000089095E7886DF9F7CFFEFFF7E9B9039B74
:10E0B0000793CDE90377089FFFF7BCB919981A9B1E
:10E0C000013045E5039B07932046FAF7EDF820EA77
:10E0D000E0732F46049003930895FFF7ABB918EE51
:10E0E000101A18AA5846FFF72DF800283FF436AA50
:10E0F000FFF74DBA199801307AE58C466EE46B6EE5
:10E10000D90705D4AB899A0502D4A86DF9F79CFE0E
:10E110004FF0FF330593FFF749BA18EE102AB2F912
:10E120000C3043F040039381FFF735BA079C049706
:10E1300046E7079B98F8011053F8047B0793904635
:10E1400047EAE777FFF7B9B818EE102A938943F04A
:10E1500040039381FFF715BACDCCCCCC40320020E0
:10E1600070B50C468989ADF58E6D21F00201ADF8D0
:10E170001410616E1B91E189ADF81610E1690991E7
:10E18000616A0B911CA9029106914FF480610646C9
:10E190000491079118A80021CDE900320891F9F700
:10E1A0004DFEDDE9003202A93046FFF713F8051EE7
:10E1B00007DB02A93046F8F7AFFB002818BF4FF085
:10E1C000FF35BDF814305B0603D5A38943F0400347
:10E1D000A3811898F9F734FE28460DF58E6D70BDB1
:10E1E00070B500294BD006460C4610B1436B002B8E
:10E1F00048D0636ED80734D5B4F90C30002B3ED02C
:10E2000021463046F8F7F0FAE36A054633B1E16992
:10E21000304698470028B8BF4FF0FF35A3891A064B
:10E220003CD4216B41B104F14003994202D0304605
:10E23000FAF746F900232363616C21B13046FAF7FF
:10E240003FF900236364F8F77FFC636E0022DB076D
:10E25000A2811FD5A06DF9F7F3FDF8F77BFC2846E6
:10E2600070BDA3899905CBD4A06DF9F7EBFDB4F986
:10E270000C30002BC4D1656E15F0010505D00025CA
:10E28000284670BDF8F742FCB3E7A06DF9F7DCFD56
:10E29000284670BDA06DF9F7D7FDDBE72169304650
:10E2A000FAF70EF9BDE700BF2DE9F0418B890C4666
:10E2B000990796B008D504F143030122C4E904325A
:10E2C000236016B0BDE8F081B4F90E1000290646AF
:10E2D00025DB6A4600F0F4F800281FDB019D05F4F9
:10E2E0007045A5F50055B5FA85F54FF480686D09C0
:10E2F0004FF4006741463046F6F746FDE0B1B4F909
:10E300000C30C4F8148043F0800320602061A381A6
:10E3100035BB3B43A38116B0BDE8F081A38913F060
:10E32000800519D04FF040080025414630462F4661
:10E33000F6F72AFD0028E2D1B4F90C309A05C0D4D2
:10E3400023F0030304F1430243F002030121C4E973
:10E350000421A3812260B4E74FF480682F46C9E707
:10E36000B4F90E10304600F0C1F810B9B4F90C3011
:10E37000CFE7A38923F0030343F001031BB2C8E7EF
:10E380002DE9F04782B0824688461446F9F7C0FC72
:10E39000012803D108F1FF33FE2B36D90DF1040912
:10E3A000424604F15C034946504601F017F8421C0E
:10E3B000064632D020B39DF804C0002509E023684A
:10E3C0005A1C226083F800C00135B54218D219F8F2
:10E3D00001CFA368013B002BA360F0DAA769BB4221
:10E3E00061462246504602DBBCF10A0FE7D1F8F73E
:10E3F0006BFF431CE8D10646304602B0BDE8F0870B
:10E400004646304602B0BDE8F0875FFA88FC8DF8DA
:10E4100004C006460DF10409CFE7A389304643F056
:10E420004003A38102B0BDE8F08700BF30B5536E52
:10E4300013F0010FB2F90C30144683B005469AB2BE
:10E4400001D198051CD5900406D4626E43F40053A4
:10E4500042F40052A381626622462846FFF790FFED
:10E46000636EDA07054602D4A3899B0502D52846C8
:10E4700003B030BDA06DF9F7E7FC284603B030BD0E
:10E48000A06D0191F9F7DEFCB4F90C3001999AB254
:10E49000D9E700BF71B1034600EB010C01E0634511
:10E4A00006D01A46013311780029F8D1101A7047A6
:10E4B000181A70470846704700487047E4770020F4
:10E4C00070B50C46084D03460026204611461C46F2
:10E4D0002E60EBF765FD431C00D070BD2B68002B50
:10E4E000FBD0236070BD00BFC8B2002038B5074D17
:10E4F0000022044608462A60EBF758FD431C00D072
:10E5000038BD2B68002BFBD0236038BDC8B200207B
:10E5100030B482B08DED000B019A194C22F000430B
:10E520000021A342016021DC009C1C431ED0154C3D
:10E53000144054B99FED107B20EE077B8DED007BDE
:10E54000019A6FF0350122F0004322F0FF42DDE92D
:10E55000004522F4E00242F07F551B1545F40015FA
:10E56000A3F2FE33CDE900450B4403609DED000BA3
:10E5700002B030BC704700BF0000000000005043F4
:10E58000FFFFEF7F0000F07F00B50B4C25681446BD
:10E59000EE681A4685B003460D464CB10749009512
:10E5A000CDE901143046064900F04AFFEBF704FDBF
:10E5B00004490C46F3E700BF7C7C0020FC2A0020C5
:10E5C0000C2B0020380C00202DE9F04F03690C695A
:10E5D000A34283B0C0F28780013C01F11405A3007F
:10E5E00000F11408009355F8243058F82420013322
:10E5F00081469A4208EB840005EB84070190B2FB48
:10E60000F3F63BD34FF0000CAE464046E24663467D
:10E610005EF804BB02681FFA8BFC06FB0C334FEA62
:10E62000134C4FEA1B4B06FB0BCC9BB2AAEB03032C
:10E630001FFA8CFA13FA82F3CAEB124202EB23425E
:10E640009BB243EA0243774540F8043B4FEA224A33
:10E650004FEA1C43DCD2009B58F8033073B9019B8E
:10E66000043B984504D307E0984504F1FF3403D2F6
:10E6700053F80429002AF7D0C9F810404846FAF7A1
:10E6800029FF00282BDB01364146002355F8040BF7
:10E69000D1F800C082B29A1A030C12FA8CF2C3EBC2
:10E6A0001C4303EB224392B242EA0342AF4241F8D9
:10E6B000042B4FEA2343E9D258F8242008EB8403C3
:10E6C0006AB9043B984504D307E0984504F1FF3448
:10E6D00003D253F80429002AF7D0C9F81040304675
:10E6E00003B0BDE8F08F002003B0BDE8F08F00BF9D
:10E6F0002DE9F04F2DED028B8FB08DED020B0191C6
:10E70000816B1A9D059357EC106B0446934641B1FB
:10E71000C26B4A60012393408B60FAF723FC00230D
:10E72000A363B7F10008B4BF012300232B60BE4BE5
:10E73000BCBF28F00048CDF80C8033EA080300F095
:10E740009F809DED028BB5EE408BF1EE10FA11D15A
:10E75000059A012313601B9B002B00F03F82B34BF3
:10E760001B9A1360013B009300980FB0BDEC028B25
:10E77000BDE8F08F0CAA0DA92046B0EE480BFBF7C0
:10E7800009F85FEA1853054640F09280DDE90C1362
:10E790000B4403F23242202A40F3FA82C2F14002D3
:10E7A00008FA02F803F21242D64048EA060207EEDF
:10E7B000102AB8EE477B581E17EE906A53EC172BC1
:10E7C0004FF0010AA6F1F8739FED913B9FED927B0C
:10E7D0009FED935B06EE900A43EC122BB8EEE64BEE
:10E7E000B7EE086B32EE466BA6EE037BA4EE057B1C
:10E7F000FDEEC76BB5EEC07BF1EE10FA16EE907A27
:10E8000008D5B8EEE66BB4EE476BF1EE10FA18BF20
:10E8100007F1FF37162F00F24581854B03EBC70345
:10E8200093ED007BB4EEC78BF1EE10FA57D5091AC1
:10E830000023B1F1010807F1FF370A9300F1398194
:10E8400000230693002F52DA069B0497DB1B0693E6
:10E850007B420893019B092B4FF000074ED8052BF4
:10E8600040F39D82043B01930026019B9A1E032ADC
:10E8700000F22581DFE812F0AA03A7039D037E03BF
:10E88000059AC8F3130842F20F7358EA060813609A
:10E890001ED11B9B002B00F09185664B0093083323
:10E8A0001B9A009813600FB0BDEC028BBDE8F08F8F
:10E8B00018EE906AC6F31306A3F2FF3053EC182B40
:10E8C00046F07F530C994FF0000A43F440137BE766
:10E8D0001B9B002B40F03B83574B009344E7091AE6
:10E8E0000023B1F101080A9300F1E38006930023AD
:10E8F0000893019B0497092BB844B0D90023012643
:10E90000019307964FF0FF399B460021E163CDF854
:10E910002C902046FAF700FB0090002800F040857C
:10E92000009BA363B9F10E0F00F2DC80002E00F013
:10E93000D980049B002B40F3DE833D4A03F00F0196
:10E9400002EBC10292ED007B1A11DB0540F18283DC
:10E950003A4991ED086B02F00F02032088EE065B46
:10E960005AB13649D60704D591ED006B013027EE38
:10E97000067B521001F10801F4D185EE076B0A9B6A
:10E980003BB1B7EE007BB4EEC76BF1EE10FA00F1CD
:10E99000AE8407EE900AB8EEE75BB1EE0C7BA5EE15
:10E9A000067B17EE902A51EC170BA2F15071B9F1CA
:10E9B000000F00F08883049E4A46079B002B00F05E
:10E9C0004784B6EE003B1A4BFDEEC64B03EBC20C80
:10E9D000B8EEE47B36EE477B1CED026B83EE065B04
:10E9E00041EC160B14EE900A35EE465B0099B4EE3E
:10E9F000C75B3030F1EE10FA01F8010B00F3AC8484
:10EA0000B7EE002BB2EE044B4FF0000C31E000BF2C
:10EA100061436F63A787D23FB3C8608B288AC63F24
:10EA2000FB799F501344D33F0000F07F55690020CD
:10EA3000A8020020A4310020B03100208002002074
:10EA40000CF1010C94454DDA27EE047B25EE045BB6
:10EA5000FDEEC76B16EE903AB8EEE63B303337EE7C
:10EA6000437BB4EEC57BF1EE10FA01F8013B00F1F7
:10EA7000738432EE476BB4EEC56BF1EE10FADFD55E
:10EA8000009A049602E08A4200F05084894611F808
:10EA9000013D392BF7D00133DBB20B70049B0133FE
:10EAA000049355E1091A0123B1F101080A937FF596
:10EAB000C7AEC1F1010306934FF00008C2E600267D
:10EAC000E66331462046FAF727FA0090002800F066
:10EAD0006784009BA3634FF0FF330B939946012398
:10EAE000B34607930D9A002A55DB04990E2952DC90
:10EAF000B74BBBF1000F03EBC10393ED006B15DACD
:10EB0000B9F1000F12DC40F0F282B1EE047B26EE88
:10EB1000077BB4EEC78BF1EE10FACA464E4600F200
:10EB20006D82DDF800806FEA0B0B70E288EE067BE9
:10EB3000BDEEC77B009917EE103AB9F1010F03F152
:10EB40003003B8EEC75B01F8013BA5EE468B00F041
:10EB50003483B2EE044B012311E088EE067BBDEE58
:10EB6000C77B013317EE102A4B4502F13002B8EE95
:10EB7000C75B01F8012BA5EE468B00F01E8328EE43
:10EB8000048BB5EE408BF1EE10FAE6D1049B013315
:10EB900004938946DCE0079B43B3019B012B40F3C0
:10EBA0007682089B09F1FF3A534580F23F82089B29
:10EBB000CDF820A0AAEB030217444FF0000AB9F1E8
:10EBC000000FC0F22583069B09934B44C84406936B
:10EBD00001212046FAF7CAFA06460CE07D4B009365
:10EBE00000980FB0BDEC028BBDE8F08F069BDDF8FE
:10EBF00020A0079E0993099B6BB1B8F1000F0ADDB5
:10EC0000434506991A46A8BF4246891A9B1A06919F
:10EC10000993A8EB0208089B63B1079B002B00F047
:10EC2000A782BAF1000F00F30482089BB3EB0A023B
:10EC300040F0FF8201212046FAF798FA002F824621
:10EC400000F3AF80019B012B40F3878100230893E1
:10EC50000120002F40F0B180404410F01F0000F070
:10EC60007A81C0F12002042A00F3888040F0F68106
:10EC7000069B002B05DD29461A462046FAF7B2FB13
:10EC80000546B8F1000F05DD514642462046FAF729
:10EC9000A9FB82460A9B002B40F03F81B9F1000F8F
:10ECA00040F32581079B002B40F0A380049B013398
:10ECB0000493DDF80080012707E0294600230A229B
:10ECC0002046FAF759F90137054651462846FFF71D
:10ECD0007BFCB94500F1300008F8010BEDDCB9F11F
:10ECE000000F009ACCBFCB464FF0010B0346934474
:10ECF00000272946012220460193FAF773FB51466B
:10ED00000546FAF7E7FB002840F3AF811BF8013C0A
:10ED1000009A0BF1FF3B04E05A4500F0B1811BF86B
:10ED2000013D392B0BF10109F6D001338BF800308E
:10ED300051462046FAF716F956B12FB1B74203D023
:10ED400039462046FAF70EF931462046FAF70AF915
:10ED500029462046FAF706F9002389F80030DDE954
:10ED600004231A601B9B002B3FF4FEAC0098C3F8F1
:10ED700000900FB0BDEC028BBDE8F08FC0F11C001D
:10ED8000069B03440693099B0344099380446FE761
:10ED9000C2F1200206FA02F207EE102A09E5012666
:10EDA00063E501463A462046FAF7BCFA019B012B7F
:10EDB000824640F3C58100230893DAF810200AEB5D
:10EDC00082021069FAF782F9C0F1200044E700BF1F
:10EDD000A802002054690020314600230A22204660
:10EDE000FAF7CAF80B9B002B064640F3CE82049735
:10EDF0009946099B002B05DD31461A462046FAF755
:10EE0000F1FA0646089B002B40F0EB81B046029BCE
:10EE1000009F03F001027B1E4B440893019B0A9262
:10EE20001343099351462846FFF7CEFB31468346EC
:10EE30002846FAF74FFB4246514681462046FAF7EC
:10EE40006BFBC26801460BF13003002A42D1CDE9C9
:10EE500006032846FAF73EFB069902902046FAF789
:10EE600081F8029A079B1AB90999002900F07E825D
:10EE7000B9F1000FC0F28381019949EA01090A99A9
:10EE800051EA090900F07B81002A00F3C681089A43
:10EE90003B7007F101099742CB4600F0C481294637
:10EEA00000230A222046FAF767F846450546314610
:10EEB0004FF000034FF00A02204612D0FAF75CF838
:10EEC0004146064600230A222046FAF755F84F46E7
:10EED0008046A7E720460293FAF744F8029B0122F6
:10EEE000C6E7FAF749F84F46064680469AE7019B7F
:10EEF000022B71DC079B002B7FF47BAF049B5146F8
:10EF0000013328460493FFF75FFBDDF800B000F102
:10EF100030030BF8013B0027EBE651462846FAF791
:10EF2000D9FA0028BFF6BAAE294600230A222046A5
:10EF3000FAF722F8049B5F1E079B0546002B7FF41F
:10EF40004BAF0B9B002B40F318829946B1E6BC4BAC
:10EF500000930333A4E41C2012E7DDE9020100283A
:10EF60007FF474AEC1F31302002A00F0F480029B18
:10EF700008936DE601230793049B5B4403F10109A9
:10EF8000B9F1010FCC460B93B8BF4FF0010C002133
:10EF9000BCF1170FE1637FF7BCAC012004225200E3
:10EFA00002F114036345014600F10100F7D9E16362
:10EFB000AFE401230793BBF1000F52DDCDF82CB075
:10EFC000D946DC46E3E700230793D5E70023079300
:10EFD000F1E7DDF82C900497B9F1000F7FF4A1ADB3
:10EFE00051464B4605222046F9F7C6FF01468246A8
:10EFF0002846FAF76FFA00287FF793AD049B03F1D8
:10F00000010B009B3122984603F8012B00935146D7
:10F010002046F9F7A7FF0BF10103DDF800900493F8
:10F02000CDF80080002E7FF48FAE91E6A3EB0A0AA4
:10F03000C5E5314652462046FAF774F92A4601469C
:10F0400006462046FAF7C0F8294605462046F9F755
:10F0500089FFEAE50220B0EE485B81E4C0F13C00A4
:10F060008EE64FF0010BD9464FE403D1019BDB073D
:10F070003FF54CAED9461BF8013D302BFAD057E690
:10F08000049B009A013304933123137050E6BAF1C4
:10F09000000F00F0238102F23342069B09931344D0
:10F0A000DDF820A00693904492E507EE900AB1EEB9
:10F0B0000C5BB8EEE77BA6EE075B15EE902A51ECF1
:10F0C000150BA2F1507141EC150BB1EE047B36EE3D
:10F0D000477BB4EEC57BF1EE10FA00F33781B1EE59
:10F0E000455BB4EEC57BF1EE10FA7FF5FBAC4FF05B
:10F0F000000A564615E500F0F580049B51495A4236
:10F1000002F00F0001EBC00191ED006B121128EE2F
:10F11000066B00F04281B0EE467B4B490026022090
:10F12000D30705D591ED005B0130012627EE057B65
:10F13000521001F10801F3D1002E06FE076B1EE408
:10F14000029B002B7FF437AEDDE90201C1F313020D
:10F15000002A40F037813D4A0A40002A00F0FA8038
:10F16000069B01330693012308F1010808936FE51C
:10F170002946089A2046FAF7D5F805465AE5002AA6
:10F1800012DD2946012220460193FAF72BF9514658
:10F190000546FAF79FF90028019B40F3E180392BDF
:10F1A00000F0CA800BF13103B94609F8013B049B1A
:10F1B0000133374604934646BAE538EE088BB4EE81
:10F1C000C68BF1EE10FA0ADCB4EE468BF1EE10FAC3
:10F1D0007FF4DCAC17EE103AD8077FF5D7AC009A75
:10F1E00054E471682046F9F797FE0746002800F0BE
:10F1F000DE80336902339A0006F10C010C30E9F726
:10F20000EDFD394601222046FAF7ECF88046FEE58E
:10F21000069BA3EB09030993DAE4392B00F08C80F9
:10F22000B9460133C1E7049A013237460492464693
:10F230005FE529462046FAF775F80546FAE400BF6F
:10F24000B0310020A8020020800200200000F07FE2
:10F250005E4BFDEEC65B03EBC20C1CED023BB8EE51
:10F26000E57B36EE477B41EC160B15EE901A23EE4C
:10F27000063B00983031012A00F8011B00F0838022
:10F28000B2EE044B009B991827EE047BFDEEC76B92
:10F2900016EE903A303300F8013B8142B8EEE65B5F
:10F2A00037EE457BF0D1B6EE006B33EE065BB4EE85
:10F2B000C75BF1EE10FA3FF5E3AB36EE436BB4EE0D
:10F2C000C76BF1EE10FA7FF70DAC8946013919F8DA
:10F2D000013C302BF9D0731C049339E50C9AC2F130
:10F2E0003602DAE60220B0EE486BFFF748BBB9F110
:10F2F000000F3FF4DAAE0B9A002A7FF7F3ABB2EEC1
:10F30000044B26EE046B013007EE900A049BB8EE26
:10F31000E75BB1EE0C7BA6EE057B17EE90CA51ECD5
:10F32000170B5E1EACF15071FFF747BB049B013316
:10F3300004933123FFF7B1BB049BBB460133049315
:10F34000392337460BF8013B4646E1E44FF0000A0B
:10F35000564653E608927BE4731C04938946F7E40F
:10F360007FF422AFDA077FF51FAF18E7392BE3D020
:10F37000B9F1000F3FF716AF16E7019B022B3FF7DD
:10F3800028AE0497BAE501468DE7019B022B3FF7B3
:10F3900020AEDDF82C9004972BE50220FFF7EFBAA2
:10F3A0000B4B0C48002240F2AF11FFF7EDF8084B71
:10F3B00008483A4640F2EF21FFF7E6F8064B009383
:10F3C000FFF7D2B9029B0893F7E400BFA802002020
:10F3D000A42E0020B4310020A431002070B50546D1
:10F3E00084B05BB11C4669B10E4B2846D3F8E0608F
:10F3F0002346B047431C0FD004B070BD00F58274A3
:10F400000029F1D1074A2346D2F8E06028460A468F
:10F4100001A9B047431CEFD100228A2322602B6050
:10F4200004B070BDF476002010B582B0049CCDE924
:10F4300000344FF0FF3300F01BF902B010BD00BFE5
:10F440000EB410B583B005AB064C53F8042B0193F2
:10F4500001462068FDF7BEFE03B0BDE8104003B0D2
:10F46000704700BF7C7C00202DE9F04F936817683F
:10F4700083B09246002B70D081468A6808680C469B
:10F48000083743E0A38913F4906F2ED0D4E9041613
:10F49000A0EB010806EB460606EBD67608F1010064
:10F4A00076102844B042324684BF064632465B0599
:10F4B00037D511464846F5F767FC019000283AD049
:10F4C00042462169E9F78AFCA289019B22F49062F5
:10F4D00042F08002A281A6EB080203EB08006661FD
:10F4E000A260236120602E46A84642465946F8F79E
:10F4F0000BF8DAF80830A2682068921B40445B1BC6
:10F50000A2602060CAF808303BB3083757E902B55B
:10F51000002DFAD0AA4216469046B3D92E46A846E8
:10F52000E3E74846F5F7F8FE03460028D3D1216902
:10F530004846F8F7C5FFA3890C2243F04003C9F8F9
:10F5400000204FF0FF30A38100220023CAF80820DA
:10F55000CAF8043003B0BDE8F08F00200023CAF8D9
:10F56000043003B0BDE8F08F2DE9F04F8BB0DDE93A
:10F57000158A149F0391814605921E46B8F1000F2B
:10F580005CD0039B002B5ED0059B1D68002F6AD0CA
:10F59000741E4EB3039B0493043D002601950BE0BB
:10F5A000039B2BBB019B1A68002A3AD0BC455CD256
:10F5B000013C631C664617D0D8F800300293019BCB
:10F5C000DAF8E05053F8042F019307A94346484660
:10F5D000D8F804B0A847421C3AD000EB060CBC4552
:10F5E000DED9029BC8E9003B30460BB0BDE8F08F86
:10F5F00000280EDD049B019D18445A1E07A900F146
:10F60000FF3E11F8013B02F8013F7245F9D1019527
:10F610000490059B1A6804321A60019B1A68002A3C
:10F62000C4D1039B0BB1059B1A600CF1FF3600227D
:10F630003046C8F800200BB0BDE8F08F039B00F502
:10F640008678002BA0D1059B4FF0FF371D689FE700
:10F6500006468A2100223046C9F80010C8F800206A
:10F660000BB0BDE8F08F3E46BEE76646BCE700BF84
:10F6700010B584B0054C0698009007980190044896
:10F6800000680294FFF770FF04B010BDF47600200C
:10F690007C7C002081F0004102E000BF83F0004349
:10F6A00030B54FEA41044FEA430594EA050F08BF1D
:10F6B00090EA020F1FBF54EA000C55EA020C7FEAE1
:10F6C000645C7FEA655C00F0E2804FEA5454D4EB5E
:10F6D0005555B8BF6D420CDD2C4480EA020281EA28
:10F6E000030382EA000083EA010180EA020281EA60
:10F6F0000303362D88BF30BD11F0004F4FEA0131B2
:10F700004FF4801C4CEA113102D0404261EB4101C0
:10F7100013F0004F4FEA03334CEA133302D0524246
:10F7200063EB430394EA050F00F0A780A4F1010402
:10F73000D5F1200E0DDB02FA0EFC22FA05F280183C
:10F7400041F1000103FA0EF2801843FA05F3594122
:10F750000EE0A5F120050EF1200E012A03FA0EFCA1
:10F7600028BF4CF0020C43FA05F3C01851EBE371CB
:10F7700001F0004507D54FF0000EDCF1000C7EEBE8
:10F7800000006EEB0101B1F5801F1BD3B1F5001F26
:10F790000CD349085FEA30004FEA3C0C04F1010445
:10F7A0004FEA445212F5800F80F09A80BCF1004F6E
:10F7B00008BF5FEA500C50F1000041EB045141EAF0
:10F7C000050130BD5FEA4C0C404141EB0101013CB9
:10F7D00028BFB1F5801FE9D291F0000F04BF0146A8
:10F7E0000020B1FA81F308BF2033A3F10B03B3F17A
:10F7F00020020CDA0C3208DD02F1140CC2F10C020A
:10F8000001FA0CF021FA02F10CE002F11402D8BF67
:10F81000C2F1200C01FA02F120FA0CFCDCBF41EA33
:10F820000C019040E41AA2BF01EB0451294330BD02
:10F830006FEA04041F3C1CDA0C340EDC04F11404DF
:10F84000C4F1200220FA04F001FA02F340EA0300B6
:10F8500021FA04F345EA030130BDC4F10C04C4F1FC
:10F86000200220FA02F001FA04F340EA03002946DC
:10F8700030BD21FA04F0294630BD94F0000F83F426
:10F88000801306BF81F480110134013D4EE77FEA09
:10F89000645C18BF7FEA655C29D094EA050F08BF55
:10F8A00090EA020F05D054EA000C04BF1946104636
:10F8B00030BD91EA030F1EBF0021002030BD5FEA7A
:10F8C000545C05D14000494128BF41F0004130BDA2
:10F8D00014F580043CBF01F5801130BD01F00045F6
:10F8E00045F0FE4141F470014FF0000030BD7FEA69
:10F8F000645C1ABF194610467FEA655C1CBF0B4664
:10F90000024650EA013406BF52EA033591EA030F7A
:10F9100041F4002130BD00BF90F0000F04BF002172
:10F92000704730B54FF4806404F132044FF00005A5
:10F930004FF0000150E700BF90F0000F04BF00211E
:10F94000704730B54FF4806404F1320410F0004584
:10F9500048BF40424FF000013EE700BF42004FEA7F
:10F96000E2014FEA31014FEA02701FBF12F07F43FC
:10F9700093F07F4F81F06051704732F07F4208BFB3
:10F98000704793F07F4F04BF41F40021704730B5BA
:10F990004FF4607401F0004521F000411CE700BF06
:10F9A00050EA010208BF704730B54FF000050AE089
:10F9B00050EA010208BF704730B511F0004502D58A
:10F9C000404261EB41014FF4806404F132045FEA8C
:10F9D000915C3FF4D8AE4FF003025FEADC0C18BF35
:10F9E00003325FEADC0C18BF033202EBDC02C2F127
:10F9F000200300FA03FC20FA02F001FA03FE40EAB9
:10FA00000E0021FA02F11444BDE600BF08B502461B
:10FA10000B4643EC172BB5EEC07BF1EE10FA03D486
:10FA2000BDE8084000F00CB8B1EE477B51EC170B75
:10FA300000F006F8404261EB410108BD0000000003
:10FA40009FED0B6B41EC170B9FED0B5B27EE066BED
:10FA5000BCEEC66BB8EE464BA4EE457BFCEEC77B16
:10FA600016EE101A17EE900A704700BFAFF3008031
:10FA7000000000000000F03D000000000000F04128
:10FA80005FF800F0211A00605FF800F0551900607F
:10FA90005FF800F0D92600605FF800F0F11E00600A
:10FAA0005FF800F0511800605FF800F0051E00607C
:10FAB0005FF800F0C91E00605FF800F08917006071
:10FAC0005FF800F0D51900605FF800F0051F0060D6
:10FAD0005FF800F0991900605FF800F0852600607B
:08FAE00000000000000000001E
:04FAE800F8B500BFAE
:10FAEC0008B10181B0B0008400000000FDD5FE7F9C
:10FAFC00B0A80100FFFF010810041E001A0E000040
:10FB0C00E9D5FE7FB0A80100FFFF010810041E001C
:10FB1C001A0E000008B10181B0B000840000000092
:10FB2C0008B10181B0B0008400000000BDD5FE7F9B
:10FB3C00B0AF1200FF101901101E84070000C4079B
:10FB4C00048E0901B0080400000100000000000050
:10FB5C0099D5FE7F8408B101B0B0B000FF100D0143
:10FB6C0004020608010100000000000008B1018138
:10FB7C00B0B000840000000008B10181B0B0008476
:10FB8C000000000065D5FE7FB0AA0100FF1029011E
:10FB9C0018323000006C04A40103762E0000C00162
:10FBAC0018E80100E2010E00000200017D000000D7
:10FBBC00000000000855FD1F31D5FE7FB0AB0200E0
:10FBCC00FFFF01081C4A66006C0400001DD5FE7F77
:10FBDC00B0AF0400FF1019010F320A3C018401423E
:10FBEC00CC0100D401040000010000000000000062
:10FBFC00F9D4FE7FA908B100FFFF010008B1018113
:10FC0C00B0B000840000000008B10181B0B00084E5
:10FC1C000000000000CEFE7F0100000004CEFE7F3D
:10FC2C00C0FEFF7F1CCEFE7FC4FEFF7F44CEFE7F56
:10FC3C00D0FEFF7F6CCEFE7F010000009CCEFE7FCD
:10FC4C00D4FEFF7FB4CEFE7F01000000F0CEFE7F1D
:10FC5C00B0AA03801CCFFE7F0100000040D1FE7FC4
:10FC6C00B0AB0280E8D1FE7F01000000E4D2FE7F41
:10FC7C00B0B0AA809CD3FE7FA8FEFF7FDCD3FE7FB2
:10FC8C00AB08B18064D4FE7FA4FEFF7FF0D8FE7F6A
:10FC9C00C0FEFF7FF8D8FE7F0100000004D9FE7F74
:10FCAC00CCFEFF7F04D9FE7FD0FEFF7F10D9FE7FF4
:10FCBC000100000028D9FE7F008402806CD9FE7FF1
:10FCCC0001000000BCD9FE7FB0A80180ECD9FE7FFA
:10FCDC00B0B0A88054DAFE7F0100000034DBFE7F58
:10FCEC00B0B0AC8058DBFE7F0100000084DBFE7FEF
:10FCFC0094FEFF7F88DCFE7F0100000094DDFE7F18
:10FD0C00B8FEFF7F0CDEFE7FB0B0A88090DEFE7FD9
:10FD1C00010000007C3EFF7FB4FEFF7F583FFF7F59
:10FD2C00D0FEFF7FCC3FFF7F010000000441FF7F2E
:10FD3C00B0A902809441FF7FB0B0A880E441FF7F5E
:10FD4C0001000000EC41FF7FB0B0AA802042FF7F91
:10FD5C00AE71B280E442FF7FAB3F38804443FF7FFB
:10FD6C00010000004C43FF7FB0B0AA808843FF7FA6
:10FD7C00010000003844FF7FAA0DB280B444FF7F1D
:10FD8C00B0AF08805447FF7F010000006447FF7F3D
:10FD9C00AD3F02800C4AFF7F01000000E84BFF7F63
:10FDAC0000840480FC4BFF7F01000000F84BFF7FB8
:10FDBC00B0AD04807C4EFF7FB0A80380A04EFF7FC7
:10FDCC003CFEFF7FA44EFF7F40FEFF7FB04EFF7FC7
:04FDDC000100000022
:10FDE0000000000000000000000000000000000013
:10FDF0000000000000000000000000000000000003
:10FE000000000000000000000000000000000000F2
:10FE100000000000000000000000000000000000E2
:10FE200000000000000000000000000000000000D2
:10FE300000000000000000000000000000000000C2
:10FE400000000000000000000000000000000000B2
:10FE500000000000000000000000000000000000A2
:10FE60000000000000000000000000000000000092
:10FE70000000000000000000000000000000000082
:10FE80000000000000000000000000000000000072
:10FE90000000000000000000000000000000000062
:10FEA0000000000000000000000000000000000052
:10FEB0000000000000000000000000000000000042
:10FEC0000000000000000000000000000000000032
:10FED0000000000000000000000000000000000022
:10FEE0000000000000000000000000000000000012
:10FEF0000000000000000000000000000000000002
:10FF000000000000000000000000000000000000F1
:10FF100000000000000000000000000000000000E1
:10FF200000000000000000000000000000000000D1
:10FF300000000000000000000000000000000000C1
:10FF400000000000000000000000000000000000B1
:10FF500000000000000000000000000000000000A1
:10FF60000000000000000000000000000000000091
:10FF70000000000000000000000000000000000081
:10FF80000000000000000000000000000000000071
:10FF90000000000000000000000000000000000061
:10FFA0000000000000000000000000000000000051
:10FFB0000000000000000000000000000000000041
:10FFC0000000000000000000000000000000000031
:10FFD0000000000000000000000000000000000021
:10FFE0000000000000000000000000000000000011
:10FFF0000000000000000000000000000000000001
:02000004600397
:1000000000000000000000000000000000000000F0
:1000100000000000000000000000000000000000E0
:1000200000000000000000000000000000000000D0
:1000300000000000000000000000000000000000C0
:1000400000000000000000000000000000000000B0
:1000500000000000000000000000000000000000A0
:100060000080E03779C34143176E05B5B5B89346B4
:10007000F5F93FE9034F384D321D30F94877825A80
:100080003CBF737FDD4F1575000000000000F03F9E
:100090000000000000002440000000000000594063
:1000A0000000000000408F40000000000088C340B6
:1000B00000000000006AF8400000000080842E412B
:1000C00000000000D01263410000000084D7974177
:1000D0000000000065CDCD41000000205FA002427D
:1000E000000000E876483742000000A2941A6D42F2
:1000F000000040E59C30A2420000901EC4BCD642E5
:1001000000003426F56B0C430080E03779C341438F
:1001100000A0D8855734764300C84E676DC1AB4305
:10012000003D9160E458E143408CB5781DAF154423
:1001300050EFE2D6E41A4B4492D54D06CFF08044FE
:10014000F64AE1C7022DB544B49DD9794378EA4413
:10015000BC89D897B2D29C3C33A7A8D523F649399D
:100160003DA7F444FD0FA5329D978CCF08BA5B25BF
:10017000436FAC64280668119426C0A8017E000075
:10018000010000000100000000000000000000006D
:10019000000000000000000000000000000000005F
:1001A000000000000000000000000000000000004F
:1001B000000000000000000000000000010000003E
:1001C000206D0020806D0020E06D0020406E00203A
:1001D000A06E0020006F0020606F0020C06F002024
:1001E00000000000000000802450414E44412C00DB
:1001F0002C0000002A0000000D0A000042794E6128
:100200007620636F6E666967202E2E2E0000000038
:1002100042794E617620736176656420636F6E6605
:10022000696720666F756E642E00000042794E612A
:10023000762066756C6C20636F6E666967207265E8
:100240007175697265642E0042794E617620636F24
:100250006E6669672066696E69736865642E000062
:100260004C6F6164696E672064656661756C7420AB
:1002700073657474696E67732E000000464C4153B9
:100280004800000052414D0055706461746520655E
:1002900072726F722E000000657261736520464CA9
:1002A00041534820627566666572202F206672652C
:1002B000652052414D206275666665722E2E2E0AAB
:1002C0000000000066775F7465656E7379343100F5
:1002D000746172676574203D202573202825644B66
:1002E00020666C61736820696E2025644B207365FD
:1002F00063746F7273290A00627566666572203DC9
:100300002025316C754B20257320282530386C58FA
:10031000202D202530386C58290A00007761697437
:10032000696E6720666F7220686578206C696E65FB
:10033000732E2E2E0A000000556E61626C652074CB
:100340006F206372656174652075706461746520E7
:100350006275666665722E00554E4C4F47414C4C97
:100360000000000052544B5459504520524F5645FE
:1003700052000000534554204F42534652455120ED
:100380003130000048454144494E474F46465345A9
:1003900054203930000000004455414C414E544532
:1003A0004E4E41504F574552204F4E0052544B54E1
:1003B000494D454F5554203530300000494E544585
:1003C00052464143454D4F444520434F4D31204116
:1003D00055544F204155544F00000000534E524396
:1003E00055544F4646203135000000004C4F472001
:1003F000434F4D31204B535854204F4E54494D4597
:1004000020302E310000000053415645434F4E46E8
:10041000494700005245424F4F540000636F6E74CD
:10042000656E742D6C656E6774683A00504F535456
:10043000000000002F0000002F70696E73000000A4
:10044000506F77657252656C617950696E0000007B
:100450005374656572696E6752656C617950696E37
:100460000000000057617350696E0000416E616CBE
:100470006F6750696E000000537465657253776949
:1004800074636850696E0000576F726B53776974BC
:10049000636850696E00000044697250696E000024
:1004A00050574D70696E00005265636569766572DC
:1004B00053657269616C506F7274000050617373A0
:1004C0005468724F757453657269616C506F7274C1
:1004D000000000005061737354687275496E536573
:1004E0007269616C506F727400000000494D555381
:1004F000657269616C506F72740000002F6D6F64DB
:1005000065730000475053536F75726365000000B8
:100510005374656572696E674D6F64650000000015
:10052000494D557479706500616473006175746F2D
:100530007A65726F000000007A65726F77617300F0
:100540002F6C6162656C00006C6162656C0000007C
:1005500050696E73202620506F7274730000000083
:100560003C683120616C69676E3D63656E746572CD
:100570003E50696E732026616D703B20506F72741F
:10058000733C2F68313E00003C666F726D206D65D4
:1005900074686F643D27706F73742720616374699A
:1005A0006F6E3D272F70696E73273E3C7461626CDD
:1005B0006520636C6173733D2763656E7465722794
:1005C0003E000000506F7765722072656C61792083
:1005D00070696E0053746565722072656C61792074
:1005E00070696E005741532070696E0043757272D6
:1005F000656E742070696E00537465657220737740
:10060000697463682070696E00000000576F726B38
:10061000207377697463682070696E004469722082
:1006200070696E0050574D2070696E0052656365A9
:10063000697665722073657269616C20706F72747F
:10064000000000005253323332206F757420706FF7
:1006500072740000525332333220696E20706F7210
:1006600074000000494D552073657269616C2070FB
:100670006F7274003C703E3C696E70757420636CE0
:100680006173733D27627574746F6E2D3732272046
:1006900069643D277375626D697442746E272074B6
:1006A0007970653D277375626D6974272076616C7A
:1006B00075653D2753617665202F205265737461FF
:1006C0007274273E3C2F703E000000003C2F666F86
:1006D000726D3E3C703E3C6120687265663D272F1E
:1006E000273E4261636B3C2F613E3C2F703E000011
:1006F0004D6F6465730000003C683120616C696770
:100700006E3D63656E7465723E4D6F6465733C2F1C
:1007100068313E003C666F726D206D6574686F6471
:100720003D27706F73742720616374696F6E3D2776
:100730002F6D6F646573273E3C7461626C65206346
:100740006C6173733D2763656E746572273E0000AC
:1007500047505320736F75726365000042794E6194
:1007600076000000463950202B20494D55000000EE
:100770005374656572696E67206D6F646500000073
:10078000537465657220746F6F6C000053746565F7
:10079000722074726163746F72000000494D5520BD
:1007A0007479706500000000544D3137310000004D
:1007B000424E4F303830000055736520414453316C
:1007C000313135004175746F2D7A65726F20574154
:1007D000530000005A65726F20574153206E6F77A7
:1007E00000000000426F617264204C6162656C0021
:1007F0003C683120616C69676E3D63656E7465723B
:100800003E426F617264204C6162656C3C2F6831BE
:100810003E0000003C666F726D206D6574686F6409
:100820003D27706F73742720616374696F6E3D2775
:100830002F6C6162656C273E3C7461626C6520635D
:100840006C6173733D2763656E746572273E0000AB
:100850003C74723E3C746420636C6173733D276C1E
:100860006162656C2D636F6C273E3C7370616E2016
:10087000636C6173733D276C6162656C2D6E6F7282
:100880006D616C273E4C6162656C3C2F7370616ECC
:100890003E3C2F74643E00003C696E7075742063AA
:1008A0006C6173733D27496E70757443656C6C277A
:1008B00020747970653D277465787427206D6178A0
:1008C0006C656E6774683D27313627206E616D65F3
:1008D0003D276C6162656C272076616C75653D27EC
:1008E000000000003C74723E3C746420636F6C73C3
:1008F00070616E3D2732273E3C64697620636C61EF
:1009000073733D27636F6E74726F6C2D77696474B7
:1009100068273E3C64697620636C6173733D276889
:10092000696E74273E557020746F203136206368DD
:1009300061726163746572732E2053757276697685
:1009400065732061206669726D77617265207265DA
:10095000666C6173682E3C2F6469763E3C2F646937
:10096000763E3C2F74643E3C2F74723E00000000C3
:100970003C703E3C696E70757420636C6173733DAE
:1009800027627574746F6E2D3732272069643D2796
:100990007375626D697442746E2720747970653D59
:1009A000277375626D6974272076616C75653D27C4
:1009B00053617665273E3C2F703E000048545450EA
:1009C0002F312E3120323030204F4B0D0A000000E5
:1009D000436F6E74656E742D547970653A2074653A
:1009E00078742F68746D6C0D0A000000436F6E6E92
:1009F000656374696F6E3A20636C6F73650D0A00EE
:100A0000436F6E74656E742D4C656E6774683A2022
:100A1000000000000D0A0D0A000000004455414C82
:100A2000414E54454E4E41504F5745520000000034
:100A300061626F7274202D20626164206865782085
:100A40006C696E650000000061626F7274202D2079
:100A50006D61782061646472657373202530386C31
:100A60005820746F6F206C617267650A0000000087
:100A700061626F7274202D206572726F7220253052
:100A8000325820696E20666C6173685F7772697492
:100A9000655F626C6F636B28290A0000454F460052
:100AA0005550444154452121210A00004C494E45EE
:100AB0005320444F4E54204D617463680A00000077
:100AC00061626F7274202D20696E76616C6964209A
:100AD00068657820636F64652025640A0000000063
:100AE0000A6865782066696C653A20253164206C57
:100AF000696E65732025316C752062797465732089
:100B0000282530386C58202D202530386C58290A7B
:100B1000000000004175746F53746565725465651B
:100B20006E7379004669726D7761726520566572E1
:100B300073696F6E3A207600496E76616C69642045
:100B4000526563656976657220506F72743A200051
:100B5000472D474741000000472D565447000000ED
:100B60005374617274696E67204144533131313579
:100B7000206174206164647265737320000000005A
:100B80004144533131313520666F756E642E00005B
:100B900041445331313135206E6F7420666F756E6C
:100BA000642E000041445331313135206469736152
:100BB000626C65642E0000005374617274696E6724
:100BC0002045746865726E6574202E2E2E0000001C
:100BD00045746865726E657420436F6E6E656374EC
:100BE00065642E0045746865726E6574204E6F747E
:100BF00020436F6E6E65637465642E00495020411A
:100C00006464726573733A200000000047505320FB
:100C1000706173732D7468726F756768206469738F
:100C200061626C65642E00004750532070617373DD
:100C30002D7468726F75676820656E61626C65649B
:100C40002E000000494D552073657269616C20705B
:100C50006F727420696E76616C69642E20494D55FF
:100C60002064697361626C65642E00005573696E5F
:100C70006720424E4F30383020494D552E0000003D
:100C80005573696E6720544D31373120494D552ECB
:100C900000000000494D552064697361626C656411
:100CA000202842794E6176206D6F6465292E000000
:100CB00046696E69736865642073657475702E008B
:100CC000436F6E6E656374696E6720746F20726522
:100CD000636569766572206F6E2073657269616CF9
:100CE00020706F727420000053746F7265642073FB
:100CF000657474696E6773206E6F742076616C69B9
:100D0000642E00004C6F6164696E672073746F72AB
:100D100065642073657474696E67732E000000004B
:100D20005570646174696E672073746F72656420B6
:100D3000646174612E000000253032642530382E45
:100D400035660000253033642530382E35660000C6
:100D5000252E3366000000004175746F537465657D
:100D600072205365747570003C683120616C69674E
:100D70006E3D63656E7465723E4175746F53746544
:100D800065723C2F68313E003C74723E3C746420B6
:100D9000636C6173733D276C6162656C2D636F6C6E
:100DA000273E495020416464726573733C2F74641C
:100DB0003E3C746420636C6173733D27696E70758B
:100DC000742D636F6C273E003C74723E3C7464204B
:100DD000636C6173733D276C6162656C2D636F6C2E
:100DE000273E4669726D776172652049443C2F74D5
:100DF000643E3C746420636C6173733D27696E705C
:100E000075742D636F6C273E000000003C74723EC9
:100E10003C746420636C6173733D276C6162656C24
:100E20002D636F6C273E426F617264204C61626576
:100E30006C3C2F74643E3C746420636C6173733D3E
:100E400027696E7075742D636F6C273E000000007B
:100E50003C2F7461626C653E000000003C703E3CBB
:100E60006120636C6173733D27627574746F6E2DBE
:100E700037322720687265663D272F70696E7327A9
:100E80003E50696E732026616D703B20506F727406
:100E9000733C2F613E3C2F703E0000003C703E3C96
:100EA0006120636C6173733D27627574746F6E2D7E
:100EB00037322720687265663D272F6D6F64657332
:100EC000273E4D6F6465733C2F613E3C2F703E00A2
:100ED0003C703E3C6120636C6173733D27627574A6
:100EE000746F6E2D37322720687265663D272F6C30
:100EF0006162656C273E426F617264204C6162657D
:100F00006C3C2F613E3C2F703E0000003C2F737004
:100F1000616E3E3C2F74643E3C746420636C61736C
:100F2000733D27696E7075742D636F6C273E3C644A
:100F3000697620636C6173733D27636F6E74726FA3
:100F40006C2D7769647468273E3C64697620636C15
:100F50006173733D27636865636B626F782D726F91
:100F600077273E3C64697620636C6173733D276329
:100F70006865636B626F782D6C656674273E000050
:100F80003C6C6162656C207374796C653D276469A3
:100F900073706C61793A696E6C696E652D666C650B
:100FA000783B616C69676E2D6974656D733A636532
:100FB0006E7465723B6761703A3870783B63757226
:100FC000736F723A706F696E7465723B273E0000F2
:100FD0003C696E70757420636C6173733D27737424
:100FE000796C65642720747970653D276368656353
:100FF0006B626F7827206E616D653D2700000000F1
:10100000272076616C75653D273127002063686570
:10101000636B6564000000003E3C2F6C6162656C90
:101020003E3C2F6469763E3C2F6469763E3C2F64DB
:1010300069763E3C2F74643E3C2F74723E00000083
:101040005361766564000000343B2075726C3D2F5F
:10105000000000003C683120616C69676E3D63658B
:101060006E7465723E53617665643C2F68313E0054
:101070003C7020636C6173733D2773746174757386
:1010800027207374796C653D27746578742D616CC5
:1010900069676E3A63656E746572273E5365747452
:1010A000696E67732073617665642E204D6F647579
:1010B0006C652069732072657374617274696E6700
:1010C0002668656C6C69703B3C2F703E0000000028
:1010D0003C7020636C6173733D2773746174757326
:1010E00027207374796C653D27746578742D616C65
:1010F00069676E3A63656E746572273E426F61720E
:1011000064206C6162656C2073617665642E3C2F8F
:10111000703E00003C70207374796C653D277465E7
:1011200078742D616C69676E3A63656E74657227B9
:101130003E3C6120687265663D272F273E486F6DF3
:10114000653C2F613E3C2F703E0000003C2F626FDB
:1011500064793E3C2F68746D6C3E00000C00080002
:101160000D0008001600100029002C001F001800B8
:101170002000180021001400220014002300140095
:10118000240014002B00440026616D703B00000019
:10119000266C743B000000002667743B00000000D2
:1011A0002671756F743B00003C74723E3C74642081
:1011B000636C6173733D276C6162656C2D636F6C4A
:1011C000273E3C7370616E20636C6173733D276CC6
:1011D0006162656C2D6E6F726D616C273E00000060
:1011E0003C2F7370616E3E3C2F74643E3C746420EF
:1011F000636C6173733D27696E7075742D636F6CDA
:10120000273E3C64697620636C6173733D27636F8E
:101210006E74726F6C2D7769647468273E000000ED
:101220003C73656C65637420636C6173733D27491F
:101230006E70757443656C6C27206E616D653D271B
:10124000000000003C6F7074696F6E2076616C75F1
:10125000653D2730270000002073656C6563746569
:10126000640000003C2F6F7074696F6E3E000000D8
:101270003C6F7074696F6E2076616C75653D2731C7
:10128000270000003C2F73656C6563743E3C2F643F
:1012900069763E3C2F74643E3C2F74723E00000021
:1012A00000190000D58F01000000000074C00F403D
:1012B000C0000000000000000200000050851F4038
:1012C00001000000340000000200000050851F40B3
:1012D00000000000010000000200000054851F40D3
:1012E00001000000350000000200000054851F408E
:1012F00000000000FF004000260018007C000000F5
:101300003C21444F43545950452068746D6C3E3C19
:1013100068746D6C3E3C686561643E3C6D657461EB
:1013200020636861727365743D277574662D382774
:101330003E0000003C6D657461206E616D653D2767
:1013400076696577706F72742720636F6E74656E4F
:10135000743D2777696474683D6465766963652DBB
:1013600077696474682C20696E697469616C2D7387
:1013700063616C653D312E30273E00003C6D657425
:101380006120687474702D65717569763D2772658A
:1013900066726573682720636F6E74656E743D278F
:1013A000000000003C7469746C653E003C2F746959
:1013B000746C653E000000003C7374796C653E00FF
:1013C00068746D6C207B20666F6E742D66616D692C
:1013D0006C793A2048656C7665746963612C2041AC
:1013E0007269616C2C2073616E732D73657269660E
:1013F0003B20646973706C61793A696E6C696E65E3
:101400002D626C6F636B3B206D617267696E3A3061
:10141000206175746F3B20746578742D616C696709
:101420006E3A63656E7465723B207D00626F64790D
:10143000207B206D617267696E2D746F703A353054
:1014400070783B206261636B67726F756E642D63A9
:101450006F6C6F723A77686561743B20666F6E746B
:101460002D66616D696C793A417269616C2C204816
:10147000656C7665746963612C2053616E732D53BE
:10148000657269663B207D006831207B20636F6C4C
:101490006F723A233434343434343B206D617267D4
:1014A000696E3A35307078206175746F2031327012
:1014B000783B20746578742D6465636F726174691C
:1014C0006F6E3A20756E6465726C696E653B207D47
:1014D0000000000068312E73756268656164207BCE
:1014E000206D617267696E3A323070782061757470
:1014F0006F20313270783B207D0000007461626C97
:10150000652E63656E746572207B206D61726769FC
:101510006E2D6C6566743A6175746F3B206D6172F7
:1015200067696E2D72696768743A6175746F3B20E4
:10153000626F726465722D636F6C6C617073653A73
:10154000636F6C6C617073653B207461626C652DB8
:101550006C61796F75743A66697865643B207D00CB
:1015600074642E6C6162656C2D636F6C207B2077D8
:10157000696474683A32303070783B2074657874EE
:101580002D616C69676E3A6C6566743B20706164AE
:1015900064696E673A38707820313270783B207613
:1015A0006572746963616C2D616C69676E3A6D690F
:1015B00064646C653B207D0074642E696E70757484
:1015C0002D636F6C207B2077696474683A33323006
:1015D00070783B2070616464696E673A3870782077
:1015E000313270783B20766572746963616C2D616D
:1015F0006C69676E3A6D6964646C653B207D0000C0
:101600002E636F6E74726F6C2D7769647468207BC3
:101610002077696474683A33323070783B206D61AA
:10162000782D77696474683A3930253B206D617292
:1016300067696E3A30206175746F3B20626F782D58
:1016400073697A696E673A626F726465722D626F50
:10165000783B207D000000002E496E707574436554
:101660006C6C207B20646973706C61793A626C6F7A
:10167000636B3B2077696474683A313030253B20D6
:101680006865696768743A333670783B20626F78B2
:101690002D73697A696E673A626F726465722D6242
:1016A0006F783B20746578742D616C69676E3A635E
:1016B000656E7465723B20666F6E742D73697A6512
:1016C0003A313870783B20666F6E742D77656967A4
:1016D00068743A3730303B2070616464696E673AF1
:1016E000347078203670783B207D00002E6275744F
:1016F000746F6E2D3732207B000000002020616C5B
:1017000069676E2D6974656D733A2063656E7465E3
:10171000723B000020206261636B67726F756E64BC
:101720002D636F6C6F723A20696E697469616C3BEE
:101730000000000020206261636B67726F756E6449
:101740002D696D6167653A206C696E6561722D6700
:1017500072616469656E7428726762612831373915
:101760002C203133322C203230312C202E383429A9
:101770002C20726762612835372C2033312C2039B8
:10178000312C202E38342920353025293B0000000B
:101790002020626F726465722D7261646975733A9C
:1017A00020343270783B00002020626F72646572D2
:1017B0002D77696474683A20303B00002020626F06
:1017C000782D736861646F773A207267626128359B
:1017D000372C2033312C2039312C20302E32342933
:1017E000203020327078203270782C20726762614D
:1017F000283137392C203133322C203230312C2013
:10180000302E342920302038707820313270783BE7
:10181000000000002020636F6C6F723A2023464660
:10182000464646463B0000002020637572736F7287
:101830003A20706F696E7465723B00002020646905
:1018400073706C61793A20696E6C696E652D666C97
:1018500065783B002020666F6E742D66616D696C43
:10186000793A20517569636B73616E642C207361E2
:101870006E732D73657269663B0000002020666FF1
:101880006E742D73697A653A20313870783B0000A8
:101890002020666F6E742D7765696768743A20370B
:1018A00030303B0020206A7573746966792D636F50
:1018B0006E74656E743A2063656E7465723B0000E9
:1018C00020206C65747465722D73706163696E6736
:1018D0003A202E3034656D3B0000000020206C69FA
:1018E0006E652D6865696768743A20313670783B9B
:1018F0000000000020206D617267696E3A2031326D
:101900007078206175746F3B0000000020207061CA
:101910006464696E673A20313270782031387078AB
:101920003B0000002020746578742D616C69676E3F
:101930003A2063656E7465723B0000002020746578
:1019400078742D6465636F726174696F6E3A206E8E
:101950006F6E653B000000002020746578742D7365
:101960006861646F773A2072676261283235352C7E
:10197000203235352C203235352C20302E3429209C
:10198000302030203470782C207267626128323524
:10199000352C203235352C203235352C20302E3266
:1019A000292030203020313270782C20726762611B
:1019B0002835372C2033312C2039312C20302E364D
:1019C000292031707820317078203470782C207282
:1019D0006762612835372C2033312C2039312C2097
:1019E000302E33322920347078203470782031360C
:1019F00070783B002020757365722D73656C65638C
:101A0000743A206E6F6E653B0000000020202D7739
:101A100065626B69742D757365722D73656C656392
:101A2000743A206E6F6E653B000000002020746FDA
:101A30007563682D616374696F6E3A206D616E69BC
:101A400070756C6174696F6E3B00000020207665D4
:101A500072746963616C2D616C69676E3A206261B2
:101A600073656C696E653B00202077696474683A21
:101A700033323070783B000020206D61782D77691B
:101A80006474683A3930253B0000000023737562A6
:101A90006D697442746E207B206D617267696E2D72
:101AA000746F703A20333670783B207D0000000060
:101AB000613A6C696E6B207B20666F6E742D736962
:101AC0007A653A313530253B207D00002E6368650C
:101AD000636B626F782D726F77207B2064697370FF
:101AE0006C61793A666C65783B20616C69676E2D34
:101AF0006974656D733A63656E7465723B206865E1
:101B0000696768743A343470783B20626F782D735B
:101B1000697A696E673A626F726465722D626F7876
:101B20003B207D002E636865636B626F782D6C656A
:101B30006674207B20646973706C61793A666C65A9
:101B4000783B20616C69676E2D6974656D733A63CB
:101B5000656E7465723B206A7573746966792D636E
:101B60006F6E74656E743A666C65782D737461720D
:101B7000743B207D00000000696E7075745B7479A1
:101B800070653D636865636B626F785D2E73747911
:101B90006C6564207B00000020202D7765626B69F6
:101BA000742D617070656172616E63653A206E6F4D
:101BB0006E653B20617070656172616E63653A208D
:101BC0006E6F6E653B000000202077696474683A90
:101BD000343470783B206865696768743A343470CF
:101BE000783B20646973706C61793A696E6C696ED8
:101BF000652D626C6F636B3B20706F736974696FE6
:101C00006E3A72656C61746976653B206D617267CE
:101C1000696E3A303B2070616464696E673A303BAC
:101C200020626F782D73697A696E673A626F7264A9
:101C300065722D626F783B002020626F726465725E
:101C40002D7261646975733A313070783B00000021
:101C500020206261636B67726F756E642D696D61C0
:101C600067653A206C696E6561722D67726164699F
:101C7000656E742872676261283137392C313332CE
:101C80002C3230312C2E3834292C20726762612896
:101C900035372C33312C39312C2E3834292035303E
:101CA00025293B002020626F782D736861646F776F
:101CB0003A20726762612835372C33312C39312C48
:101CC000302E323429203020327078203270782C37
:101CD0002072676261283137392C3133322C32302F
:101CE000312C302E34292030203870782031327059
:101CF000783B00002020637572736F723A706F69D1
:101D00006E7465723B20766572746963616C2D61D7
:101D10006C69676E3A6D6964646C653B206F7574BD
:101D20006C696E653A206E6F6E653B20626F7264FF
:101D300065723A2031707820736F6C696420726725
:101D400062612835372C33312C39312C302E323525
:101D5000293B0000696E7075745B747970653D6332
:101D60006865636B626F785D2E7374796C65643A35
:101D70003A6166746572207B000000002020636F6A
:101D80006E74656E743A2027273B20706F736974F8
:101D9000696F6E3A206162736F6C7574653B206C7D
:101DA0006566743A203530253B20746F703A2035D3
:101DB00030253B00202077696474683A2031327006
:101DC000783B206865696768743A20323270783BE6
:101DD000000000002020626F726465722D726967D6
:101DE00068743A2034707820736F6C696420776867
:101DF0006974653B20626F726465722D626F7474E2
:101E00006F6D3A2034707820736F6C696420776846
:101E10006974653B0000000020207472616E736677
:101E20006F726D3A207472616E736C617465282DE7
:101E30003530252C2D3630252920726F746174655C
:101E400028343564656729207363616C65283029FF
:101E50003B00000020207472616E73666F726D2DFE
:101E60006F726967696E3A2063656E7465723B20B4
:101E70007472616E736974696F6E3A207472616E08
:101E800073666F726D20302E313273206561736519
:101E90002D696E2D6F75743B20626F726465722DB3
:101EA0007261646975733A3270783B00696E70755F
:101EB000745B747970653D636865636B626F785DB0
:101EC0002E7374796C65643A636865636B65643A14
:101ED0003A6166746572207B207472616E73666FFE
:101EE000726D3A207472616E736C617465282D3561
:101EF00030252C2D3630252920726F7461746528A9
:101F0000343564656729207363616C652831293B2A
:101F1000207D0000696E7075745B747970653D6337
:101F20006865636B626F785D2E7374796C65643A73
:101F3000666F637573207B20626F782D73686164B0
:101F40006F773A203020302030203370782072674D
:101F50006261283137392C3133322C3230312C3018
:101F60002E3232293B207D0073656C6563742E49E7
:101F70006E70757443656C6C207B202D7765626B89
:101F800069742D617070656172616E63653A6D652B
:101F90006E756C6973743B20617070656172616EFF
:101FA00063653A6D656E756C6973743B207D0000E6
:101FB0002E6C6162656C2D6E6F726D616C207B2082
:101FC000666F6E742D7765696768743A6E6F726DAF
:101FD000616C3B207D0000002E68696E74207B20C0
:101FE000666F6E742D73697A653A20313270783B72
:101FF00020636F6C6F723A20233333333B206D6163
:102000007267696E2D746F703A203470783B207D52
:10201000000000002E737461747573207B206D6165
:102020007267696E3A20327078206175746F203162
:102030003670783B20666F6E742D73697A653A202E
:10204000313670783B207D003C2F7374796C653E8F
:102050003C2F686561643E3C626F64793E0000001D
:10206000260000003D0000003C696E70757420631E
:102070006C6173733D27496E70757443656C6C2792
:1020800020747970653D276E756D62657227206DCD
:10209000696E3D273027206D61783D273235352721
:1020A000206E616D653D2700272076616C75653D6A
:1020B00027000000273E3C2F6469763E3C2F746465
:1020C0003E3C2F74723E0000716E65746865726EDE
:1020D00065742D6C776970007D9C0100819C010006
:1020E000859C0100899C01007465726D696E617444
:1020F000652063616C6C65642072656375727369D9
:1021000076656C790A0000007465726D696E6174A1
:10211000652063616C6C656420616674657220740F
:1021200068726F77696E6720616E20696E73746183
:102130006E6365206F66202700000000270A0000FC
:102140007465726D696E6174652063616C6C656441
:1021500020776974686F757420616E20616374699B
:10216000766520657863657074696F6E0A0000009B
:1021700020207768617428293A2020004F757470F8
:102180007574207061636B657420746F6F206C616F
:1021900072676500643A5C73796E635C646F637543
:1021A0006D656E74735C61726475696E6F5C6C6989
:1021B000627261726965735C716E65746865726E76
:1021C00065745C7372635C716E65746865726E656C
:1021D000745C716E65746865726E65747564702E7A
:1021E0006370700063616E6E6F74206372656174FA
:1021F00065207374643A3A766563746F72206C611B
:1022000072676572207468616E206D61785F7369B2
:102210007A6528290000000025750000643A5C7387
:10222000796E635C646F63756D656E74735C617207
:102230006475696E6F5C6C69627261726965735C0A
:10224000716E65746865726E65745C7372635C71DF
:102250006E65746865726E65745C716E65746865D0
:10226000726E65742E6370700000000045787065B2
:102270006374656420636F6D706C65746520696E4E
:1022800074657266616365206E616D652066696C58
:102290006C00000045787065637465642076616C3D
:1022A0006964206164647265737320696E666F008F
:1022B000643A5C73796E635C646F63756D656E74AC
:1022C000735C61726475696E6F5C6C696272617275
:1022D0006965735C716E65746865726E65745C7354
:1022E00072635C716E65746865726E65745C716E44
:1022F00065746865726E6574636C69656E742E636F
:1023000070700000643A5C73796E635C646F63752F
:102310006D656E74735C61726475696E6F5C6C6917
:10232000627261726965735C716E65746865726E04
:1023300065745C7372635C716E65746865726E65FA
:10234000745C696E7465726E616C5C636F6E6E65F1
:102350006374696F6E6D616E616765722E63707014
:102360000000000045787065637465642076616CD8
:10237000696420706F7274007374643A3A626164C5
:102380005F657863657074696F6E00006261645F99
:1023900066756E6374696F6E5F63616C6C000000DC
:1023A0007374643A3A6261645F616C6C6F630000DD
:1023B00062617369635F737472696E673A3A5F53FF
:1023C0005F6372656174650062617369635F7374F2
:1023D00072696E673A3A5F535F636F6E73747275BA
:1023E0006374206E756C6C206E6F742076616C69FE
:1023F00064000000766563746F723A3A5F4D5F72F5
:10240000616E67655F696E7365727400766563748B
:102410006F723A3A5F4D5F64656661756C745F61B7
:102420007070656E64000000766563746F723A3A8E
:102430005F4D5F7265616C6C6F635F696E7365722F
:1024400074000000766563746F723A3A7265736562
:1024500072766500DC280020F02600200829002084
:1024600010270020E8260020DC2800203427002048
:1024700008290020582700207C2600200829002059
:1024800080270020E0260020082900209027002037
:102490009C26002008290020A4270020E0260020F8
:1024A00008290020B8270020E0260020DC28002092
:1024B000D027002008290020E8270020E02600205F
:1024C000DC280020F8270020DC2800200828002035
:1024D0004E31305F5F637878616269763131355FA4
:1024E0005F666F726365645F756E77696E644500E1
:1024F0004E31305F5F637878616269763131375F82
:102500005F636C6173735F747970655F696E666F2A
:10251000450000004E31305F5F6378786162697614
:102520003131395F5F666F726569676E5F657863C9
:10253000657074696F6E45004E31305F5F63787807
:10254000616269763132305F5F73695F636C6173BA
:10255000735F747970655F696E666F450000000097
:10256000537431316C6F6769635F6572726F7200AB
:10257000537431326C656E6774685F6572726F7226
:1025800000000000537431336261645F65786365F5
:102590007074696F6E000000537431376261645F5C
:1025A00066756E6374696F6E5F63616C6C000000CA
:1025B000537431395F53705F6D616B655F73686130
:1025C0007265645F746167005374396261645F614E
:1025D0006C6C6F630000000053743965786365703C
:1025E00074696F6E00000000537439747970655F10
:1025F000696E666F0000000000000000000000002F
:10260000BD590000615E0000815D00004D5A000070
:10261000A15B0000995E0000ED590000715B0000B5
:102620000000000000000000851D01000000000007
:102630000000000035900100AD950100A995010052
:10264000A5950100B1560000B55600005592010055
:10265000A19501000000000000000000858E01002F
:1026600025910100A1880100F9890100C1880100BC
:1026700065890100E98801007D8A0100158A010051
:102680009D8801000000000000000000E15F0000E4
:102690000D600000955F0000DD5F0000995F0000A5
:1026A000A55F0000C55F0000000000000000000002
:1026B0003D900100000000007C260020A1A1010047
:1026C000B5A1010065AE010065AE010031A20100B7
:1026D00061A1010015A20100D1A1010095A1010095
:1026E00000000000902600204DAD010061AD01000A
:1026F00065AE010065AE010031A2010061A10100DB
:1027000035AE0100B9AD01007DAD01000000000053
:1027100000000000793F01003D360100D534010082
:1027200035340100E1330100F933010019340100AF
:10273000493E0100513E01007D3401005138010045
:10274000A13801001D3B010085360100393401002C
:102750000D380100B9340100C933010011390100FD
:102760009D3901002D370100D1330100653701008B
:10277000D9330100F0FFFFFF000000009D3701008A
:102780007D360100D53701007536010000000000DC
:1027900000000000352701009926010051270100A3
:1027A0008D27010079290100192A0100DD28010087
:1027B000312D0100492D0100B5270100812D0100B7
:1027C000892501000D260100592F0100ED2D010082
:1027D000192F0100492E0100592301005D2301003A
:1027E000612501006123010065230100E923010047
:1027F000412401006923010079230100892301009C
:1028000099230100F0FFFFFF00000000A923010051
:10281000D9230100B9230100C923010000000000F1
:1028200000000000553001007530010099300100B2
:10283000B1300100D9310100C9300100053101007A
:10284000000000009C260020A5AF010025B001007B
:10285000A1AF010000000000A8260020E5AF0100A4
:102860006DB00100A1AF010000000000B4260020FF
:1028700049A5010055A501004DA50100000000007B
:10288000C0260020CDA00100E1A00100C5A00100EC
:102890000000000000000000A5480100A948010058
:1028A000994C0100B9480100C14801000000000036
:1028B000D426002031A1010045A1010029A1010079
:1028C00000030000CD920100D1920100D9920100D5
:1028D000E192010000000000000000002C2066755D
:1028E0006E6374696F6E3A20000000006173736557
:1028F0007274696F6E2022257322206661696C658F
:10290000643A2066696C6520222573222C206C694C
:102910006E65202564257325730A00006E65746951
:10292000665F72656D6F76655F6578745F63616C15
:102930006C6261636B0000007463705F696E707538
:10294000740000007463705F6F75747075740000BC
:102950007564705F6E65775F69705F74797065002C
:102960006175746F69705F73746F70006468637011
:102970005F72656C656173655F616E645F73746FD0
:10298000700000006574686172705F6F75747075B7
:102990007400000069676D705F6C656176656772D1
:1029A0006F75705F6E657469660000006970345FF2
:1029B0006F75747075745F69665F6F70745F737242
:1029C0006300000065746865726E65745F6F75748E
:1029D000707574006E657469665F6164645F6578C4
:1029E000745F63616C6C6261636B00007463705F41
:1029F00061636365707400007463705F77726974FB
:102A0000650000007379735F636865636B5F746969
:102A10006D656F75747300007564705F6E65770027
:102A20006D646E735F726573705F616E6E6F756EED
:102A3000636500006163645F616464006175746F65
:102A400069705F7374617274000000006468637081
:102A50005F72656E657700006574686172705F69AA
:102A60006E707574000000006970345F696E707577
:102A70007400000065746865726E65745F696E70DD
:102A8000757400006E657469665F72656D6F76655A
:102A9000000000007463705F6C697374656E5F772B
:102AA0006974685F6261636B6C6F675F616E645FBE
:102AB000657272006E657469665F7365745F6164E8
:102AC000647200007463705F62696E6400000000ED
:102AD0007463705F6162616E646F6E006E657469CD
:102AE000665F6164640000007463705F636C6F73A1
:102AF000650000007463705F657272007379735FC4
:102B0000756E74696D656F75740000007564705F33
:102B100072656D6F7665000069676D705F6A6F69D9
:102B20006E67726F75705F6E657469660000000095
:102B30006E657469665F6765745F62795F696E640C
:102B4000657800007379735F74696D656F757400E3
:102B50007564705F72656376000000006175746F64
:102B600069705F7365745F737472756374000000DD
:102B7000646863705F737461727400007463705F83
:102B800072656376000000007463705F74696D6540
:102B9000725F6E6565646564000000006E6574694F
:102BA000665F7365745F6C696E6B5F646F776E00F0
:102BB0007463705F617267007564705F636F6E6EDF
:102BC00065637400646863705F7365745F737472C7
:102BD000756374006E657469665F7365745F6C69B4
:102BE0006E6B5F75700000007463705F616C6C6F7A
:102BF000630000006D646E735F726573705F726571
:102C00006D6F76655F6E6574696600006E657469E8
:102C1000665F7365745F646F776E00007564705FE4
:102C200062696E64000000006E657469665F7365BA
:102C3000745F7570000000007463705F636F6E6E88
:102C4000656374007564705F73656E64746F5F694B
:102C5000665F7372630000006E657469665F73651A
:102C6000745F64656661756C740000007463705F06
:102C700072656376656400007564705F696E707577
:102C80007400000042616C6C6F6320737563636550
:102C900065646564000000002F646174612F6A65DB
:102CA0006E6B696E732F776F726B73706163652FD4
:102CB000474E552D746F6F6C636861696E2F61723A
:102CC0006D2D31312F7372632F6E65776C69622DB4
:102CD00063796777696E2F6E65776C69622F6C69AF
:102CE00062632F7374646C69622F6764746F612D03
:102CF0006765746865782E630000000000000000BE
:102D000000000000000000000000000000000000C3
:102D100000000000000000000000000000000000B3
:102D2000000000000000000000000000101112135D
:102D3000141516171819000000000000001A1B1CBB
:102D40001D1E1F0000000000000000000000000029
:102D5000000000000000000000000000001A1B1C22
:102D60001D1E1F0000000000000000000000000009
:102D70000000000000000000000000000000000053
:102D80000000000000000000000000000000000043
:102D90000000000000000000000000000000000033
:102DA0000000000000000000000000000000000023
:102DB0000000000000000000000000000000000013
:102DC0000000000000000000000000000000000003
:102DD00000000000000000000000000000000000F3
:102DE00000000000000000000000000000000000E3
:102DF0000000000000000000000000002F6461746B
:102E0000612F6A656E6B696E732F776F726B73706B
:102E10006163652F474E552D746F6F6C63686169F0
:102E20006E2F61726D2D31312F7372632F6E657746
:102E30006C69622D63796777696E2F6E65776C694F
:102E4000622F6C6962632F7374646C69622F6D709A
:102E50007265632E6300000030313233343536370B
:102E600038396162636465666768696A6B6C6D6E48
:102E70006F707172737475767778797A00000000DC
:102E8000002020202020202020202828282828203A
:102E90002020202020202020202020202020202032
:102EA000208810101010101010101010101010109A
:102EB000100404040404040404040410101010108A
:102EC0001010414141414141010101010101010154
:102ED00001010101010101010101010110101010A6
:102EE0001010424242424242020202020202020226
:102EF000020202020202020202020202101010107A
:102F000020000000000000000000000000000000A1
:102F100000000000000000000000000000000000B1
:102F200000000000000000000000000000000000A1
:102F30000000000000000000000000000000000091
:102F40000000000000000000000000000000000081
:102F50000000000000000000000000000000000071
:102F60000000000000000000000000000000000061
:102F70000000000000000000000000000000000051
:102F800000000000496E66696E69747900000000F7
:102F90004E614E002F646174612F6A656E6B696EBD
:102FA000732F776F726B73706163652F474E552D6A
:102FB000746F6F6C636861696E2F61726D2D313152
:102FC0002F7372632F6E65776C69622D63796777F3
:102FD000696E2F6E65776C69622F6C6962632F73FF
:102FE00074646C69622F64746F612E63000000006A
:102FF0006E660000696E697479000000494E4600F3
:10300000696E66004E414E006E616E0030313233A3
:103010003435363738396162636465660000000014
:10302000286E756C6C290000643A5C73796E635C81
:10303000646F63756D656E74735C61726475696EDF
:103040006F5C6C69627261726965735C716E6574E4
:103050006865726E65745C7372635C6C7769705CD2
:10306000697076345C6163642E6300006163645F41
:10307000636F6E666C6963745F63616C6C626163DD
:103080006B20213D204E554C4C000000643A5C738F
:10309000796E635C646F63756D656E74735C617289
:1030A0006475696E6F5C6C69627261726965735C8C
:1030B000716E65746865726E65745C7372635C6C66
:1030C0007769705C697076345C6175746F69702EB5
:1030D000630000006E6574696620213D204E554CEA
:1030E0004C0000006175746F697020213D204E55C1
:1030F0004C4C00006E6574696620616C7265616499
:103100007920686173206120737472756374206123
:1031100075746F6970207365740000002020202092
:10312000202020202020202020202020202020209F
:10313000202020202020202020202020202020208F
:10314000202020202020202020202020643A5C7392
:10315000796E635C646F63756D656E74735C6172C8
:103160006475696E6F5C6C69627261726965735CCB
:10317000716E65746865726E65745C7372635C71A0
:103180006E65746865726E65745C6C7769705F6893
:103190006F6F6B732E630000456E74726F707920D1
:1031A00067656E65726174696F6E206572726F72A9
:1031B00000000000705800200B0000007058002034
:1031C0000B000000000000007C58002004000000FC
:1031D0008458002007000000070000008C580020E1
:1031E00004000000945800200400000000000000CB
:1031F0009C580020060000009C580020060000009B
:1032000008000000A45800200B000000A458002073
:103210000B00000008000000B0580020050000006E
:10322000B05800200500000008000000B858002039
:103230000A000000B85800200A0000000800000042
:10324000C45800200D000000C45800200D000000EC
:1032500000000000D458002003000000D4580020D3
:103260000300000001000000D85800200C000000FE
:10327000E8580020080000000200000000000000E4
:10328000000000000000000000000000000000003E
:10329000F458002004000000F4580020040000004E
:1032A00003000000FC5800200D000000FC58002026
:1032B0000D000000040000000C5900200800000070
:1032C0000C590020080000000000000018590020E0
:1032D000110000001859002011000000000000003B
:1032E00000000000000000000000000000000000DE
:1032F00000000000000000000000000000000000CE
:1033000000000000000000000000000000000000BD
:103310000000000000000000000000002C59002008
:10332000050000002C5900200500000000000000EE
:10333000345900200E000000345900200E00000017
:10334000000000000000000000000000000000007D
:1033500000000000000000004459002004000000AC
:103360004459002004000000090000004C590020CE
:10337000070000008C58002004000000000000003E
:103380005459002009000000F458002004000000F7
:103390000500000060590020120000006059002064
:1033A0001200000006000000603D00200300000045
:1033B000603D002003000000000000007459002060
:1033C00009000000745900200900000000000000FE
:1033D00080590020090000008059002009000000E9
:1033E000000000008C5900200A0000008C590020C9
:1033F0000A000000000000009859002004000000AE
:10340000985900200400000008000000A059002086
:1034100007000000A0590020070000000000000085
:10342000A859002008000000A8590020080000004A
:1034300000000000B459002008000000B45900202A
:1034400008000000000000000C3B002011000000FC
:103450000C3B00201100000000000000405600203E
:1034600044560020020000000200000048560020E0
:103470008422002001000000020000004C560020C1
:10348000283E0020020000000200000050560020EC
:10349000802200200100000001000000545600209E
:1034A0008022002001000000020000005856002089
:1034B0005C56002008000000010000006856002053
:1034C0006C56002009000000010000007856002022
:1034D0005C56002008000000010000007C5600201F
:1034E000805600200A00000002000000143D002069
:1034F0008C560020020000000200000090560020C0
:10350000100400200100000002000000945600207A
:103510009856002001000000010000009C56002089
:10352000A05600200200000002000000A456002067
:10353000A85600200600000003000000B05600203E
:10354000B45600200900000001000000C056002011
:10355000C45600200C00000002000000D4560020D9
:10356000140400200100000001000000D8560020D3
:10357000842200200100000002000000DC56002030
:10358000E05600200700000001000000E85600207F
:10359000EC5600200200000002000000F05600205F
:1035A000EC0D00200100000002000000F456002095
:1035B000540600200100000002000000F856002020
:1035C000AC5600200200000002000000FC56002063
:1035D00000570020020000000200000004570020F5
:1035E0000857002001000000020000000C570020D6
:1035F00010570020020000000200000014570020B5
:10360000603D002003000000030000001857002068
:10361000603D002003000000030000001C57002054
:10362000603D002003000000020000002057002041
:10363000603D00200300000002000000245700202D
:103640002857002002000000020000002C57002034
:10365000543B002002000000010000003057002011
:10366000845500200100000002000000183D0020E9
:1036700034570020020000000200000038570020EC
:103680003C5700200300000002000000A05800206A
:1036900040570020020000000200000044570020B4
:1036A000485700200B000000010000005457002084
:1036B0005857002002000000020000005C57002064
:1036C0006057002001000000020000006457002045
:1036D0006857002002000000020000006C57002024
:1036E0007057002002000000020000007457002004
:1036F0007857002001000000020000007C570020E5
:103700001404002001000000020000008057002087
:1037100084570020020000000100000088570020AC
:103720008C57002005000000030000009457002083
:10373000985700200200000002000000DC62002018
:103740007857002001000000010000009C57002075
:10375000284700200100000001000000A0570020C1
:10376000A45700200300000003000000A857002019
:10377000AC5700200200000002000000B0570020FB
:10378000B45700200200000002000000BC540020DA
:10379000B85700200100000002000000BC570020C4
:1037A000C05700200200000002000000C4570020A3
:1037B000C85700200100000002000000CC57002084
:1037C000D057002003000000020000002025002048
:1037D000D45700200200000001000000D85700204C
:1037E000C85700200100000001000000DC57002045
:1037F000E057002002000000020000001C3D0020F5
:10380000E45700200100000003000000E8570020FA
:10381000EC5700200200000002000000F0570020DA
:10382000F45700200300000002000000F8570020B9
:10383000FC5700201000000002000000105800207B
:103840001458002001000000020000001858002059
:103850001C58002002000000020000002058002038
:10386000245800200900000001000000305800200A
:1038700024580020090000000100000034580020F6
:10388000385800200B0000000200000044580020BF
:103890004858002003000000020000008856002065
:1038A0004C58002007000000010000005458002080
:1038B0004C5800200700000001000000585800206C
:1038C0005C58002005000000000000006458002043
:1038D0006858002006000000010000000000000001
:1038E0000000000000000000000000006465636C40
:1038F00074797065286E756C6C70747229000000A4
:10390000202E2E2E20000000282E2E2E000000003B
:103910002E2E2E2900000000737472696E67206CD1
:1039200069746572616C0000737464005B61626944
:103930003A0000003A3A00007B64656661756C7479
:1039400020617267230000007D3A3A006175746F50
:103950003A00000074656D706C617465207061726E
:10396000616D65746572206F626A65637420666F4D
:1039700072200000767461626C6520666F722000B0
:1039800056545420666F722000000000636F6E73FF
:103990007472756374696F6E20767461626C6520F1
:1039A000666F7220000000002D696E2D000000007F
:1039B00074797065696E666F20666F722000000012
:1039C00074797065696E666F206E616D6520666FD3
:1039D0007220000074797065696E666F20666E20D3
:1039E000666F7220000000006E6F6E2D7669727433
:1039F00075616C207468756E6B20746F2000000018
:103A0000636F76617269616E742072657475726E2F
:103A1000207468756E6B20746F2000006A61766197
:103A200020436C61737320666F722000677561724A
:103A300064207661726961626C6520666F72200035
:103A4000544C5320696E69742066756E6374696F97
:103A50006E20666F72200000544C532077726170A4
:103A60007065722066756E6374696F6E20666F7222
:103A7000200000007265666572656E63652074657E
:103A80006D706F7261727920230000006869646450
:103A9000656E20616C69617320666F7220000000A2
:103AA0006E6F6E2D7472616E73616374696F6E20D8
:103AB000636C6F6E6520666F722000005F536174E7
:103AC000200000005F416363756D00005F46726116
:103AD000637400002C2000006F70657261746F7257
:103AE000000000006F70657261746F72200000004A
:103AF0003E280000636C00006978000071750000CA
:103B0000203A20006E65772000000000756C0000F0
:103B1000756C6C0066616C7365000000747275658D
:103B2000000000006A617661207265736F757263D0
:103B3000652000006465636C74797065202800005E
:103B40002E2E2E0074686973000000007B70617275
:103B50006D230000676C6F62616C20636F6E73741D
:103B6000727563746F7273206B6579656420746F0E
:103B700020000000676C6F62616C20646573747272
:103B80007563746F7273206B6579656420746F2040
:103B9000000000007B6C616D626461280000000021
:103BA000292300007B756E6E616D656420747970E9
:103BB00065230000205B636C6F6E652000000000D1
:103BC00020726573747269637400000020766F6CF4
:103BD0006174696C6500000020636F6E737400008F
:103BE000207472616E73616374696F6E5F73616676
:103BF00065000000206E6F657863657074000000DA
:103C0000207468726F77000026260000205F436FE3
:103C10006D706C6578000000205F496D6167696EAA
:103C2000617279003A3A2A00205F5F766563746FAB
:103C3000722800005F474C4F42414C5F000000007B
:103C400028616E6F6E796D6F7573206E616D65732F
:103C500070616365290000006175746F00000000E9
:103C60006465636C74797065286175746F290000F0
:103C7000643A5C73796E635C646F63756D656E74D2
:103C8000735C61726475696E6F5C6C69627261729B
:103C90006965735C716E65746865726E65745C737A
:103CA00072635C6C7769705C697076345C646863BD
:103CB000702E6300646863705F6372656174655F32
:103CC0006D73673A20636865636B20746861742064
:103CD000666972737420706275662063616E206815
:103CE0006F6C642073747275637420646863705FB2
:103CF0006D736700646863705F7063625F726566AE
:103D0000636F756E7428293A20726566636F756EED
:103D100074206572726F720001031C066468637020
:103D20005F696E635F7063625F726566636F756E15
:103D30007428293A206D656D6F7279206C65616B0E
:103D400000000000696E76616C69642064686370CD
:103D50002D3E737461746500646863705F6F707486
:103D6000696F6E3A206F7074696F6E735F6F7574F0
:103D70005F6C656E202B2032202B206F7074696F72
:103D80006E5F6C656E203C3D20444843505F4F5051
:103D900054494F4E535F4C454E00000064686370B9
:103DA0005F6F7074696F6E5F627974653A206F70CF
:103DB00074696F6E735F6F75745F6C656E203C2005
:103DC000444843505F4F5054494F4E535F4C454E0B
:103DD00000000000444843503A20686F73746E61DD
:103DE0006D6520697320746F6F206C6F6E672100A2
:103DF000646863705F6F7074696F6E5F6C6F6E671D
:103E00003A206F7074696F6E735F6F75745F6C6565
:103E10006E202B2034203C3D20444843505F4F50BF
:103E200054494F4E535F4C454E0000006468637028
:103E30005F6F7074696F6E5F73686F72743A206F32
:103E40007074696F6E735F6F75745F6C656E202B35
:103E50002032203C3D20444843505F4F5054494F4E
:103E60004E535F4C454E00006468637020213D2036
:103E70004E554C4C000000006E6574696620616C04
:103E80007265616479206861732061207374727552
:103E900063742064686370207365740000000042DE
:103EA000C8801F40B8821F40080000000000004288
:103EB000C4801F40B4821F400400000000C00042C4
:103EC00024801F4014821F401000000000C00042E8
:103ED00028801F4018821F402000000000C00042C0
:103EE0002C801F401C821F404000000000C0004288
:103EF00034801F4024821F40000100000040004227
:103F000064811F4054831F400004000000400042B1
:103F100080811F4070831F4000000200004000426B
:103F20007C811F406C831F40000001000040004264
:103F300068811F4058831F40000800000040004275
:103F40003C811F402C831F400100000000400042C4
:103F500044811F4034831F400400000000400042A1
:103F600040811F4030831F4002000000004000429B
:103F700048811F4038831F400800000000000042B5
:103F800004811F40F4821F40000004000000004232
:103F900008811F40F8821F40000008000000004216
:103FA00018811F4008831F4000008000000000426D
:103FB00014811F4004831F400000400000000042A5
:103FC00000811F40F0821F400000020000000042FC
:103FD000FC801F40EC821F400000010000000042F6
:103FE00024811F4014831F40000000040000004291
:103FF00028811F4018831F40000000080000004275
:104000001C811F400C831F40000000010000004283
:1040100020811F4010831F4000000002000000426A
:10402000EC801F40DC821F400010000000000042B6
:10403000F0801F40E0821F4000200000000000428E
:1040400034811F4024831F400000004000000042D4
:1040500038811F4028831F400000008000800042FC
:1040600094801F4084821F400000040000C0004272
:1040700090801F4080821F4000000080008000422E
:10408000A8801F4098821F400000800000800042EE
:10409000A4801F4094821F40000040000040004266
:1040A0006C811F405C831F400010000000C0004274
:1040B00030801F4020821F408000000000400042EE
:1040C000B0811F40A0831F4000000020004000423C
:1040D000AC811F409C831F40000000100040004244
:1040E00084811F4074831F40000004000040004290
:1040F00088811F4078831F400000080000000042B4
:104100002C811F401C831F40000000100000004253
:1041100030811F4020831F4000000020000000422B
:104120000C811F40FC821F40000010000000004274
:1041300010811F4000831F400000200000800042CB
:10414000C8811F40B8831F400080000000800042EB
:10415000C4811F40B4831F40004000000080004223
:10416000C0811F40B0831F4000200000008000423B
:10417000BC811F40AC831F40001000000080004243
:10418000D0811F40C0831F40000002000080004219
:10419000CC811F40BC831F400000010000C00042D2
:1041A00074801F4064821F400000000100C0004274
:1041B00080801F4070821F400000000800C0004245
:1041C00084801F4074821F400000001000C0004225
:1041D0006C801F405C821F400000400000C0004215
:1041E0007C801F406C821F400000000400C0004221
:1041F00078801F4068821F400000000200C000421B
:1042000088801F4078821F40000000206172726128
:104210007920696E646578206F7574206F662062FE
:104220006F756E6473000000756E6B6E6F776E2035
:10423000646E735F7461626C6520656E7472792060
:1042400073746174653A00002E6C6F63616C0000DA
:10425000E00000FB643A5C73796E635C646F6375C5
:104260006D656E74735C61726475696E6F5C6C69A8
:10427000627261726965735C716E65746865726E95
:1042800065745C7372635C6C7769705C646E732ECA
:1042900063000000646E7320736572766572206F30
:1042A0007574206F66206172726179004173736565
:1042B0007274696F6E2022257322206661696C65B5
:1042C00064206174206C696E6520256420696E200D
:1042D00025730A00EC4C0020A85400206D656D7019
:1042E0005F667265653A206D656D2070726F7065EE
:1042F000726C7920616C69676E656400643A5C7306
:10430000796E635C646F63756D656E74735C617206
:104310006475696E6F5C6C69627261726965735C09
:10432000716E65746865726E65745C7372635C6CE3
:104330007769705C6D656D702E6300006D656D70E2
:104340005F6D616C6C6F633A206D656D702070728B
:104350006F7065726C7920616C69676E65640000CE
:10436000643A5C73796E635C646F63756D656E74DB
:10437000735C61726475696E6F5C6C6962726172A4
:104380006965735C716E65746865726E65745C7383
:1043900072635C716E65746865726E65745C64727C
:1043A00069766572735C6472697665725F7465655F
:1043B0006E737934312E630045787065637465647B
:1043C00020737061636520666F722070627566206D
:1043D00066696C6C00000000000000000C0000002A
:1043E000690000000B00000076000000770000006C
:1043F000160000000B0000007000000078000000B4
:104400007F00000080000000FFFFFFFF7100000040
:104410006800000080000000050000006172705F0D
:104420007461626C655B695D2E71203D3D204E5567
:104430004C4C00006172705F7461626C655B695D19
:104440002E7374617465203D3D204554484152509F
:104450005F53544154455F454D505459000000008E
:1044600069706164647220213D204E554C4C0000FF
:104470006574685F72657420213D204E554C4C0078
:104480006E657469662D3E6877616464725F6C6501
:104490006E203D3D204554485F4857414444525F9B
:1044A0004C454E007120213D204E554C4C000000E3
:1044B0006172705F7461626C655B6172705F696488
:1044C000785D2E7374617465203E3D2045544841EB
:1044D00052505F53544154455F535441424C450040
:1044E00074797065206F766572666C6F7700000076
:1044F0006E6F207061636B6574207175657565738F
:1045000020616C6C6F77656421000000643A5C7315
:10451000796E635C646F63756D656E74735C6172F4
:104520006475696E6F5C6C69627261726965735CF7
:10453000716E65746865726E65745C7372635C6CD1
:104540007769705C697076345C6574686172702E2E
:1045500063000000636865636B20746861742066A3
:104560006972737420706275662063616E20686F73
:104570006C64207374727563742065746861727002
:104580005F686472000000006E657469662D3E68A5
:1045900077616464725F6C656E206D757374206200
:1045A00065207468652073616D65206173204554D2
:1045B000485F4857414444525F4C454E20666F72F5
:1045C000206574686172702100000000FFFFFFFF2A
:1045D000FFFF0000643A5C73796E635C646F63751F
:1045E0006D656E74735C61726475696E6F5C6C6925
:1045F000627261726965735C716E65746865726E12
:1046000065745C7372635C6E657469665C6574681E
:1046100065726E65742E63006E657469662D3E6802
:1046200077616464725F6C656E206D75737420626F
:1046300065203620666F722065746865726E6574D9
:104640005F6F757470757421000000000000000039
:104650000000000035000000CEFBFFFFCB03000090
:10466000010000000000000034000000CEFBFFFF4E
:10467000CB030000010000000000000069636D70C2
:104680005F696E7075743A206D6F76696E6720721F
:104690002D3E7061796C6F616420746F2069636D69
:1046A0007020686561646572206661696C6564008C
:1046B00069636D705F696E7075743A2072657374AA
:1046C0006F72696E67206F726967696E616C2070C6
:1046D0002D3E7061796C6F6164206661696C656400
:1046E00000000000643A5C73796E635C646F63750C
:1046F0006D656E74735C61726475696E6F5C6C6914
:10470000627261726965735C716E65746865726E00
:1047100065745C7372635C6C7769705C6970763425
:104720005C69636D702E6300636865636B207468F9
:1047300061742066697273742070627566206361AB
:104740006E20686F6C642069636D70206D65737393
:1047500061676500643A5C73796E635C646F63756E
:104760006D656E74735C61726475696E6F5C6C69A3
:10477000627261726965735C716E65746865726E90
:1047800065745C7372635C6C7769705C69707634B5
:104790005C69676D702E630069676D705F6C6F6F29
:1047A0006B75705F67726F75703A206669727374AB
:1047B0002067726F7570206D75737420626520615B
:1047C0006C6C73797374656D7300000069676D704C
:1047D0005F6C6F6F6B75705F67726F75703A206199
:1047E0006C6C2065786365707420666972737420E0
:1047F00067726F7570206D757374206E6F742062B0
:104800006520616C6C73797374656D7300000000D2
:1048100069676D705F73656E643A20636865636B8A
:1048200020746861742066697273742070627566A2
:104830002063616E20686F6C64207374727563749A
:104840002069676D705F6D7367000000746869733D
:10485000206E656564732061207062756620696EE4
:10486000206F6E652070696563652100702D3E6C58
:10487000656E203E3D20706F66660000643A5C7392
:10488000796E635C646F63756D656E74735C617281
:104890006475696E6F5C6C69627261726965735C84
:1048A000716E65746865726E65745C7372635C6C5E
:1048B0007769705C697076345C6970342E630000CF
:1048C000702D3E726566203D3D2031006368656352
:1048D0006B207468617420666972737420706275ED
:1048E000662063616E20686F6C64207374727563F8
:1048F000742069705F6864720000000073616E6903
:10490000747920636865636B0000000069705F72F2
:10491000656173735F70627566636F756E74203E58
:104920003D20636C656E00006E6F74206669727363
:1049300074616C74686F756768206A75737420653C
:104940006E71756575656400643A5C73796E635C5D
:10495000646F63756D656E74735C61726475696EA6
:104960006F5C6C69627261726965735C716E6574AB
:104970006865726E65745C7372635C6C7769705C99
:10498000697076345C6970345F616464722E6300B0
:10499000756E68616E646C65640000000000000064
:1049A000FFFFFFFF643A5C73796E635C646F63754D
:1049B0006D656E74735C61726475696E6F5C6C6951
:1049C000627261726965735C716E65746865726E3E
:1049D00065745C7372635C6C7769705C6970763463
:1049E0005C6970345F667261672E630073616E6923
:1049F000747920636865636B206C696E6B656420F5
:104A00006C697374000000007072657620213D208F
:104A100069707200707265762D3E6E657874203D07
:104A20003D2069707200000070627566735F667287
:104A3000656564202B20636C656E203C3D203078DA
:104A4000666666660000000069705F726561737378
:104A50005F70627566636F756E74203E3D20706294
:104A60007566735F6672656564000000706372202E
:104A7000213D204E554C4C00FA000000619600008C
:104A8000E8030000C9110100E803000071FD000007
:104A900060EA00008DF70000F4010000BDF900009D
:104AA000640000001DDF000064000000C109010077
:104AB000E8030000256C00005F736572766963652A
:104AC000730000005F646E732D7364005F75647023
:104AD000000000006C6F63616C0000002564000042
:104AE000696E2D6164647200617270610000000083
:104AF000643A5C73796E635C646F63756D656E7444
:104B0000735C61726475696E6F5C6C69627261720C
:104B10006965735C716E65746865726E65745C73EB
:104B200072635C6C7769705C617070735C6D646EED
:104B3000735C6D646E732E63000000006D646E73B1
:104B40005F726573705F72656D6F76655F6E6574B9
:104B500069663A204E756C6C20706F696E74657270
:104B600000000000726D656D20213D204E554C4CBB
:104B700000000000726D656D203D3D204D454D5F8C
:104B8000414C49474E28726D656D2900643A5C734B
:104B9000796E635C646F63756D656E74735C61726E
:104BA0006475696E6F5C6C69627261726965735C71
:104BB000716E65746865726E65745C7372635C6C4B
:104BC0007769705C6D656D2E630000006D616C6CC3
:104BD0006F632829206D7573742072657475726E09
:104BE00020616C69676E6564206D656D6F72790018
:104BF00018000F00C062202048B3002010000900F8
:104C0000306220204CB300201000100030602020C3
:104C100050B30020FC0510007000202054B3002089
:104C20001C0004000000202058B3002020000500D4
:104C3000286420205CB30020100010003061202088
:104C400060B300209C000800A866202064B3002008
:104C50001C000800C865202068B300201000100068
:104C6000C86420206CB3002028000800886B202036
:104C700070B30020404E0020884E0020644E00207B
:104C8000704E00207C4E00204C4E0020104E002024
:104C90001C4E0020584E0020284E0020344E00208C
:104CA00073696E676C65206E6574696620616C72ED
:104CB00065616479207365740000000063616C6C49
:104CC0006261636B206D75737420626520213D20E5
:104CD0004E554C4C00000000666E206D75737420BC
:104CE000626520213D204E554C4C0000696E766176
:104CF0006C696420706F696E746572006E657469AA
:104D000066206D75737420626520213D204E554CE0
:104D10004C000000643A5C73796E635C646F637589
:104D20006D656E74735C61726475696E6F5C6C69DD
:104D3000627261726965735C716E65746865726ECA
:104D400065745C7372635C6C7769705C6E657469C2
:104D5000662E63006E657469665F69737375655F5F
:104D60007265706F7274733A20696E76616C6964F3
:104D7000206E6574696600000500000019000000DF
:104D80007D0000007020213D204E554C4C0000005D
:104D9000706275665F616C6C6F633A206572726FEA
:104DA0006E656F757320747970650000696E766149
:104DB0006C696420706275665F74797065000000CC
:104DC0004372656174696E6720616E20696E666901
:104DD0006E697465206C6F6F70000000702D3E74FA
:104DE0006F745F6C656E203D3D20702D3E6C656E6E
:104DF00020286F66206C617374207062756620696C
:104E00006E20636861696E2900000000706275663B
:104E10005F636F7079206661696C656400000000F3
:104E20006F66667365745F746F203C3D20705F74BD
:104E30006F2D3E6C656E00006F66667365745F660D
:104E4000726F6D203C3D20705F66726F6D2D3E6C01
:104E5000656E0000706275665F667265653A207007
:104E60002D3E726566203E203000000070632D3EAE
:104E7000637573746F6D5F667265655F66756E638B
:104E800074696F6E20213D204E554C4C000000008F
:104E9000696E76616C6964207062756620747970E1
:104EA00065000000706275665F7265616C6C6F63AF
:104EB0003A207020213D204E554C4C0070627566A2
:104EC0005F7265616C6C6F633A207120213D204EEA
:104ED000554C4C006D656D5F7472696D2072657420
:104EE00075726E65642072203D3D204E554C4C001D
:104EF0006D656D5F7472696D2072657475726E6533
:104F000064207220213D207100000000643A5C732F
:104F1000796E635C646F63756D656E74735C6172EA
:104F20006475696E6F5C6C69627261726965735CED
:104F3000716E65746865726E65745C7372635C6CC7
:104F40007769705C706275662E63000070627566CA
:104F500020726566206F766572666C6F7700000060
:104F6000706275665F74616B653A20696E76616C1C
:104F70006964207062756600646964206E6F7420D5
:104F8000636F707920616C6C206461746100000053
:104F900007080C0B06050F000D0E0102838407089D
:104FA0000C0B06050F000D0E01028384FFFFFFFFAF
:104FB000FFFFFFFFFFFF8182090A000001010004DB
:104FC000010000040132010101320201011001015E
:104FD0000111010101120102010302060103010690
:104FE000011202020200000102020001020100019E
:104FF0000210000102220001022300010000000053
:105000000000000002210001022000010000000059
:105010000000000001300101013101010102000422
:105020000103000400000000000000000121020153
:10503000012101010000000000000000000000004C
:105040000110020100000000000000000113010631
:105050000113020600000000000000000000000034
:105060000000000001010201010101010100020133
:105070000100010101020201010201010000000022
:1050800000000000000000000123020100000000F9
:10509000000000000120010125733A25643A2573C0
:1050A00028290D0A00000000643A5C73796E635C85
:1050B000646F63756D656E74735C61726475696E3F
:1050C0006F5C6C69627261726965735C716E657444
:1050D0006865726E65745C7372635C716E6574682A
:1050E00065726E65745C716E65746865726E657408
:1050F0005F68616C2E6370700000000046756E631F
:1051000074696F6E2063616C6C65642066726F6D8C
:1051100020696E7465727275707420636F6E746549
:1051200078740000643A5C73796E635C646F6375D5
:105130006D656E74735C61726475696E6F5C6C69C9
:10514000627261726965735C716E65746865726EB6
:1051500065745C7372635C6C7769705C7261772EE6
:10516000630000007261772070636220726563766D
:105170002063616C6C6261636B20616C7465726545
:10518000642070627566207061796C6F6164207054
:105190006F696E74657220776974686F75742065C5
:1051A0006174696E67207061636B65740000000054
:1051B00074000000483B002003000000483B002032
:1051C000030000000000000000000000610000007B
:1051D000B05400200E000000B05400200E0000006B
:1051E000C05400200900000062000000CC540020E0
:1051F00011000000CC54002011000000E0540020F9
:105200000C00000073000000F05400200B000000B0
:10521000FC54002046000000E05400200C00000078
:1052200069000000445500200C0000005455002087
:1052300031000000885500200D0000006F000000C4
:10524000985500200C000000A855002031000000F7
:10525000DC5500200D00000064000000EC5500202B
:105260000D000000FC5500203200000030560020E8
:105270000E00000030313233343536373839414290
:1052800043444546000000005F7463700000000066
:105290007374643A3A616C6C6F6361746F7200008E
:1052A000616C6C6F6361746F720000007374643AB8
:1052B0003A62617369635F737472696E67000000BC
:1052C00062617369635F737472696E6700000000E6
:1052D0007374643A3A737472696E67007374643AF3
:1052E0003A62617369635F737472696E673C636885
:1052F00061722C207374643A3A636861725F7472ED
:10530000616974733C636861723E2C207374643A03
:105310003A616C6C6F6361746F723C636861723E7A
:10532000203E00007374643A3A6973747265616D6B
:10533000000000007374643A3A62617369635F69E4
:1053400073747265616D3C636861722C2073746460
:105350003A3A636861725F7472616974733C63683E
:1053600061723E203E00000062617369635F697391
:10537000747265616D0000007374643A3A6F7374FF
:105380007265616D000000007374643A3A62617383
:1053900069635F6F73747265616D3C636861722CE1
:1053A000207374643A3A636861725F7472616974FD
:1053B000733C636861723E203E0000006261736965
:1053C000635F6F73747265616D0000007374643A9B
:1053D0003A696F73747265616D0000007374643AAA
:1053E0003A62617369635F696F73747265616D3C82
:1053F000636861722C207374643A3A636861725F07
:105400007472616974733C636861723E203E00008F
:1054100062617369635F696F73747265616D0000C7
:10542000614E0000263D00006153000061610000F4
:1054300061640000616E000061740000616C696766
:105440006E6F66200000000061770000636F5F618F
:105450007761697420000000617A000063630000D6
:10546000636F6E73745F63617374000028290000BA
:10547000636D0000636F00007E0000006456000052
:105480002F3D0000645800005B2E2E2E5D3D000075
:105490006461000064656C6574655B5D20000000FC
:1054A0006463000064796E616D69635F6361737446
:1054B000000000006465000064690000646C000086
:1054C00064656C6574652000647300002E2A00001A
:1054D000647400006476000064780000654F00008A
:1054E0005E3D0000656F00005E0000006571000019
:1054F0003D3D0000664C000066520000666C0000F6
:1055000066720000676500003E3D000067730000A2
:10551000677400005B5D00006C5300003C3C3D0084
:105520003C3D00006C6900006F70657261746F72C1
:10553000222220006C7300003C3C00006C740000D0
:105540003C0000006D4900002D3D00006D4C000046
:105550002A3D00006D6900002D0000006D6C000008
:105560006D6D00002D2D00006E6100006E65775B93
:105570005D0000006E650000213D00006E740000BB
:105580006E7700006E6577006F5200007C3D000072
:105590006F6F00007C7C00007C000000704C0000FD
:1055A0002B3D0000706C00002B000000706D0000AF
:1055B0002D3E2A002B2B0000707300007074000039
:1055C0002D3E00003F000000724D0000253D000010
:1055D000725300003E3E3D00726300007265696ECA
:1055E000746572707265745F6361737400000000AB
:1055F000726D000025000000727300003E3E000046
:105600007350000073697A656F662E2E2E000000BD
:10561000735A0000736300007374617469635F639D
:1056200061737400737300003C3D3E0073697A65DA
:105630006F662000737A0000747200007468726FE5
:1056400077000000747700007468726F77200000A4
:105650007369676E6564206368617200626F6F6C66
:1056600000000000626F6F6C65616E0063686172BC
:10567000000000006279746500000000646F7562CC
:105680006C6500006C6F6E6720646F75626C6500FE
:10569000666C6F61740000005F5F666C6F617431EF
:1056A00032380000756E7369676E656420636861E7
:1056B00072000000696E7400756E7369676E6564D0
:1056C00020696E7400000000756E7369676E656412
:1056D000000000006C6F6E6700000000756E73695B
:1056E000676E6564206C6F6E670000005F5F696EB7
:1056F0007431323800000000756E7369676E65643E
:10570000205F5F696E7431323800000073686F7219
:1057100074000000756E7369676E65642073686F4E
:1057200072740000766F696400000000776368613E
:10573000725F74006C6F6E67206C6F6E67000000A4
:10574000756E7369676E6564206C6F6E67206C6F31
:105750006E670000646563696D616C333200000040
:10576000646563696D616C3634000000646563696B
:105770006D616C313238000068616C6600000000B9
:1057800063686172385F74006368617231365F7498
:10579000000000006368617233325F740000000033
:1057A0004C435F434F4C4C41544500004C435F43D6
:1057B00054595045000000004C435F4D4F4E455436
:1057C000415259004C435F4E554D455249430000EC
:1057D0004C435F54494D45004C435F4D4553534145
:1057E00047455300643A5C73796E635C646F63751C
:1057F0006D656E74735C61726475696E6F5C6C6903
:10580000627261726965735C716E65746865726EEF
:1058100065745C7372635C6C7769705C74696D65E8
:105820006F7574732E6300007379735F74696D65AF
:105830006F75743A2074696D656F757420213D2011
:105840004E554C4C2C20706F6F6C204D454D505F69
:105850005359535F54494D454F5554206973206542
:105860006D7074790000000054696D656F75742067
:1058700074696D6520746F6F206C6F6E672C206D7E
:105880006178206973204C5749505F55494E543315
:10589000325F4D41582F34206D73656373000000F3
:1058A000646F6E27742063616C6C207463705F6139
:1058B000626F72742F7463705F6162616E646F6E89
:1058C00020666F72206C697374656E2D70636273ED
:1058D000000000007463705F6163636570745F6EE5
:1058E000756C6C3A20696E76616C696420706362D5
:1058F0000000000001020304050607070707070769
:10590000070000007463705F636C6F73655F73689A
:105910007574646F776E3A20696E76616C69642085
:10592000706362007063622D3E666C61677320264F
:105930002054465F5258434C4F53454400000000EA
:105940007463705F667265655F6C697374656E3AE7
:1059500020214C495354454E00000000643A5C73CA
:10596000796E635C646F63756D656E74735C617290
:105970006475696E6F5C6C69627261726965735C93
:10598000716E65746865726E65745C7372635C6C6D
:105990007769705C7463702E63000000706362202E
:1059A000213D204E554C4C007463705F63726561FD
:1059B00074655F7365676D656E743A20696E7661B4
:1059C0006C696420706362007463705F6372656108
:1059D00074655F7365676D656E743A20696E766194
:1059E0006C6964207062756600000000702D3E7462
:1059F0006F745F6C656E203E3D206F70746C656ED9
:105A0000000000007463705F6566665F73656E64B6
:105A10005F6D73735F6E657469663A20696E766157
:105A20006C6964206473745F697000007463705FF4
:105A3000656E71756575655F666C6167733A206E3A
:105A400065656420656974686572205443505F53CE
:105A5000594E206F72205443505F46494E20696E64
:105A600020666C616773202870726F6772616D6D5C
:105A700065722076696F6C617465732041504929A5
:105A8000000000007463705F656E71756575655F19
:105A9000666C6167733A20696E76616C6964207028
:105AA000636200007463705F656E71756575655F34
:105AB000666C6167733A20636865636B2074686124
:105AC0007420666972737420706275662063616EFB
:105AD00020686F6C64206F70746C656E000000004D
:105AE0007365672D3E746370686472206E6F7420F6
:105AF000616C69676E6564007463705F656E717573
:105B00006575655F666C6167733A20696E76616C76
:105B10006964207365676D656E74206C656E67746B
:105B2000680000007463705F656E71756575655F10
:105B3000666C6167733A20696E76616C6964207186
:105B400075657565206C656E67746800696E766151
:105B50006C696420736F636B657420737461746522
:105B600020666F72206572722063616C6C62616383
:105B70006B0000007463705F667265653A204C4983
:105B80005354454E000000007063622D3E736E64F6
:105B90005F71756575656C656E203E3D2070627540
:105BA000665F636C656E286E6578742D3E702900A3
:105BB0007463705F726563656976653A2076616CBF
:105BC0006964207175657565206C656E6774680021
:105BD0007463705F696E7075743A20696E76616C7B
:105BE0006964207062756600702D3E6E6578742061
:105BF000213D204E554C4C00702D3E6C656E203D75
:105C00003D203000702D3E746F745F6C656E203DDA
:105C10003D20702D3E6E6578742D3E746F745F6C00
:105C2000656E00007463705F696E7075743A206110
:105C30006374697665207063622D3E737461746568
:105C400020213D20434C4F53454400007463705F56
:105C5000696E7075743A206163746976652070634B
:105C6000622D3E737461746520213D2054494D4579
:105C70002D574149540000007463705F696E707560
:105C8000743A20616374697665207063622D3E7397
:105C90007461746520213D204C495354454E0000E9
:105CA0007463705F696E7075743A207063622D3E24
:105CB0006E65787420213D207063622028626566DD
:105CC0006F72652063616368652900007463705FAB
:105CD000696E7075743A207063622D3E6E657874DB
:105CE00020213D2070636220286166746572206304
:105CF00061636865290000007463705F696E707588
:105D0000743A2054494D452D5741495420706362DF
:105D10002D3E7374617465203D3D2054494D452DE1
:105D200057414954000000007463705F696E7075DC
:105D3000743A207063622D3E737461746520213D56
:105D400020434C4F534544007063622D3E736E6494
:105D50005F71756575656C656E203E2030000000D2
:105D60006E6F207365676D656E7420746F20667248
:105D7000656500007063622D3E6C697374656E65C5
:105D8000722D3E61636365707420213D204E554C39
:105D90004C0000007063622D3E7265667573656429
:105DA0005F64617461203D3D204E554C4C00000005
:105DB0007463705F696E7075745F64656C6179653A
:105DC000645F636C6F73653A20696E76616C6964B9
:105DD00020706362000000007463705F6B65657023
:105DE000616C6976653A20696E76616C69642070D1
:105DF000636200007463705F6E6578745F697373CB
:105E00003A20696E76616C696420706362000000FC
:105E1000643A5C73796E635C646F63756D656E7410
:105E2000735C61726475696E6F5C6C6962726172D9
:105E30006965735C716E65746865726E65745C73B8
:105E400072635C6C7769705C7463705F696E2E63FB
:105E5000000000007463705F6F6F735F696E73653D
:105E600072745F7365676D656E743A20696E7661F2
:105E70006C69642063736567000000007463705F81
:105E80006F75747075743A20696E76616C69642000
:105E900070636200646F6E27742063616C6C2074A1
:105EA00063705F6F757470757420666F72206C69B3
:105EB0007374656E2D70636273000000525354203A
:105EC0006E6F7420657870656374656420686572B0
:105ED000652100006F7074696F6E73206E6F74209F
:105EE00066696C6C656400007463705F6F757470D4
:105EF00075745F616C6C6F635F6865616465723A4D
:105F000020696E76616C6964207063620000000035
:105F1000636865636B20746861742066697273746A
:105F200020706275662063616E20686F6C642073F8
:105F30007472756374207463705F6864720000002B
:105F40007463705F6F75747075745F636F6E747275
:105F50006F6C5F7365676D656E743A20696E76610C
:105F60006C69642070627566000000007463705F85
:105F70006F75747075745F66696C6C5F6F7074694F
:105F80006F6E733A20696E76616C69642070627519
:105F9000660000007463705F70617273656F707487
:105FA0003A20696E76616C6964207063620000005B
:105FB000643A5C73796E635C646F63756D656E746F
:105FC000735C61726475696E6F5C6C696272617238
:105FD0006965735C716E65746865726E65745C7317
:105FE00072635C6C7769705C7463705F6F75742E3C
:105FF000630000007463705F706275665F70726545
:10600000616C6C6F633A20696E76616C69642070B4
:10601000636200006E65656420756E636861696E19
:1060200065642070627566003CB6002034B60020BE
:1060300030B6002044B600207463705F7063625F06
:1060400072656D6F76653A20696E76616C69642061
:10605000706362007463705F7063625F72656D6F1E
:1060600076653A20696E76616C6964207063626C53
:1060700069737400756E73656E74207365676D6502
:106080006E7473206C65616B696E6700756E616319
:106090006B6564207365676D656E7473206C6561F4
:1060A0006B696E67000000006F6F73657120736528
:1060B000676D656E7473206C65616B696E67000057
:1060C00003060C18306078007463705F7265636556
:1060D0006976653A20696E76616C696420706362E6
:1060E000000000007463705F726563656976653AED
:1060F0002077726F6E672073746174650000000012
:10610000696E7365672E7020213D204E554C4C0002
:10611000696E73616E65206F666673657421000039
:106120007062756620746F6F2073686F72742100DF
:106130007463705F726563656976653A207365673D
:106140006D656E74206E6F74207472696D6D656418
:1061500020636F72726563746C7920746F20726350
:10616000765F776E640000007463705F72656365CC
:106170006976653A207365676D656E74206E6F741D
:10618000207472696D6D656420636F7272656374EB
:106190006C7920746F206F6F7365712071756575F0
:1061A000650000007463705F726563656976653AC7
:1061B000207463706C656E203E207263765F776E2C
:1061C000640000007463705F726563656976653AA8
:1061D000206F6F736571207463706C656E203E2054
:1061E0007263765F776E6400696E76616C696420B5
:1061F000736F636B657420737461746520666F726E
:1062000020726563762063616C6C6261636B000071
:10621000646F6E27742063616C6C207463705F72AE
:10622000656376656420666F72206C697374656E51
:106230002D706362730000007463705F7265786D27
:1062400069743A20696E76616C69642070636200DB
:106250007463705F7265786D69745F666173743AB8
:1062600020696E76616C69642070636200000000D2
:106270007463705F7265786D69745F72746F3A20D1
:10628000696E76616C696420706362007463705F2C
:106290007265786D69745F72746F5F636F6D6D693D
:1062A000743A20696E76616C6964207063620000E4
:1062B0007463705F7265786D69745F72746F5F701C
:1062C0007265706172653A20696E76616C696420EE
:1062D000706362007463705F7273743A20696E76E3
:1062E000616C6964206C6F63616C5F6970000000B1
:1062F0007463705F7273743A20696E76616C69645E
:106300002072656D6F74655F697000007463705F03
:106310007365675F636F70793A20696E76616C6947
:1063200064207365670000007463705F73656E645A
:106330005F656D7074795F61636B3A20696E766139
:106340006C696420706362007463705F73656E646F
:106350005F66696E3A20696E76616C69642070636D
:10636000620000007463705F736C6F77746D723AD3
:1063700020616374697665207063622D3E73746179
:10638000746520213D20434C4F53454400000000DC
:106390007463705F736C6F77746D723A20616374AD
:1063A000697665207063622D3E7374617465202187
:1063B0003D204C495354454E000000007463705F0B
:1063C000736C6F77746D723A2061637469766520BF
:1063D0007063622D3E737461746520213D205449C1
:1063E0004D452D57414954007463705F736C6F774E
:1063F00074696D723A207065727369737420746980
:10640000636B696E67207769746820696E2D666CAE
:106410006967687420646174610000007463705F70
:10642000736C6F7774696D723A20706572736973FB
:1064300074207469636B696E67207769746820657E
:106440006D7074792073656E64206275666665721E
:10645000000000007463705F736C6F77746D723A44
:10646000206D6964646C652074637020213D207424
:1064700063705F6163746976655F70636273000067
:106480007463705F736C6F77746D723A20666972B3
:10649000737420706362203D3D207463705F61639C
:1064A000746976655F706362730000007463705F87
:1064B000736C6F77746D723A2054494D452D574176
:1064C0004954207063622D3E7374617465203D3DB4
:1064D0002054494D452D5741495400007463705F65
:1064E000736C6F77746D723A206D6964646C6520AB
:1064F00074637020213D207463705F74775F7063F4
:10650000627300007463705F736C6F77746D723ABE
:1065100020666972737420706362203D3D2074634D
:10652000705F74775F706362730000007463705F04
:1065300073706C69745F756E73656E745F73656795
:106540003A20696E76616C696420706362000000B5
:1065500043616E27742073706C6974207365676D76
:10656000656E7420696E746F206C656E6774682048
:106570003000000073706C6974203C3D206D7373B3
:10658000000000007463705F7570646174655F7211
:1065900063765F616E6E5F776E643A20696E7661D6
:1065A0006C696420706362006E65775F7263765F0A
:1065B000616E6E5F776E64203C3D20307866666663
:1065C000660000007463705F77726974653A2070CA
:1065D00062756673206F6E207175657565203D3E2E
:1065E000206174206C65617374206F6E6520717515
:1065F000657565206E6F6E2D656D70747900000095
:106600007463705F77726974653A206E6F20706290
:10661000756673206F6E207175657565203D3E202F
:10662000626F74682071756575657320656D70742F
:10663000790000006D73735F6C6F63616C20697328
:1066400020746F6F20736D616C6C0000696E636FF6
:106650006E73697374656E74206F76657273697A90
:10666000652076732E20737061636500696E636FB9
:106670006E73697374656E74206F76657273697A70
:10668000652076732E206C656E0000007463705F69
:1066900077726974653A20524F4D20706275667347
:1066A0002063616E6E6F74206265206F7665727311
:1066B000697A656400000000756E73656E745F6FC3
:1066C00076657273697A65206D69736D617463684C
:1066D00020287063622D3E756E73656E7420697339
:1066E000204E554C4C2900007463705F77726974BA
:1066F000653A20636865636B20746861742066691D
:1067000072737420706275662063616E20686F6CAE
:10671000642074686520636F6D706C6574652073A8
:1067200065676C656E0000006F76657273697A65E7
:10673000203D3D2030000000707265765F73656714
:1067400020213D204E554C4C000000007463705FCA
:1067500077726974653A2063616E6E6F7420636F3F
:106760006E636174656E617465207768656E207014
:1067700063622D3E756E73656E7420697320656D5E
:10678000707479007463705F77726974653A20651C
:106790007874656E73696F6E206F662072656665CA
:1067A00072656E63652072657175697265732072BA
:1067B00065666572656E6365000000007463705FF6
:1067C00077726974653A2076616C696420717565C9
:1067D0007565206C656E6774680000007463705F97
:1067E0007A65726F5F77696E646F775F70726F62E0
:1067F000653A20696E76616C69642070636200009E
:10680000643A5C73796E635C646F63756D656E7416
:10681000735C61726475696E6F5C6C6962726172DF
:106820006965735C716E65746865726E65745C73BE
:1068300072635C6C7769705C7564702E6300000035
:106840007564705F696E7075743A20696E76616CFC
:1068500069642070627566007564705F696E70753A
:10686000743A20696E76616C6964206E657469663D
:1068700000000000706275665F72656D6F76655F1F
:10688000686561646572206661696C65640000001A
:10689000636865636B2074686174206669727374E1
:1068A00020706275662063616E20686F6C6420736F
:1068B0007472756374207564705F686472000000A0
:1068C00000010000847C002012000000000600008F
:1068D000DC2900600A000000000200007829006046
:1068E0006200000000070000142900606200000040
:1068F000EE030000FC7C002012000000000004EE0B
:10690000D47C002028000000000300001029006053
:106910000000000001030904F828006000000000E6
:1069200002030904E02800600000000003030904DA
:10693000807D00200000000000000000000000003A
:1069400000000000E00000FB3030303030303030EC
:106950003030303030303030303030303030303037
:106960003030303030303030303030303030303027
:10697000303030303030303034040000000000005F
:1069800000000000D8A9002040AA0020A8AA0020EA
:1069900000000000000000000000000000000000F7
:1069A00000000000000000000000000000000000E7
:1069B00000000000000000000000000000000000D7
:1069C00000000000000000000000000000000000C7
:1069D00000000000000000000000000000000000B7
:1069E00000000000000000000000000000000000A7
:1069F0000000000000000000000000000000000097
:106A00000000000000000000000000000000000086
:106A10000000000000000000010000000000000075
:106A20000E33CDAB34126DE6ECDE05000B0000003A
:106A30000000000000000000000000000000000056
:106A40000000000000000000000000000000000046
:106A50000000000000000000000000000000000036
:106A60000000000000000000000000000000000026
:106A70000000000000000000000000000000000016
:106A80000000000000000000000000000000000006
:106A900000000000000000000000000000000000F6
:106AA0000029DE07007B9A17000403080200011E7C
:106AB0001F191A17160000000000F543FFFFFF0022
:106AC00000000000000000009426C0A8017E000025
:106AD00080817BFA0800000000000000000C00002C
:106AE00080817BFD0800000000000000000C000019
:106AF0005428002000000000E8030000000000000F
:106B00007C28002000000000E803000000000000D6
:106B100000801940C014002000000000F49C0020F8
:106B2000F49A002000000000000000004000000077
:106B30004000000040000000400000000000000095
:106B40000000000000000000000000000000000045
:106B50000000000000000000000000000000000035
:106B60007C28002000000000E80300000000000076
:106B7000000019403C75002000000000349D0020FA
:106B8000349B0020000000000000000028000000EE
:106B9000400000002800000040000000000000004D
:106BA00000000000000000000000000000000000E5
:106BB00000000000000000000000000000000000D5
:106BC0007C28002000000000E80300000000000016
:106BD000008018407C740020000000005C9D0020B4
:106BE000749B00200000000000000000280000004E
:106BF00040000000280000004000000000000000ED
:106C00000000000000000000000000000000000084
:106C10000000000000000000000000000000000074
:106C20007C28002000000000E803000000000000B5
:106C300000C01840DC74002000000000849D00208B
:106C4000B49B0020000000000000000028000000AD
:106C5000400000002800000040000000000000008C
:106C60000000000000000000000000000000000024
:106C70000000000000000000000000000000000014
:106C80007C28002000000000E80300000000000055
:106C900000001A405C76002000000000AC9D00203F
:106CA000F49B00200000000000000000280000000D
:106CB000400000002800000040000000000000002C
:106CC00000000000000000000000000000000000C4
:106CD00000000000000000000000000000000000B4
:106CE0007C28002000000000E803000000000000F5
:106CF000004018401C74002000000000D49D0020BB
:106D0000349C00200000000000000000280000006B
:106D100040000000280000004000000000000000CB
:106D20000000000000000000000000000000000063
:106D30000000000000000000000000000000000053
:106D40007C28002000000000E80300000000000094
:106D500000C01940FC75002000000000FC9D0020D0
:106D6000749C0020000000000000000028000000CB
:106D7000400000002800000040000000000000006B
:106D80000000000000000000000000000000000003
:106D900000000000000000000000000000000000F3
:106DA0007C28002000000000E80300000000000034
:106DB000004019409C75002000000000249E002027
:106DC000B49C00200000000000000000280000002B
:106DD000400000002800000040000000000000000B
:106DE00000000000000000000000000000000000A3
:106DF0000000000000000000000000000000000093
:106E0000000000010100000000000500000000007B
:106E100000000000280A0000093C00000000F041CA
:106E20000000803FAC28002000000000E8030000C4
:106E30000000000000003F409028006000000000BB
:106E40000000000000000000000000000000000042
:106E50000000000000000000000000000000000032
:106E60000000000000000000000000000000000022
:106E70000000000000000000000000000000000012
:106E80000000000000000000000000000000000002
:106E900000000000000000000000000000000000F2
:106EA00000000000000000000000000000000000E2
:106EB00000000000000000000000000000000000D2
:106EC00000000000000000000000000000000000C2
:106ED00000000000000000000000000000000000B2
:106EE00000000000000000000000000000000000A2
:106EF0000000000000000000000000000000000092
:106F00000000000000000000000000000000000081
:106F10000000000000000000000000000000000071
:106F20000000000000000000000000000000000061
:106F30000000000000000000000000000000000051
:106F40000000000000000000000000000000000041
:106F50000000000000000000000000000000000031
:106F600000000000AC28002000000000E803000042
:106F70000000000000803F4040280060000000004A
:106F80000000000000000000000000000000000001
:106F900000000000000000000000000000000000F1
:106FA00000000000000000000000000000000000E1
:106FB00000000000000000000000000000000000D1
:106FC00000000000000000000000000000000000C1
:106FD00000000000000000000000000000000000B1
:106FE00000000000000000000000000000000000A1
:106FF0000000000000000000000000000000000091
:107000000000000000000000000000000000000080
:107010000000000000000000000000000000000070
:107020000000000000000000000000000000000060
:107030000000000000000000000000000000000050
:107040000000000000000000000000000000000040
:107050000000000000000000000000000000000030
:107060000000000000000000000000000000000020
:107070000000000000000000000000000000000010
:107080000000000000000000000000000000000000
:1070900000000000000000000000000000000000F0
:1070A00000000000AC28002000000000E803000001
:1070B0000000000000C03F40F0270060000000001A
:1070C00000000000000000000000000000000000C0
:1070D00000000000000000000000000000000000B0
:1070E00000000000000000000000000000000000A0
:1070F0000000000000000000000000000000000090
:10710000000000000000000000000000000000007F
:10711000000000000000000000000000000000006F
:10712000000000000000000000000000000000005F
:10713000000000000000000000000000000000004F
:10714000000000000000000000000000000000003F
:10715000000000000000000000000000000000002F
:10716000000000000000000000000000000000001F
:10717000000000000000000000000000000000000F
:1071800000000000000000000000000000000000FF
:1071900000000000000000000000000000000000EF
:1071A00000000000000000000000000000000000DF
:1071B00000000000000000000000000000000000CF
:1071C00000000000000000000000000000000000BF
:1071D00000000000000000000000000000000000AF
:1071E000000000000000000080000000808100E638
:1071F000080000000000000000CC000005140000A2
:1072000011900100000000007CC00F40000000034E
:107210001900000002000000000000000000000053
:10722000FF000000FF000000000000000000000060
:107230001800000002000000000000000000000034
:10724000FF000000FF000000000000000000000040
:10725000FF00400026001800770000000215000023
:10726000ED8F01000000000068C00F4000000030FA
:107270000F000000020000002C851F4001000000EC
:10728000FF000000FF000000000000000000000000
:107290000E0000000200000030851F4001000000C9
:1072A000FF000000FF0000000000000000000000E0
:1072B00013024000260018007800000003160000AA
:1072C000F98F01000000000068C00F40003000008E
:1072D000100000000200000038851F400000000080
:1072E000FF000000FF0000000000000000000000A0
:1072F00011000000020000003C851F40000000005B
:10730000FF000000FF00000000000000000000007F
:10731000FF0040002600180079000000011700005F
:10732000E18F0100000000006CC00F40000000036E
:10733000070000000200000040851F40020000001E
:10734000FF000000FF00000000000000000000003F
:10735000080000000200000044851F4002000000F9
:10736000FF000000FF00000000000000000000001F
:10737000FF004000260018007A00000007180000F7
:10738000299001000000000074C00F400C000000B4
:10739000220000000100000048851F40010000009D
:1073A000300000000200000048851F40000000007F
:1073B00023000000010000004C851F400100000078
:1073C000FF000000FF0000000000000000000000BF
:1073D00032024000260018007B000000061A000060
:1073E0001D900100000000007CC00F400000000C58
:1073F0001C0000000200000058851F400100000032
:10740000FF000000FF00000000000000000000007E
:107410001D000000020000005C851F40010000000C
:10742000FF000000FF00000000000000000000005E
:10743000FF004000260018007D000000041B000033
:10744000059001000000000080C00F4000C0000057
:10745000150000000200000060851F4001000000D0
:107460002E0000000200000060851F4000000000A8
:10747000140000000200000064851F4001000000AD
:107480002F0000000200000064851F400000000083
:107490002B024000260018007E00000095AE01007F
:1074A000B1AB0100FFFFFFFF4828002000000000F3
:1074B00000000000000000000000000000000000CC
:1074C000000000000000000098A90020C0D9202082
:1074D0000000000043000000000000000000000069
:1074E000000000000000000000000000000000009C
:1074F0000000000043000000000000000000000049
:10750000000000000000000000000000000000007B
:107510000000000043000000000000000000000028
:10752000000000000000000000000000000000005B
:107530000000000043000000000000000000000008
:10754000000000000000000000000000000000003B
:1075500000000000430000000000000000000000E8
:10756000000000000000000000000000000000001B
:1075700000000000430000000000000000000000C8
:1075800000000000000000000000000000000000FB
:1075900000000000430000000000000000000000A8
:1075A00000000000000000000000000000000000DB
:1075B00000000000A56F0200056502000000000049
:1075C000A0300020EC0D0020380C0020380C0020EA
:1075D000380C0020380C0020380C0020380C00201B
:1075E000380C0020380C0020380C0020FFFFFFFF73
:1075F000FFFFFFFFFFFFFFFFFFFF00000100415300
:1076000043494900000000000000000000000000A5
:1076100000000000000000000000000000004153D6
:107620004349490000000000000000000000000085
:10763000000000000000000000000000000000004A
:10764000000000000000000060780020607800204A
:10765000687800206878002070780020707800201A
:1076600078780020787800208078002080780020CA
:10767000887800208878002090780020907800207A
:107680009878002098780020A0780020A07800202A
:10769000A8780020A8780020B0780020B0780020DA
:1076A000B8780020B8780020C0780020C07800208A
:1076B000C8780020C8780020D0780020D07800203A
:1076C000D8780020D8780020E0780020E0780020EA
:1076D000E8780020E8780020F0780020F07800209A
:1076E000F8780020F8780020007900200079002048
:1076F00008790020087900201079002010790020F6
:1077000018790020187900202079002020790020A5
:107710002879002028790020307900203079002055
:107720003879002038790020407900204079002005
:1077300048790020487900205079002050790020B5
:107740005879002058790020607900206079002065
:107750006879002068790020707900207079002015
:1077600078790020787900208079002080790020C5
:107770008879002088790020907900209079002075
:107780009879002098790020A0790020A079002025
:10779000A8790020A8790020B0790020B0790020D5
:1077A000B8790020B8790020C0790020C079002085
:1077B000C8790020C8790020D0790020D079002035
:1077C000D8790020D8790020E0790020E0790020E5
:1077D000E8790020E8790020F0790020F079002095
:1077E000F8790020F8790020007A0020007A002043
:1077F000087A0020087A0020107A0020107A0020F1
:10780000187A0020187A0020207A0020207A0020A0
:10781000287A0020287A0020307A0020307A002050
:10782000387A0020387A0020407A0020407A002000
:10783000487A0020487A0020507A0020507A0020B0
:10784000587A0020587A0020607A0020607A002060
:10785000687A0020687A0020707A0020707A002010
:10786000787A0020787A0020807A0020807A0020C0
:10787000887A0020887A0020907A0020907A002070
:10788000987A0020987A0020A07A0020A07A002020
:10789000A87A0020A87A0020B07A0020B07A0020D0
:1078A000B87A0020B87A0020C07A0020C07A002080
:1078B000C87A0020C87A0020D07A0020D07A002030
:1078C000D87A0020D87A0020E07A0020E07A0020E0
:1078D000E87A0020E87A0020F07A0020F07A002090
:1078E000F87A0020F87A0020007B0020007B00203E
:1078F000087B0020087B0020107B0020107B0020EC
:10790000187B0020187B0020207B0020207B00209B
:10791000287B0020287B0020307B0020307B00204B
:10792000387B0020387B0020407B0020407B0020FB
:10793000487B0020487B0020507B0020507B0020AB
:10794000587B0020587B0020607B0020607B00205B
:10795000687B0020687B0020707B0020707B00200B
:10796000787B0020787B0020807B0020807B0020BB
:10797000887B0020887B0020907B0020907B00206B
:10798000987B0020987B0020A07B0020A07B00201B
:10799000A87B0020A87B0020B07B0020B07B0020CB
:1079A000B87B0020B87B0020C07B0020C07B00207B
:1079B000C87B0020C87B0020D07B0020D07B00202B
:1079C000D87B0020D87B0020E07B0020E07B0020DB
:1079D000E87B0020E87B0020F07B0020F07B00208B
:1079E000F87B0020F87B0020007C0020007C002039
:1079F000087C0020087C0020107C0020107C0020E7
:107A0000187C0020187C0020207C0020207C002096
:107A1000287C0020287C0020307C0020307C002046
:107A2000387C0020387C0020407C0020407C0020F6
:107A3000487C0020487C0020507C0020507C0020A6
:107A4000587C0020587C0020FFFFFFFF0000020050
:107A50000000000003000000D8A90020A06B002057
:107A60009454002012010002EF020140C01683046A
:107A7000800201020301000080817E7E050000007B
:107A80000000470080817979050000000000470070
:107A90006C9E0020000000000000000000000000BC
:107AA00000000000FFFFFFFF0000000000000000DA
:107AB0000000000028000000000104000100000098
:107AC00000000000020157494E55534200000000DB
:107AD00000000000000000000000000012034D0044
:107AE000530046005400310030003000F800000020
:107AF00001005E0000000000000000000000000027
:107B00000000000000000000000000000000000075
:107B10000000000000000000000000000000000065
:107B20000000000000000000000000000000000055
:107B3000000000000000656E000000000000000072
:107B400000000000C082002080830020280014195B
:107B500064000000000020410100003C00050F000F
:107B60000C03000000000000000000000000000006
:107B70000000000000004800FF0000C000C001FF3E
:107B800001080100000000000000000000000000EB
:107B900000000000000000000000000000000000E5
:107BA00000000000000000000000000000000000D5
:107BB00000000000000000000000000000000000C5
:107BC00000000000000000000000000000000000B5
:107BD00000000000000000000000000000000000A5
:107BE0000000000000000000000000000000000095
:107BF0000000000000000000000000000000000085
:107C00000000000000000000000000000000000074
:107C10000000000000000000000000000000000064
:107C20000000000000000000000000000000000054
:107C30000000000000000000000000000000000044
:107C40000000000000000000000000000000000034
:107C50000000000000000000000000000000000024
:107C60000000000000000000000000000000000014
:107C70000000000000000000000000000000000004
:107C800000000000000000000000000000000000F4
:107C900000000000000000000000000000000000E4
:107CA00000000000000000000000000000000000D4
:107CB00000000000000000000000000000000000C4
:107CC00000000000000000000000000000000000B4
:107CD00000000000000000000000000000000000A4
:107CE0000000000000000000000000000000000094
:107CF0000000000000000000000000000000000084
:107D00000000000000000000000000000000000073
:107D10000000000000000000000000000000000063
:107D20000000000000000000000000000000000053
:107D30000000000000000000000000000000000043
:107D40000000000000000000000000000000000033
:107D50000000000000000000000000000000000023
:107D60000000000000000000000000000000000013
:107D70000000000000000000000000000000000003
:107D800000000000000000000000000000000000F3
:107D900000000000000000000000000000000000E3
:107DA00000000000000000000000000000000000D3
:107DB00000000000000000000000000000000000C3
:107DC00000000000000000000000000000000000B3
:107DD00000000000000000000000000000000000A3
:107DE0000000000000000000000000000000000093
:107DF0000000000000000000000000000000000083
:107E00000000000000000000000000000000000072
:107E10000000000000000000000000000000000062
:107E20000000000000000000000000000000000052
:107E30000000000000000000000000000000000042
:107E40000000000000000000000000000000000032
:107E50000000000000000000000000000000000022
:107E60000000000000000000000000000000000012
:107E70000000000000000000000000000000000002
:107E800000000000000000000000000000000000F2
:107E900000000000000000000000000000000000E2
:107EA00000000000000000000000000000000000D2
:107EB00000000000000000000000000000000000C2
:107EC00000000000000000000000000000000000B2
:107ED00000000000000000000000000000000000A2
:107EE0000000000000000000000000000000000092
:107EF0000000000000000000000000000000000082
:107F00000000000000000000000000000000000071
:107F10000000000000000000000000000000000061
:107F20000000000000000000000000000000000051
:107F30000000000000000000000000000000000041
:107F40000000000000000000000000000000000031
:107F50000000000000000000000000000000000021
:107F60000000000000000000000000000000000011
:107F70000000000000000000000000000000000001
:107F800000000000000000000000000000000000F1
:107F900000000000000000000000000000000000E1
:107FA00000000000000000000000000000000000D1
:107FB00000000000000000000000000000000000C1
:107FC00000000000000000000000000000000000B1
:107FD00000000000000000000000000000000000A1
:107FE0000000000000000000000000000000000091
:107FF0000000000000000000000000000000000081
:108000000000000000000000000000000000000070
:108010000000000000000000000000000000000060
:108020000000000000000000000000000000000050
:108030000000000000000000000000000000000040
:108040000000000000000000000000000000000030
:108050000000000000000000000000000000000020
:108060000000000000000000000000000000000010
:108070000000000000000000000000000000000000
:1080800000000000000000000000000000000000F0
:1080900000000000000000000000000000000000E0
:1080A000FFFFFFFFFFFFFFFFFFFFFFFFFFFFFFFFE0
:1080B000FFFFFFFFFFFFFFFFFFFFFFFFFFFFFFFFD0
:1080C000FFFFFFFFFFFFFFFFFFFFFFFFFFFFFFFFC0
:1080D000FFFFFFFFFFFFFFFFFFFFFFFFFFFFFFFFB0
:1080E000FFFFFFFFFFFFFFFFFFFFFFFFFFFFFFFFA0
:1080F000FFFFFFFFFFFFFFFFFFFFFFFFFFFFFFFF90
:10810000FFFFFFFFFFFFFFFFFFFFFFFFFFFFFFFF7F
:10811000FFFFFFFFFFFFFFFFFFFFFFFFFFFFFFFF6F
:10812000FFFFFFFFFFFFFFFFFFFFFFFFFFFFFFFF5F
:10813000FFFFFFFFFFFFFFFFFFFFFFFFFFFFFFFF4F
:10814000FFFFFFFFFFFFFFFFFFFFFFFFFFFFFFFF3F
:10815000FFFFFFFFFFFFFFFFFFFFFFFFFFFFFFFF2F
:10816000FFFFFFFFFFFFFFFFFFFFFFFFFFFFFFFF1F
:10817000FFFFFFFFFFFFFFFFFFFFFFFFFFFFFFFF0F
:10818000FFFFFFFFFFFFFFFFFFFFFFFFFFFFFFFFFF
:10819000FFFFFFFFFFFFFFFFFFFFFFFFFFFFFFFFEF
:1081A000FFFFFFFFFFFFFFFFFFFFFFFFFFFFFFFFDF
:1081B000FFFFFFFFFFFFFFFFFFFFFFFFFFFFFFFFCF
:1081C000FFFFFFFFFFFFFFFFFFFFFFFFFFFFFFFFBF
:1081D000FFFFFFFFFFFFFFFFFFFFFFFFFFFFFFFFAF
:1081E000FFFFFFFFFFFFFFFFFFFFFFFFFFFFFFFF9F
:1081F000FFFFFFFFFFFFFFFFFFFFFFFFFFFFFFFF8F
:10820000FFFFFFFFFFFFFFFFFFFFFFFFFFFFFFFF7E
:10821000FFFFFFFFFFFFFFFFFFFFFFFFFFFFFFFF6E
:10822000FFFFFFFFFFFFFFFFFFFFFFFFFFFFFFFF5E
:10823000FFFFFFFFFFFFFFFFFFFFFFFFFFFFFFFF4E
:10824000FFFFFFFFFFFFFFFFFFFFFFFFFFFFFFFF3E
:10825000FFFFFFFFFFFFFFFFFFFFFFFFFFFFFFFF2E
:10826000FFFFFFFFFFFFFFFFFFFFFFFFFFFFFFFF1E
:10827000FFFFFFFFFFFFFFFFFFFFFFFFFFFFFFFF0E
:10828000FFFFFFFFFFFFFFFFFFFFFFFFFFFFFFFFFE
:10829000FFFFFFFFFFFFFFFFFFFFFFFFFFFFFFFFEE
:1082A000FFFFFFFFFFFFFFFFFFFFFFFFFFFFFFFFDE
:1082B000FFFFFFFFFFFFFFFFFFFFFFFFFFFFFFFFCE
:1082C000FFFFFFFFFFFFFFFFFFFFFFFFFFFFFFFFBE
:1082D000FFFFFFFFFFFFFFFFFFFFFFFFFFFFFFFFAE
:1082E000FFFFFFFFFFFFFFFFFFFFFFFFFFFFFFFF9E
:1082F000FFFFFFFFFFFFFFFFFFFFFFFFFFFFFFFF8E
:10830000FFFFFFFFFFFFFFFFFFFFFFFFFFFFFFFF7D
:10831000FFFFFFFFFFFFFFFFFFFFFFFFFFFFFFFF6D
:10832000FFFFFFFFFFFFFFFFFFFFFFFFFFFFFFFF5D
:10833000FFFFFFFFFFFFFFFFFFFFFFFFFFFFFFFF4D
:10834000FFFFFFFFFFFFFFFFFFFFFFFFFFFFFFFF3D
:10835000FFFFFFFFFFFFFFFFFFFFFFFFFFFFFFFF2D
:10836000FFFFFFFFFFFFFFFFFFFFFFFFFFFFFFFF1D
:10837000FFFFFFFFFFFFFFFFFFFFFFFFFFFFFFFF0D
:10838000FFFFFFFFFFFFFFFFFFFFFFFFFFFFFFFFFD
:10839000FFFFFFFFFFFFFFFFFFFFFFFFFFFFFFFFED
:1083A000FFFFFFFFFFFFFFFFFFFFFFFFFFFFFFFFDD
:1083B000FFFFFFFFFFFFFFFFFFFFFFFFFFFFFFFFCD
:1083C000FFFFFFFFFFFFFFFFFFFFFFFFFFFFFFFFBD
:1083D000FFFFFFFFFFFFFFFFFFFFFFFFFFFFFFFFAD
:1083E000FFFFFFFFFFFFFFFFFFFFFFFFFFFFFFFF9D
:1083F000FFFFFFFFFFFFFFFFFFFFFFFFFFFFFFFF8D
:10840000000000000000000000000000000000006C
:10841000000000000000000000000000000000005C
:10842000000000000000000000000000000000004C
:10843000000000000000000000000000000000003C
:10844000000000000000000000000000000000002C
:10845000000000000000000000000000000000001C
:10846000000000000000000000000000000000000C
:1084700000000000000000000000000000000000FC
:1084800000000000000000000000000000000000EC
:1084900000000000000000000000000000000000DC
:1084A00000000000000000000000000000000000CC
:1084B00000000000000000000000000000000000BC
:1084C00000000000000000000000000000000000AC
:1084D000000000000000000000000000000000009C
:1084E000000000000000000000000000000000008C
:1084F000000000000000000000000000000000007C
:10850000000000000000000000000000000000006B
:10851000000000000000000000000000000000005B
:10852000000000000000000000000000000000004B
:10853000000000000000000000000000000000003B
:10854000000000000000000000000000000000002B
:10855000000000000000000000000000000000001B
:10856000000000000000000000000000000000000B
:1085700000000000000000000000000000000000FB
:1085800000000000000000000000000000000000EB
:1085900000000000000000000000000000000000DB
:1085A00000000000000000000000000000000000CB
:1085B00000000000000000000000000000000000BB
:1085C00000000000000000000000000000000000AB
:1085D000000000000000000000000000000000009B
:1085E000000000000000000000000000000000008B
:1085F000000000000000000000000000000000007B
:10860000000000000000000000000000000000006A
:10861000000000000000000000000000000000005A
:10862000000000000000000000000000000000004A
:10863000000000000000000000000000000000003A
:10864000000000000000000000000000000000002A
:10865000000000000000000000000000000000001A
:10866000000000000000000000000000000000000A
:1086700000000000000000000000000000000000FA
:1086800000000000000000000000000000000000EA
:1086900000000000000000000000000000000000DA
:1086A00000000000000000000000000000000000CA
:1086B00000000000000000000000000000000000BA
:1086C00000000000000000000000000000000000AA
:1086D000000000000000000000000000000000009A
:1086E000000000000000000000000000000000008A
:1086F000000000000000000000000000000000007A
:108700000000000000000000000000000000000069
:108710000000000000000000000000000000000059
:108720000000000000000000000000000000000049
:108730000000000000000000000000000000000039
:108740000000000000000000000000000000000029
:108750000000000000000000000000000000000019
:108760000000000000000000000000000000000009
:1087700000000000000000000000000000000000F9
:1087800000000000000000000000000000000000E9
:1087900000000000000000000000000000000000D9
:1087A00000000000000000000000000000000000C9
:1087B00000000000000000000000000000000000B9
:1087C00000000000000000000000000000000000A9
:1087D0000000000000000000000000000000000099
:1087E0000000000000000000000000000000000089
:1087F0000000000000000000000000000000000079
:108800000000000000000000000000000000000068
:108810000000000000000000000000000000000058
:108820000000000000000000000000000000000048
:108830000000000000000000000000000000000038
:108840000000000000000000000000000000000028
:108850000000000000000000000000000000000018
:108860000000000000000000000000000000000008
:1088700000000000000000000000000000000000F8
:1088800000000000000000000000000000000000E8
:1088900000000000000000000000000000000000D8
:1088A00000000000000000000000000000000000C8
:1088B00000000000000000000000000000000000B8
:1088C00000000000000000000000000000000000A8
:1088D0000000000000000000000000000000000098
:1088E0000000000000000000000000000000000088
:1088F0000000000000000000000000000000000078
:108900000000000000000000000000000000000067
:108910000000000000000000000000000000000057
:108920000000000000000000000000000000000047
:108930000000000000000000000000000000000037
:108940000000000000000000000000000000000027
:108950000000000000000000000000000000000017
:108960000000000000000000000000000000000007
:1089700000000000000000000000000000000000F7
:1089800000000000000000000000000000000000E7
:1089900000000000000000000000000000000000D7
:1089A00000000000000000000000000000000000C7
:1089B00000000000000000000000000000000000B7
:1089C00000000000000000000000000000000000A7
:1089D0000000000000000000000000000000000097
:1089E0000000000000000000000000000000000087
:1089F0000000000000000000000000000000000077
:108A00000000000000000000000000000000000066
:108A10000000000000000000000000000000000056
:108A20000000000000000000000000000000000046
:108A30000000000000000000000000000000000036
:108A40000000000000000000000000000000000026
:108A50000000000000000000000000000000000016
:108A60000000000000000000000000000000000006
:108A700000000000000000000000000000000000F6
:108A800000000000000000000000000000000000E6
:108A900000000000000000000000000000000000D6
:108AA00000000000000000000000000000000000C6
:108AB00000000000000000000000000000000000B6
:108AC00000000000000000000000000000000000A6
:108AD0000000000000000000000000000000000096
:108AE0000000000000000000000000000000000086
:108AF0000000000000000000000000000000000076
:108B00000000000000000000000000000000000065
:108B10000000000000000000000000000000000055
:108B20000000000000000000000000000000000045
:108B30000000000000000000000000000000000035
:108B40000000000000000000000000000000000025
:108B50000000000000000000000000000000000015
:108B60000000000000000000000000000000000005
:108B700000000000000000000000000000000000F5
:108B800000000000000000000000000000000000E5
:108B900000000000000000000000000000000000D5
:108BA00000000000000000000000000000000000C5
:108BB00000000000000000000000000000000000B5
:108BC00000000000000000000000000000000000A5
:108BD0000000000000000000000000000000000095
:108BE0000000000000000000000000000000000085
:108BF0000000000000000000000000000000000075
:108C00000000000000000000000000000000000064
:108C10000000000000000000000000000000000054
:108C20000000000000000000000000000000000044
:108C30000000000000000000000000000000000034
:108C40000000000000000000000000000000000024
:108C50000000000000000000000000000000000014
:108C60000000000000000000000000000000000004
:108C700000000000000000000000000000000000F4
:108C800000000000000000000000000000000000E4
:108C900000000000000000000000000000000000D4
:108CA00000000000000000000000000000000000C4
:108CB00000000000000000000000000000000000B4
:108CC00000000000000000000000000000000000A4
:108CD0000000000000000000000000000000000094
:108CE0000000000000000000000000000000000084
:108CF0000000000000000000000000000000000074
:108D00000000000000000000000000000000000063
:108D10000000000000000000000000000000000053
:108D20000000000000000000000000000000000043
:108D30000000000000000000000000000000000033
:108D40000000000000000000000000000000000023
:108D50000000000000000000000000000000000013
:108D60000000000000000000000000000000000003
:108D700000000000000000000000000000000000F3
:108D800000000000000000000000000000000000E3
:108D900000000000000000000000000000000000D3
:108DA00000000000000000000000000000000000C3
:108DB00000000000000000000000000000000000B3
:108DC00000000000000000000000000000000000A3
:108DD0000000000000000000000000000000000093
:108DE0000000000000000000000000000000000083
:108DF0000000000000000000000000000000000073
:108E00000000000000000000000000000000000062
:108E10000000000000000000000000000000000052
:108E20000000000000000000000000000000000042
:108E30000000000000000000000000000000000032
:108E40000000000000000000000000000000000022
:108E50000000000000000000000000000000000012
:108E60000000000000000000000000000000000002
:108E700000000000000000000000000000000000F2
:108E800000000000000000000000000000000000E2
:108E900000000000000000000000000000000000D2
:108EA00000000000000000000000000000000000C2
:108EB00000000000000000000000000000000000B2
:108EC00000000000000000000000000000000000A2
:108ED0000000000000000000000000000000000092
:108EE0000000000000000000000000000000000082
:108EF0000000000000000000000000000000000072
:108F00000000000000000000000000000000000061
:108F10000000000000000000000000000000000051
:108F20000000000000000000000000000000000041
:108F30000000000000000000000000000000000031
:108F40000000000000000000000000000000000021
:108F50000000000000000000000000000000000011
:108F60000000000000000000000000000000000001
:108F700000000000000000000000000000000000F1
:108F800000000000000000000000000000000000E1
:108F900000000000000000000000000000000000D1
:108FA00000000000000000000000000000000000C1
:108FB00000000000000000000000000000000000B1
:108FC00000000000000000000000000000000000A1
:108FD0000000000000000000000000000000000091
:108FE0000000000000000000000000000000000081
:108FF0000000000000000000000000000000000071
:040000056000100087
:00000001FF
